[{"objectId":31301,"ipfsHash":"QmbP1udzR2ufXnDvZwg34MDkifw4Daf1H41hrWvwdqJQMM","swaps":[],"token_id":31301,"total_amount":"1","owners":{"tz1g2UV1FSeSAdsrZ2kwH4yv6SnXzctjo342":"1"},"token_info":{"name":"This Time Is Your Time #016","description":"9.12 am on August 14th 1556","tags":["Black&White","Poetry","Time"],"symbol":"OBJKT","artifactUri":"ipfs://QmWGTEwESGKrLVZQvT8t1QpVNGKNMKhNhHatAGdPCzKACB","displayUri":"","thumbnailUri":"ipfs://QmNrhZHUaEqxhyLfqoq1mtHSipkWHeT31LNHb1QEbDHgnc","creators":["tz1g2UV1FSeSAdsrZ2kwH4yv6SnXzctjo342"],"formats":[{"uri":"ipfs://QmWGTEwESGKrLVZQvT8t1QpVNGKNMKhNhHatAGdPCzKACB","mimeType":"image/jpeg"}],"decimals":0,"isBooleanAmount":false,"shouldPreferSymbol":false}},{"objectId":31302,"ipfsHash":"QmTnqfabamtVgmaB694HbmGDPehucPMakSvo8my32nN2Ap","swaps":[],"token_id":31302,"total_amount":"14","owners":{"tz1ViuYvWBEYPbZ9F5Tbkvamju1DK5AUy7X6":"14"},"token_info":{"name":"0025 Joe's World","description":"Digital Painting - JoeDeaFineArt.com","tags":["joedeafineart","digitalpainting","gravitysketch","losangelesart",""],"symbol":"OBJKT","artifactUri":"ipfs://QmYxcnjpmXKUhNJe5kpxwGcg4NF1eQFCZdVLMMRYyKwm1t","displayUri":"","thumbnailUri":"ipfs://QmNrhZHUaEqxhyLfqoq1mtHSipkWHeT31LNHb1QEbDHgnc","creators":["tz1ViuYvWBEYPbZ9F5Tbkvamju1DK5AUy7X6"],"formats":[{"uri":"ipfs://QmYxcnjpmXKUhNJe5kpxwGcg4NF1eQFCZdVLMMRYyKwm1t","mimeType":"image/jpeg"}],"decimals":0,"isBooleanAmount":false,"shouldPreferSymbol":false}},{"objectId":31303,"ipfsHash":"QmYEGhkhdWPJXE9n5WE8VDAcwXYAeSmw9UaVoyk3nkeLB2","swaps":[{"swap_id":"42877","issuer":"tz2TjNbYAhXWC2nzRJxqoAeqmwhh8r1dRFzv","objkt_amount":"9","xtz_per_objkt":"1000000"}],"token_id":31303,"total_amount":10,"owners":{"KT1Hkg5qeNhfwpKW4fXvq7HGZB9z2EnmCCA9":"9","tz2TjNbYAhXWC2nzRJxqoAeqmwhh8r1dRFzv":"1"},"token_info":{"name":"More!","description":"just a meme","tags":["meme"],"symbol":"OBJKT","artifactUri":"ipfs://QmYcmGRd8UegEi2kmBAVNZgprXqyW2Ha6xSV2DCMwkJN4n","displayUri":"","thumbnailUri":"ipfs://QmNrhZHUaEqxhyLfqoq1mtHSipkWHeT31LNHb1QEbDHgnc","creators":["tz2TjNbYAhXWC2nzRJxqoAeqmwhh8r1dRFzv"],"formats":[{"uri":"ipfs://QmYcmGRd8UegEi2kmBAVNZgprXqyW2Ha6xSV2DCMwkJN4n","mimeType":"image/jpeg"}],"decimals":0,"isBooleanAmount":false,"shouldPreferSymbol":false}},{"objectId":31304,"ipfsHash":"QmaqTVw2jB32mNYfM1tAPE35QwD9nkAUotwKJ6GvP3V81N","swaps":[{"swap_id":"42880","issuer":"tz1Ym9Ued9v2N2wwsrtQ52HRGGn7qDmzuUZU","objkt_amount":"83","xtz_per_objkt":"0"}],"token_id":31304,"total_amount":100,"owners":{"KT1Hkg5qeNhfwpKW4fXvq7HGZB9z2EnmCCA9":"83","tz1LLSwj6gGNX1eFHAvnt4tkC8WQryeRBpPW":"1","tz1LaN1QJGrmPcuAfLvncTLJ3iRzphHpjugu":"1","tz1MjW1qSqcsEC4kbZD2NtghhtXPF7hE5YPy":"1","tz1NehtmJZ1GB185jwxUmu5AHzzXqLT5qThH":"3","tz1R3K79uM1F7VBFPZNEKwQhTjrAjr1buF3p":"1","tz1SsjTewAy6mKfUDfbBaVA4EGsWGGK9WA67":"1","tz1TohVfeTxRRehcRCMTdkuHJVqTbzjMWnvm":"1","tz1WAoPTMuXwCZ4eeVXUc6Tx4gdwHUYgSnMX":"1","tz1Woa7TcGnZhstJSc24GgL8TYY22ncgeoXv":"1","tz1ZcHd6xtwHNGLJEe7MLZcNWFHwyA1oQbNU":"1","tz1aVgxdSRcHZZK9BSmEPHjMA6eM7dsiboN5":"1","tz1bxe2Tp3EqWZqZX5Kvmg9MxTmX8LBiUchk":"1","tz1fUZ5pMP1gUjuJsp5V631cXmA87Kxm3cuZ":"1","tz1gpkbnh6681Pef2tV9Q5E7g6G3fMHzJKjY":"1","tz1iv8AwmxJahsZzaepxDoJaxTLXRb6kTQdt":"1"},"token_info":{"name":"clown boy","description":"he's just a sad clown boy, please help him become happy","tags":["clownboy","sad","clown","boy"],"symbol":"OBJKT","artifactUri":"ipfs://Qmd2EPxcRnv6PRtSq8L9fsTq5q2raEa9mXEXKEVthtH6Pp","displayUri":"","thumbnailUri":"ipfs://QmNrhZHUaEqxhyLfqoq1mtHSipkWHeT31LNHb1QEbDHgnc","creators":["tz1Ym9Ued9v2N2wwsrtQ52HRGGn7qDmzuUZU"],"formats":[{"uri":"ipfs://Qmd2EPxcRnv6PRtSq8L9fsTq5q2raEa9mXEXKEVthtH6Pp","mimeType":"image/png"}],"decimals":0,"isBooleanAmount":false,"shouldPreferSymbol":false}},{"objectId":31305,"ipfsHash":"QmNqqzGWEjAbS6iXMyFyEesqoEyZE39M7yF6epaqbhVNUY","swaps":[],"token_id":31305,"total_amount":"1","owners":{"tz1g2UV1FSeSAdsrZ2kwH4yv6SnXzctjo342":"1"},"token_info":{"name":"This Time Is Your Time #017","description":"2.10am on June 7th 1796","tags":["Black&White","Poetry","Time"],"symbol":"OBJKT","artifactUri":"ipfs://QmVaYt75N26e25yqEf5NrVUKZvoJbCoK84V8dmv1qcktQp","displayUri":"","thumbnailUri":"ipfs://QmNrhZHUaEqxhyLfqoq1mtHSipkWHeT31LNHb1QEbDHgnc","creators":["tz1g2UV1FSeSAdsrZ2kwH4yv6SnXzctjo342"],"formats":[{"uri":"ipfs://QmVaYt75N26e25yqEf5NrVUKZvoJbCoK84V8dmv1qcktQp","mimeType":"image/jpeg"}],"decimals":0,"isBooleanAmount":false,"shouldPreferSymbol":false}},{"objectId":31306,"ipfsHash":"Qmd42a7njJS5KaySFgaqRdgHvs4Jjpih2dNkyZ42aUWMLu","swaps":[],"token_id":31306,"total_amount":2,"owners":{"tz1MkNbJTzf6uADvfSJKJvArvRoVvjk3tZz4":"1","tz1WJMmkz4no1bZcmVp4cz5HM2QYdpZub347":"1"},"token_info":{"name":"Imp #1 - The Purple","description":"Imp Series by Fractalizze. (Forger + Blender)","tags":["imp","purple","blender","forger","3d"],"symbol":"OBJKT","artifactUri":"ipfs://QmQCVFscf9pMksNqPZ3nHWERwxKvmsS3zewphsVKzDe4ug","displayUri":"","thumbnailUri":"ipfs://QmNrhZHUaEqxhyLfqoq1mtHSipkWHeT31LNHb1QEbDHgnc","creators":["tz1MkNbJTzf6uADvfSJKJvArvRoVvjk3tZz4"],"formats":[{"uri":"ipfs://QmQCVFscf9pMksNqPZ3nHWERwxKvmsS3zewphsVKzDe4ug","mimeType":"model/gltf-binary"}],"decimals":0,"isBooleanAmount":false,"shouldPreferSymbol":false}},{"objectId":31307,"ipfsHash":"QmWNU3aGQgN2JqciPVaauZB4epZ41WM5DxLJVB2U3jPrbG","swaps":[{"swap_id":"42891","issuer":"tz1bggmAF2TV8mRsywLpui2nKge3hgKSpwi1","objkt_amount":"3","xtz_per_objkt":"1500000"}],"token_id":31307,"total_amount":"3","owners":{"KT1Hkg5qeNhfwpKW4fXvq7HGZB9z2EnmCCA9":"3"},"token_info":{"name":"ED-A4A-2012oct27 : Ma te macramé","description":"This is ETIENNE DOUCET from the Pinkcloud Crew ! https://linktr.ee/PinkcloudNFT -  The series is called Art4Art Daily, where I created 1 new artwork each day for a year.  This series will be composed of 365 items, and we'll also post a few extra new artwork, so we've created an account just for it.  Interview/video on A4A Daily : https://bit.ly/3saxk8z Pinkcloud main account : tz1UE2omGnq3NzmMdxADYp1dcgvRKFuoFmy7","tags":["ETIENNEDOUCET","A4A","AFORA","DailyArt","PINKCLOUD","PINKCLOUD_NFT","Artwork"],"symbol":"OBJKT","artifactUri":"ipfs://QmVNkNeNzCU6bNwLskuc4tG8xdtRznskck3ugLfY6iPdz9","displayUri":"","thumbnailUri":"ipfs://QmNrhZHUaEqxhyLfqoq1mtHSipkWHeT31LNHb1QEbDHgnc","creators":["tz1bggmAF2TV8mRsywLpui2nKge3hgKSpwi1"],"formats":[{"uri":"ipfs://QmVNkNeNzCU6bNwLskuc4tG8xdtRznskck3ugLfY6iPdz9","mimeType":"image/jpeg"}],"decimals":0,"isBooleanAmount":false,"shouldPreferSymbol":false}},{"objectId":31308,"ipfsHash":"QmSbzrMsWpCBoiVVhR8uZvKEm6AiaaUAQHPFTHaRX2RdDN","swaps":[{"swap_id":"42901","issuer":"tz1L5vaycmTzEDekjDJSFZJ1V8FPwAUCVSDM","objkt_amount":"1","xtz_per_objkt":"500000"}],"token_id":31308,"total_amount":"1","owners":{"KT1Hkg5qeNhfwpKW4fXvq7HGZB9z2EnmCCA9":"1"},"token_info":{"name":"ngram_43","description":"datcsv","tags":["NGRAM","GEOMETRY","BLACK","WHITE","DATCSV"],"symbol":"OBJKT","artifactUri":"ipfs://QmPErSzf7sJg2sguJUophFeSmTrhTETQqSCqTMi1mE6RFU","displayUri":"","thumbnailUri":"ipfs://QmNrhZHUaEqxhyLfqoq1mtHSipkWHeT31LNHb1QEbDHgnc","creators":["tz1L5vaycmTzEDekjDJSFZJ1V8FPwAUCVSDM"],"formats":[{"uri":"ipfs://QmPErSzf7sJg2sguJUophFeSmTrhTETQqSCqTMi1mE6RFU","mimeType":"image/png"}],"decimals":0,"isBooleanAmount":false,"shouldPreferSymbol":false}},{"objectId":31309,"ipfsHash":"QmavobN3xTvZ2bs1ADzDTfmUsvw7vQ1MkoDRQV6PkpT8Qp","swaps":[],"token_id":31309,"total_amount":"1","owners":{"tz1g2UV1FSeSAdsrZ2kwH4yv6SnXzctjo342":"1"},"token_info":{"name":"This Time Is Your Time #018","description":"1.23am on October 28th 1975","tags":["Black&White","Poetry","Time"],"symbol":"OBJKT","artifactUri":"ipfs://QmPu4nKm3XQTHhzcfaM8SyKZQ4PgJCPHie9E6dUNmSjWrd","displayUri":"","thumbnailUri":"ipfs://QmNrhZHUaEqxhyLfqoq1mtHSipkWHeT31LNHb1QEbDHgnc","creators":["tz1g2UV1FSeSAdsrZ2kwH4yv6SnXzctjo342"],"formats":[{"uri":"ipfs://QmPu4nKm3XQTHhzcfaM8SyKZQ4PgJCPHie9E6dUNmSjWrd","mimeType":"image/jpeg"}],"decimals":0,"isBooleanAmount":false,"shouldPreferSymbol":false}},{"objectId":31310,"ipfsHash":"QmVXMZ8Ze4wEPkntkthiwXvogJRpq7a9a7xP31Eh1AekU5","swaps":[],"token_id":31310,"total_amount":"1","owners":{"tz1g2UV1FSeSAdsrZ2kwH4yv6SnXzctjo342":"1"},"token_info":{"name":"This Time Is Your Tme #019","description":"8.45am on May 11th 1937","tags":["Black&White","Poetry","Time"],"symbol":"OBJKT","artifactUri":"ipfs://QmUsvx8c1HmFALC9RQwRGv1Pd5kNtb3vAoNu5uz5AU2K4v","displayUri":"","thumbnailUri":"ipfs://QmNrhZHUaEqxhyLfqoq1mtHSipkWHeT31LNHb1QEbDHgnc","creators":["tz1g2UV1FSeSAdsrZ2kwH4yv6SnXzctjo342"],"formats":[{"uri":"ipfs://QmUsvx8c1HmFALC9RQwRGv1Pd5kNtb3vAoNu5uz5AU2K4v","mimeType":"image/jpeg"}],"decimals":0,"isBooleanAmount":false,"shouldPreferSymbol":false}},{"objectId":31311,"ipfsHash":"QmaS7463WTHaiuEwfNvDddam1SL8tBWf3gzH267dKW3HFa","swaps":[{"swap_id":"42913","issuer":"tz2GAD7DpJmKCWovxvASrFUZVWhKfw2u5bRk","objkt_amount":"2","xtz_per_objkt":"1000000"}],"token_id":31311,"total_amount":3,"owners":{"KT1Hkg5qeNhfwpKW4fXvq7HGZB9z2EnmCCA9":"2","tz1NpraGF2J5DMM5LV4kJtZcZNREVJ4adnm5":"1"},"token_info":{"name":"Goth GF","description":"gothic TezHo","tags":["nsfw","camgirl","Genesis_Berry","gothgf","greenhair"],"symbol":"OBJKT","artifactUri":"ipfs://QmaF2phrLKJNRqRL9PeexfphtUCFcM2QQ2PzMcXHe2Ti5z","displayUri":"","thumbnailUri":"ipfs://QmNrhZHUaEqxhyLfqoq1mtHSipkWHeT31LNHb1QEbDHgnc","creators":["tz2GAD7DpJmKCWovxvASrFUZVWhKfw2u5bRk"],"formats":[{"uri":"ipfs://QmaF2phrLKJNRqRL9PeexfphtUCFcM2QQ2PzMcXHe2Ti5z","mimeType":"image/png"}],"decimals":0,"isBooleanAmount":false,"shouldPreferSymbol":false}},{"objectId":31312,"ipfsHash":"QmZVh7jRFz7s2k47rNxdTdbXPN6BSF6FbwqAunoc7FDAWx","swaps":[{"swap_id":"42921","issuer":"tz1bggmAF2TV8mRsywLpui2nKge3hgKSpwi1","objkt_amount":"3","xtz_per_objkt":"1000000"}],"token_id":31312,"total_amount":"3","owners":{"KT1Hkg5qeNhfwpKW4fXvq7HGZB9z2EnmCCA9":"3"},"token_info":{"name":"ED-A4A-2012jul24 : La Fin","description":"This is ETIENNE DOUCET from the Pinkcloud Crew ! https://linktr.ee/PinkcloudNFT -  The series is called Art4Art Daily, where I created 1 new artwork each day for a year.  This series will be composed of 365 items, and we'll also post a few extra new artwork, so we've created an account just for it.  Interview/video on A4A Daily : https://bit.ly/3saxk8z Pinkcloud main account : tz1UE2omGnq3NzmMdxADYp1dcgvRKFuoFmy7","tags":["ETIENNEDOUCET","A4A","AFORA","DailyArt","PINKCLOUD","PINKCLOUD_NFT","Artwork"],"symbol":"OBJKT","artifactUri":"ipfs://QmeKLmALAgGFgtCMGWpFT7A97bBuw6hqqUssM4SkQTQWYG","displayUri":"","thumbnailUri":"ipfs://QmNrhZHUaEqxhyLfqoq1mtHSipkWHeT31LNHb1QEbDHgnc","creators":["tz1bggmAF2TV8mRsywLpui2nKge3hgKSpwi1"],"formats":[{"uri":"ipfs://QmeKLmALAgGFgtCMGWpFT7A97bBuw6hqqUssM4SkQTQWYG","mimeType":"image/jpeg"}],"decimals":0,"isBooleanAmount":false,"shouldPreferSymbol":false}},{"objectId":31313,"ipfsHash":"QmfGyQcbpJrmN1hZWCNW3sPGdYRieEdvHcjfmyrJZJni9G","swaps":[{"swap_id":"42952","issuer":"tz1QQJQb75WXSghbSfHKkqRmNYVWY8bQs8Lx","objkt_amount":"1","xtz_per_objkt":"6000000"}],"token_id":31313,"total_amount":3,"owners":{"KT1Hkg5qeNhfwpKW4fXvq7HGZB9z2EnmCCA9":"1","tz1QQJQb75WXSghbSfHKkqRmNYVWY8bQs8Lx":"1","tz1WJMmkz4no1bZcmVp4cz5HM2QYdpZub347":"1"},"token_info":{"name":"Gif Deep Sea #003","description":"In the depths of the sea we have great mysteries and mythological creatures. Tools : Zbrush,Cinema4d,Illustrator,Photoshop.","tags":["collectible","gif","art","deepsea"],"symbol":"OBJKT","artifactUri":"ipfs://QmeHxntCxEAfedjrSTu8fhB5ibrmvTNXqPMYw4EEAFP5f7","displayUri":"","thumbnailUri":"ipfs://QmNrhZHUaEqxhyLfqoq1mtHSipkWHeT31LNHb1QEbDHgnc","creators":["tz1QQJQb75WXSghbSfHKkqRmNYVWY8bQs8Lx"],"formats":[{"uri":"ipfs://QmeHxntCxEAfedjrSTu8fhB5ibrmvTNXqPMYw4EEAFP5f7","mimeType":"image/gif"}],"decimals":0,"isBooleanAmount":false,"shouldPreferSymbol":false}},{"objectId":31314,"ipfsHash":"QmUDRTWUo81XiZvyo1ELwmdbYKHXYduCBWwUQYt7vkacmE","swaps":[],"token_id":31314,"total_amount":"1","owners":{"tz1g2UV1FSeSAdsrZ2kwH4yv6SnXzctjo342":"1"},"token_info":{"name":"This Time Is Your Time #020","description":"10.am on December 30th 1900","tags":["Black&White","Poetry","Time"],"symbol":"OBJKT","artifactUri":"ipfs://QmbFcS4CLK79WYGQVgCrmdHpRPLkifTu9N3UrdzAHtq419","displayUri":"","thumbnailUri":"ipfs://QmNrhZHUaEqxhyLfqoq1mtHSipkWHeT31LNHb1QEbDHgnc","creators":["tz1g2UV1FSeSAdsrZ2kwH4yv6SnXzctjo342"],"formats":[{"uri":"ipfs://QmbFcS4CLK79WYGQVgCrmdHpRPLkifTu9N3UrdzAHtq419","mimeType":"image/jpeg"}],"decimals":0,"isBooleanAmount":false,"shouldPreferSymbol":false}},{"objectId":31315,"ipfsHash":"QmWZMVVHru4ruqdSzxG5q8aadrMSc2YHtLFv9mfWS4AQaG","swaps":[],"token_id":31315,"total_amount":"1","owners":{"tz1aVgxdSRcHZZK9BSmEPHjMA6eM7dsiboN5":"1"},"token_info":{"name":"21.04.12 Acer","description":"0004 Acer","tags":["#3d#aesthetics#animation#blender#c4d#cryptoart#cyberpunk#design#digital#digitalnature#garden#gif#loop#nftree#nature#octane#shader#tree#vaporwave"],"symbol":"OBJKT","artifactUri":"ipfs://QmcNJaxqiuTzDWjAiXmr2nWFenJiSRwxpd5djUup62i96t","displayUri":"","thumbnailUri":"ipfs://QmNrhZHUaEqxhyLfqoq1mtHSipkWHeT31LNHb1QEbDHgnc","creators":["tz1UBGiTYDQKaKNNk5WbX1KX9RkvYAEF3M2R"],"formats":[{"uri":"ipfs://QmcNJaxqiuTzDWjAiXmr2nWFenJiSRwxpd5djUup62i96t","mimeType":"image/gif"}],"decimals":0,"isBooleanAmount":false,"shouldPreferSymbol":false}},{"objectId":31316,"ipfsHash":"QmRp2zBLKpXkkNQtuEvow9BSB59jzxMpiAsPoazwLNq1cK","swaps":[{"swap_id":"42915","issuer":"tz1c8bog1Hw3c2AUYUcsJrKs1hw9CTfFTeCe","objkt_amount":"7","xtz_per_objkt":"100000"}],"token_id":31316,"total_amount":99,"owners":{"KT1Hkg5qeNhfwpKW4fXvq7HGZB9z2EnmCCA9":"7","tz1VFqe7CFMFWPeeqFXCyWe33KcfDdXadDUm":"1","tz1a92ZVmHDSqZ2dYbcrTZG9baK7bXSMRazZ":"1","tz1c8bog1Hw3c2AUYUcsJrKs1hw9CTfFTeCe":"88","tz1ciT2xdSGcZ4NpWM3Q3CSpiTAtmuACjjPT":"1","tz1fUZ5pMP1gUjuJsp5V631cXmA87Kxm3cuZ":"1"},"token_info":{"name":"CREATURE (2017)","description":"Look at this creep, you can just tell he has a foot fetish by looking at his wrinkly scrotum face / Mirá a este forro, te das cuenta que tiene un fetiche de pies tan solo mirando esa cara arrugada de escroto","tags":["2d","animation","black","and","white","b&w","wavy","squiggly","line","undulated","curly","trippy","ripply","dizzy","weird","face","creature","wrinkly","scrotum"],"symbol":"OBJKT","artifactUri":"ipfs://QmYYjsKotAX6Jco2yKr58DjoFp93QBSDrfzVxZcbFWCr3S","displayUri":"","thumbnailUri":"ipfs://QmNrhZHUaEqxhyLfqoq1mtHSipkWHeT31LNHb1QEbDHgnc","creators":["tz1c8bog1Hw3c2AUYUcsJrKs1hw9CTfFTeCe"],"formats":[{"uri":"ipfs://QmYYjsKotAX6Jco2yKr58DjoFp93QBSDrfzVxZcbFWCr3S","mimeType":"image/gif"}],"decimals":0,"isBooleanAmount":false,"shouldPreferSymbol":false}},{"objectId":31317,"ipfsHash":"QmcEyLf4nupgbHwnCtgdcihRbjjHrm7XknPYeLngH5vsto","swaps":[{"swap_id":"42919","issuer":"tz1UgKUorMCBdW7Xh4PAx3VqGUHmtA7sDfTz","objkt_amount":"1","xtz_per_objkt":"20000000"}],"token_id":31317,"total_amount":"1","owners":{"KT1Hkg5qeNhfwpKW4fXvq7HGZB9z2EnmCCA9":"1"},"token_info":{"name":"Night at the Carnival 9","description":"@DeportedPhotog","tags":["Abstract","Photography","color","longexposure","deportedphotog"],"symbol":"OBJKT","artifactUri":"ipfs://QmNojSNbSkMMFbKx13uX24pmdxxRTsP4kdtcjKvm2virQ5","displayUri":"","thumbnailUri":"ipfs://QmNrhZHUaEqxhyLfqoq1mtHSipkWHeT31LNHb1QEbDHgnc","creators":["tz1UgKUorMCBdW7Xh4PAx3VqGUHmtA7sDfTz"],"formats":[{"uri":"ipfs://QmNojSNbSkMMFbKx13uX24pmdxxRTsP4kdtcjKvm2virQ5","mimeType":"image/jpeg"}],"decimals":0,"isBooleanAmount":false,"shouldPreferSymbol":false}},{"objectId":31318,"ipfsHash":"QmSsEKoWRQm2MLa8dFCp83J2BPUg5Ge186Cs6QzZcEzZnk","swaps":[],"token_id":31318,"total_amount":"1","owners":{"tz1g2UV1FSeSAdsrZ2kwH4yv6SnXzctjo342":"1"},"token_info":{"name":"This Time Is Your Time #021","description":"4.13pm on October 27th 2004","tags":["Black&White","Poetry","Time"],"symbol":"OBJKT","artifactUri":"ipfs://QmZau7g5kEPRZcVHvEzTunXMHKAUKZ6EKy8dTKnaLXET1T","displayUri":"","thumbnailUri":"ipfs://QmNrhZHUaEqxhyLfqoq1mtHSipkWHeT31LNHb1QEbDHgnc","creators":["tz1g2UV1FSeSAdsrZ2kwH4yv6SnXzctjo342"],"formats":[{"uri":"ipfs://QmZau7g5kEPRZcVHvEzTunXMHKAUKZ6EKy8dTKnaLXET1T","mimeType":"image/jpeg"}],"decimals":0,"isBooleanAmount":false,"shouldPreferSymbol":false}},{"objectId":31319,"ipfsHash":"QmVVartvTNhFo78V7MgcKAaKdH5stQEuVGqWfS8rRZRpi5","swaps":[],"token_id":31319,"total_amount":"3","owners":{"tz1bBFRBHoU3j534nC2ZTP22rSikHGtfrabT":"3"},"token_info":{"name":"Dont Cry","description":"Rudy Acosta","tags":["#tagger"],"symbol":"OBJKT","artifactUri":"ipfs://QmNfv5YcbkNa6XsERdK5sHnPZk7697vzD9sgD3BLY8UjZe","displayUri":"","thumbnailUri":"ipfs://QmNrhZHUaEqxhyLfqoq1mtHSipkWHeT31LNHb1QEbDHgnc","creators":["tz1bBFRBHoU3j534nC2ZTP22rSikHGtfrabT"],"formats":[{"uri":"ipfs://QmNfv5YcbkNa6XsERdK5sHnPZk7697vzD9sgD3BLY8UjZe","mimeType":"image/jpeg"}],"decimals":0,"isBooleanAmount":false,"shouldPreferSymbol":false}},{"objectId":31320,"ipfsHash":"QmYkDtmMhkm5kLS3UD6LvnM7SWTNVVhovrRhiDneVKtgvw","swaps":[],"token_id":31320,"total_amount":"1","owners":{"tz1g2UV1FSeSAdsrZ2kwH4yv6SnXzctjo342":"1"},"token_info":{"name":"This Time Is Your Time #022","description":"6.10am on November 6th 1996","tags":["Black&White","Poetry","Time"],"symbol":"OBJKT","artifactUri":"ipfs://QmNfp3t95gkxVaiqKJUfwSYQAr7Pf16LMwH1BRiyUo9tAJ","displayUri":"","thumbnailUri":"ipfs://QmNrhZHUaEqxhyLfqoq1mtHSipkWHeT31LNHb1QEbDHgnc","creators":["tz1g2UV1FSeSAdsrZ2kwH4yv6SnXzctjo342"],"formats":[{"uri":"ipfs://QmNfp3t95gkxVaiqKJUfwSYQAr7Pf16LMwH1BRiyUo9tAJ","mimeType":"image/jpeg"}],"decimals":0,"isBooleanAmount":false,"shouldPreferSymbol":false}},{"objectId":31321,"ipfsHash":"QmavgrK6DWA2pe28eJPsRFSN2Jn1MyL8CneMqaoWLd4mpG","swaps":[{"swap_id":"42920","issuer":"tz1dsQwLuckYoyH8uWegqixKgZ7TCwHbFeFf","objkt_amount":"3","xtz_per_objkt":"300000000"}],"token_id":31321,"total_amount":"3","owners":{"KT1Hkg5qeNhfwpKW4fXvq7HGZB9z2EnmCCA9":"3"},"token_info":{"name":"Muskolor Coin","description":"Video collage Bitcoin cryptoart by Rafael Spif - Find me on Twitter @RafaelSpif","tags":["ElonMusk","cryptoart","bitcoin","digitalcollage","digitalart","color","colorful","coin","photoshop","surrealism"],"symbol":"OBJKT","artifactUri":"ipfs://Qme1ayKx7werxjuJ5u7A1oRt7XT49LQnPoCkGPLahMdpRj","displayUri":"","thumbnailUri":"ipfs://QmNrhZHUaEqxhyLfqoq1mtHSipkWHeT31LNHb1QEbDHgnc","creators":["tz1dsQwLuckYoyH8uWegqixKgZ7TCwHbFeFf"],"formats":[{"uri":"ipfs://Qme1ayKx7werxjuJ5u7A1oRt7XT49LQnPoCkGPLahMdpRj","mimeType":"video/mp4"}],"decimals":0,"isBooleanAmount":false,"shouldPreferSymbol":false}},{"objectId":31322,"ipfsHash":"QmT8P3wNRAMiK2h8dfCGwcjcZxUtCRYGWpfjWnhoByaeH3","swaps":[{"swap_id":"42923","issuer":"tz1QQJQb75WXSghbSfHKkqRmNYVWY8bQs8Lx","objkt_amount":"1","xtz_per_objkt":"5000000"}],"token_id":31322,"total_amount":"1","owners":{"KT1Hkg5qeNhfwpKW4fXvq7HGZB9z2EnmCCA9":"1"},"token_info":{"name":"3DPixelPunks #007 White Vader","description":"The light of strength....Based on the history of cryptopunks and the events and icons of the world cryptocurrency market. 3DPixel Punks only 60 different Punks will be available. Supply for each Punks: 1/1. Tools : Zbrush,Cinema4d,Illustrator,Photoshop.","tags":["collectible","3d","nft","punks","3dpixelpunk"],"symbol":"OBJKT","artifactUri":"ipfs://QmNjXRWrAZpvFy6a3y2Cmt2kc5UemTu8vnSw2BPL5UwsWk","displayUri":"","thumbnailUri":"ipfs://QmNrhZHUaEqxhyLfqoq1mtHSipkWHeT31LNHb1QEbDHgnc","creators":["tz1QQJQb75WXSghbSfHKkqRmNYVWY8bQs8Lx"],"formats":[{"uri":"ipfs://QmNjXRWrAZpvFy6a3y2Cmt2kc5UemTu8vnSw2BPL5UwsWk","mimeType":"image/png"}],"decimals":0,"isBooleanAmount":false,"shouldPreferSymbol":false}},{"objectId":31323,"ipfsHash":"Qmf6j8AJFL1CEKyEw6GXWDChrwg6gszHCUHvcY3Z6sZyGi","swaps":[],"token_id":31323,"total_amount":"1","owners":{"tz1g2UV1FSeSAdsrZ2kwH4yv6SnXzctjo342":"1"},"token_info":{"name":"This Time Is Your Time #023","description":"9.40pm on September 19th 1977","tags":["Black&White","Poetry","Time"],"symbol":"OBJKT","artifactUri":"ipfs://QmTWkhxBhkJ5tucgR471i9oHbk7EiaAFJK39c6ykdxtD73","displayUri":"","thumbnailUri":"ipfs://QmNrhZHUaEqxhyLfqoq1mtHSipkWHeT31LNHb1QEbDHgnc","creators":["tz1g2UV1FSeSAdsrZ2kwH4yv6SnXzctjo342"],"formats":[{"uri":"ipfs://QmTWkhxBhkJ5tucgR471i9oHbk7EiaAFJK39c6ykdxtD73","mimeType":"image/jpeg"}],"decimals":0,"isBooleanAmount":false,"shouldPreferSymbol":false}},{"objectId":31324,"ipfsHash":"QmZkQTsfrDaQ3idR4dMkBAkg8rLsxa8wNGE5Foa9A4W83s","swaps":[{"swap_id":"42928","issuer":"tz1bMBGiPAcaA693CWUwZts4RdwE6Dn2N4Fz","objkt_amount":"1","xtz_per_objkt":"111000000"}],"token_id":31324,"total_amount":"1","owners":{"KT1Hkg5qeNhfwpKW4fXvq7HGZB9z2EnmCCA9":"1"},"token_info":{"name":"MMZ 4","description":"This “Digital Stitch” is the result of a large number of boundaries being woven. this is something I arrived at during my work on the theme of “earthworm that can hear music”. ...Have you ever seen a dancing worm? - Qubibi / 4224 x 6444 px, png","tags":["GENERATIVE","DIGITALSTITCH","PROCEDURAL","ALGORITHM","HELLOWORLD","EARTHWORM","MUSICWORM","MIMIZU","MMZ","QUBIBI"],"symbol":"OBJKT","artifactUri":"ipfs://QmaCTpRpLczZtKGLTLCFu8h2G4Gj6L39xL2Fbv5E8f1ZxD","displayUri":"","thumbnailUri":"ipfs://QmNrhZHUaEqxhyLfqoq1mtHSipkWHeT31LNHb1QEbDHgnc","creators":["tz1bMBGiPAcaA693CWUwZts4RdwE6Dn2N4Fz"],"formats":[{"uri":"ipfs://QmaCTpRpLczZtKGLTLCFu8h2G4Gj6L39xL2Fbv5E8f1ZxD","mimeType":"image/png"}],"decimals":0,"isBooleanAmount":false,"shouldPreferSymbol":false}},{"objectId":31325,"ipfsHash":"QmdFT9hvdkaEtoNVagFhfsWGPku3xyigPYn6XwbqkzUCoX","swaps":[{"swap_id":"42926","issuer":"tz1dbEYErcKFf2oKzrsVSJ5j7FXFP3Ge2uMY","objkt_amount":"39","xtz_per_objkt":"0"},{"swap_id":"42943","issuer":"tz1LLSwj6gGNX1eFHAvnt4tkC8WQryeRBpPW","objkt_amount":"1","xtz_per_objkt":"3140000"}],"token_id":31325,"total_amount":50,"owners":{"KT1Hkg5qeNhfwpKW4fXvq7HGZB9z2EnmCCA9":"40","tz1LaN1QJGrmPcuAfLvncTLJ3iRzphHpjugu":"1","tz1PmkivtHWNkvh8nFdhLJdXnc49TKMiz8i4":"1","tz1SGLEydAbC5ZqQY2NDPNFsFQ63w4XidaYk":"1","tz1U8mFPuyGr48BWnULky9kUqAVQk8ewBHtU":"1","tz1Up2nmJXyjKV7HFk2hrHzGcRRe5y5SphiQ":"1","tz1Vkoqo2ZQsVXBniYJDfX6F2NMfH5RoEuGn":"1","tz1ZcuMhavGgdA2qSS3JgMummVGZ2UtGKc4h":"1","tz1bjhoK4xKXm7afQrKHoY2BdhbURyH3LiGn":"1","tz1bxe2Tp3EqWZqZX5Kvmg9MxTmX8LBiUchk":"1","tz1gpkbnh6681Pef2tV9Q5E7g6G3fMHzJKjY":"1"},"token_info":{"name":"Alphabetical [I]","description":"#09 EN:CRYPTO Script Alphabet [I] | Instagram : https://bit.ly/3g6mVsb","tags":["ENCRYPTO","ZEERAFFE","ALPHABET","SYMBOL","TRANSCRIPT","TYPOGRAPHY","NFT","ART","CRYPTOART","INDIANS"],"symbol":"OBJKT","artifactUri":"ipfs://QmPbVZuCQPVJoCmFK6PNdcw862icBzp2mVQdaZLsPDzpTZ","displayUri":"","thumbnailUri":"ipfs://QmNrhZHUaEqxhyLfqoq1mtHSipkWHeT31LNHb1QEbDHgnc","creators":["tz1dbEYErcKFf2oKzrsVSJ5j7FXFP3Ge2uMY"],"formats":[{"uri":"ipfs://QmPbVZuCQPVJoCmFK6PNdcw862icBzp2mVQdaZLsPDzpTZ","mimeType":"video/mp4"}],"decimals":0,"isBooleanAmount":false,"shouldPreferSymbol":false}},{"objectId":31326,"ipfsHash":"QmaAJaQhoAbsS7gA4TcDo1siD5FBxPLVxMrYZCfVR3yrMi","swaps":[{"swap_id":"42927","issuer":"tz1bggmAF2TV8mRsywLpui2nKge3hgKSpwi1","objkt_amount":"3","xtz_per_objkt":"2000000"}],"token_id":31326,"total_amount":"3","owners":{"KT1Hkg5qeNhfwpKW4fXvq7HGZB9z2EnmCCA9":"3"},"token_info":{"name":"ED-A4A-2012oct22 : 9 jours","description":"This is ETIENNE DOUCET from the Pinkcloud Crew ! https://linktr.ee/PinkcloudNFT -  The series is called Art4Art Daily, where I created 1 new artwork each day for a year.  This series will be composed of 365 items, and we'll also post a few extra new artwork, so we've created an account just for it.  Interview/video on A4A Daily : https://bit.ly/3saxk8z Pinkcloud main account : tz1UE2omGnq3NzmMdxADYp1dcgvRKFuoFmy7","tags":["ETIENNEDOUCET","A4A","AFORA","DailyArt","PINKCLOUD","PINKCLOUD_NFT","Artwork"],"symbol":"OBJKT","artifactUri":"ipfs://QmabVL4VbSCtFW4gSCcKWE2jeGDB6DSFDU82AxEv6czWMk","displayUri":"","thumbnailUri":"ipfs://QmNrhZHUaEqxhyLfqoq1mtHSipkWHeT31LNHb1QEbDHgnc","creators":["tz1bggmAF2TV8mRsywLpui2nKge3hgKSpwi1"],"formats":[{"uri":"ipfs://QmabVL4VbSCtFW4gSCcKWE2jeGDB6DSFDU82AxEv6czWMk","mimeType":"image/jpeg"}],"decimals":0,"isBooleanAmount":false,"shouldPreferSymbol":false}},{"objectId":31327,"ipfsHash":"QmXo4KwVXThBo2VKrBywH2ie1ACt4cZdhN1TFcxJspHv23","swaps":[{"swap_id":"42925","issuer":"tz1WEWW6VSMFxebEmcmPBReuCR6ik7jnjGaz","objkt_amount":"10","xtz_per_objkt":"1000000"}],"token_id":31327,"total_amount":"10","owners":{"KT1Hkg5qeNhfwpKW4fXvq7HGZB9z2EnmCCA9":"10"},"token_info":{"name":"TRIBUS SERIES: River | 5th","description":"TRIBUS SERIES is a list of 10 art creations based on the original tribes who lived in Brazil before the colonisation and still have to fight for their rights in Brazilian lands.","tags":["RIVER","LIQUID","WATER","BLUE","TRIBES","BRAZILIANINDIGENOUS","STRAWPATTERN"],"symbol":"OBJKT","artifactUri":"ipfs://QmWwmTPjbuL8x4GVKTwdWkQMMHbhXiCnLRoUPCUBPA7597","displayUri":"","thumbnailUri":"ipfs://QmNrhZHUaEqxhyLfqoq1mtHSipkWHeT31LNHb1QEbDHgnc","creators":["tz1WEWW6VSMFxebEmcmPBReuCR6ik7jnjGaz"],"formats":[{"uri":"ipfs://QmWwmTPjbuL8x4GVKTwdWkQMMHbhXiCnLRoUPCUBPA7597","mimeType":"video/mp4"}],"decimals":0,"isBooleanAmount":false,"shouldPreferSymbol":false}},{"objectId":31328,"ipfsHash":"QmPqPKmACMNJRPYZfTiPhAG8Xhc7hFDb69cFvACuFL6Hgw","swaps":[{"swap_id":"42929","issuer":"tz1dqvaPVHtYQU9mGDeR4v8mzWK8bcj9mjUU","objkt_amount":"4","xtz_per_objkt":"3000000"}],"token_id":31328,"total_amount":5,"owners":{"KT1Hkg5qeNhfwpKW4fXvq7HGZB9z2EnmCCA9":"4","tz1hvfkpf7HbnE1Rroi7JbyegVjZzu97Yqw6":"1"},"token_info":{"name":"i need a nap i'm skweepy","description":"hohoo","tags":["skweee","sleepy","skweeepy","burger"],"symbol":"OBJKT","artifactUri":"ipfs://QmXEx3TRqpwcKWeGDoGqPjhxEhj9gdzvoqzVsyWRvy4Kox","displayUri":"","thumbnailUri":"ipfs://QmNrhZHUaEqxhyLfqoq1mtHSipkWHeT31LNHb1QEbDHgnc","creators":["tz1dqvaPVHtYQU9mGDeR4v8mzWK8bcj9mjUU"],"formats":[{"uri":"ipfs://QmXEx3TRqpwcKWeGDoGqPjhxEhj9gdzvoqzVsyWRvy4Kox","mimeType":"video/mp4"}],"decimals":0,"isBooleanAmount":false,"shouldPreferSymbol":false}},{"objectId":31329,"ipfsHash":"Qmbs1sELrZDVfxxqsnfmM6JwLNU54SMUUxi7G5RchSi2yS","swaps":[],"token_id":31329,"total_amount":"1","owners":{"tz1g2UV1FSeSAdsrZ2kwH4yv6SnXzctjo342":"1"},"token_info":{"name":"This Time Is Your Time #024","description":"11.15am on June 8th 2010","tags":["Black&White","Poetry","Time"],"symbol":"OBJKT","artifactUri":"ipfs://QmUPjXw1qZvA5iPNT3jup1miwyejJoTFZNzSuRR5kNuvVz","displayUri":"","thumbnailUri":"ipfs://QmNrhZHUaEqxhyLfqoq1mtHSipkWHeT31LNHb1QEbDHgnc","creators":["tz1g2UV1FSeSAdsrZ2kwH4yv6SnXzctjo342"],"formats":[{"uri":"ipfs://QmUPjXw1qZvA5iPNT3jup1miwyejJoTFZNzSuRR5kNuvVz","mimeType":"image/jpeg"}],"decimals":0,"isBooleanAmount":false,"shouldPreferSymbol":false}},{"objectId":31330,"ipfsHash":"QmTZf9Wm5twcHtCR1gNMbEBCyGGADdFg2SyusopFmJpaAa","swaps":[],"token_id":31330,"total_amount":"1","owners":{"tz1R4bLnuw5uwWLrvFV3vajbw2eBXb6MQ3F3":"1"},"token_info":{"name":"Strain 020","description":"Strain 020: Trees 2 Mud","tags":[""],"symbol":"OBJKT","artifactUri":"ipfs://QmdfMjawmu4dxZJ537fbPWvy56Msb2BSgvgypQHxhoKx4p","displayUri":"","thumbnailUri":"ipfs://QmNrhZHUaEqxhyLfqoq1mtHSipkWHeT31LNHb1QEbDHgnc","creators":["tz1bU2F64hnzvdAG2Lyy1q3EZ6aZir1mZJJk"],"formats":[{"uri":"ipfs://QmdfMjawmu4dxZJ537fbPWvy56Msb2BSgvgypQHxhoKx4p","mimeType":"video/mp4"}],"decimals":0,"isBooleanAmount":false,"shouldPreferSymbol":false}},{"objectId":31331,"ipfsHash":"QmauYCz9r54kwYq8SqaQT5BL3Mukq9P6iay5wkakuQNU6N","swaps":[{"swap_id":"42930","issuer":"tz1bggmAF2TV8mRsywLpui2nKge3hgKSpwi1","objkt_amount":"10","xtz_per_objkt":"750000"}],"token_id":31331,"total_amount":"10","owners":{"KT1Hkg5qeNhfwpKW4fXvq7HGZB9z2EnmCCA9":"10"},"token_info":{"name":"ED-A4A-2011dec13 : Dead-eyed","description":"This is ETIENNE DOUCET from the Pinkcloud Crew ! https://linktr.ee/PinkcloudNFT -  The series is called Art4Art Daily, where I created 1 new artwork each day for a year.  This series will be composed of 365 items, and we'll also post a few extra new artwork, so we've created an account just for it.  Interview/video on A4A Daily : https://bit.ly/3saxk8z Pinkcloud main account : tz1UE2omGnq3NzmMdxADYp1dcgvRKFuoFmy7","tags":["ETIENNEDOUCET","A4A","AFORA","DailyArt","PINKCLOUD","PINKCLOUD_NFT","Artwork"],"symbol":"OBJKT","artifactUri":"ipfs://QmR1UuUJy6cbsY9c1uM29fbAgidg5LnqmAGhvn1guxfbFk","displayUri":"","thumbnailUri":"ipfs://QmNrhZHUaEqxhyLfqoq1mtHSipkWHeT31LNHb1QEbDHgnc","creators":["tz1bggmAF2TV8mRsywLpui2nKge3hgKSpwi1"],"formats":[{"uri":"ipfs://QmR1UuUJy6cbsY9c1uM29fbAgidg5LnqmAGhvn1guxfbFk","mimeType":"image/jpeg"}],"decimals":0,"isBooleanAmount":false,"shouldPreferSymbol":false}},{"objectId":31332,"ipfsHash":"QmapS4SLs6x3VTvfD6v8kxsdqEJwtcUS2ejhCoRGX6vDEf","swaps":[{"swap_id":"42931","issuer":"tz1iDQ6t9aiPCrwvgxRDspDtyjZnpvLxMvJ1","objkt_amount":"5","xtz_per_objkt":"4000000"}],"token_id":31332,"total_amount":"5","owners":{"KT1Hkg5qeNhfwpKW4fXvq7HGZB9z2EnmCCA9":"5"},"token_info":{"name":"LUCID","description":"A blend of the prefix.","tags":["〇▷◁◐II◑▷◁〇"],"symbol":"OBJKT","artifactUri":"ipfs://QmfNbRMVCF9NAUVQXkFRHDq3dWxgBj5gVnbYADezXJeBjc","displayUri":"","thumbnailUri":"ipfs://QmNrhZHUaEqxhyLfqoq1mtHSipkWHeT31LNHb1QEbDHgnc","creators":["tz1iDQ6t9aiPCrwvgxRDspDtyjZnpvLxMvJ1"],"formats":[{"uri":"ipfs://QmfNbRMVCF9NAUVQXkFRHDq3dWxgBj5gVnbYADezXJeBjc","mimeType":"image/gif"}],"decimals":0,"isBooleanAmount":false,"shouldPreferSymbol":false}},{"objectId":31333,"ipfsHash":"QmZBAohuqwGaB9NDDmamYny4XbT8Etf8Mswja2j7N3fGBY","swaps":[],"token_id":31333,"total_amount":"1","owners":{"tz1iGcF8HVtYJpCFAsLX6nwYgQgDR162VNBi":"1"},"token_info":{"name":"Strain 021","description":"Strain 021: Forest’s Breath ","tags":[""],"symbol":"OBJKT","artifactUri":"ipfs://QmQq3JNMdHgHGX6nPYPuvW7eBywZ8BXgFubv71y1xVEgCC","displayUri":"","thumbnailUri":"ipfs://QmNrhZHUaEqxhyLfqoq1mtHSipkWHeT31LNHb1QEbDHgnc","creators":["tz1bU2F64hnzvdAG2Lyy1q3EZ6aZir1mZJJk"],"formats":[{"uri":"ipfs://QmQq3JNMdHgHGX6nPYPuvW7eBywZ8BXgFubv71y1xVEgCC","mimeType":"video/mp4"}],"decimals":0,"isBooleanAmount":false,"shouldPreferSymbol":false}},{"objectId":31334,"ipfsHash":"QmdSkc2Kc5B1BLiiD7sYsfXij2dsoUt1arpv6oZXpzGkZL","swaps":[],"token_id":31334,"total_amount":"1","owners":{"tz1g2UV1FSeSAdsrZ2kwH4yv6SnXzctjo342":"1"},"token_info":{"name":"This Time Is Your Time #025","description":"The Sound of Folding Paper on January 3rd 1999","tags":["Black&White","Poetry","Time"],"symbol":"OBJKT","artifactUri":"ipfs://QmeRumvVfsNbuwe4nbaUdbbEJL6akbkvNsuugeLZR7vLkd","displayUri":"","thumbnailUri":"ipfs://QmNrhZHUaEqxhyLfqoq1mtHSipkWHeT31LNHb1QEbDHgnc","creators":["tz1g2UV1FSeSAdsrZ2kwH4yv6SnXzctjo342"],"formats":[{"uri":"ipfs://QmeRumvVfsNbuwe4nbaUdbbEJL6akbkvNsuugeLZR7vLkd","mimeType":"image/jpeg"}],"decimals":0,"isBooleanAmount":false,"shouldPreferSymbol":false}},{"objectId":31335,"ipfsHash":"QmVE5rJBU1jpLMYmzWjmwJWLj6ffyJDoBfFKaEaP9oRrZz","swaps":[{"swap_id":"42941","issuer":"tz1Wc1uawzskCTxzUVbYh56vqstPGRHiJTpE","objkt_amount":"1","xtz_per_objkt":"13370000"}],"token_id":31335,"total_amount":"1","owners":{"KT1Hkg5qeNhfwpKW4fXvq7HGZB9z2EnmCCA9":"1"},"token_info":{"name":"PARALLELED ","description":"Non-convernging equidistant, fated as we are. Spectral illuminations exuding outward. Phew. ","tags":["Doctagonz","twistedvizuals"],"symbol":"OBJKT","artifactUri":"ipfs://QmTxtidNc16JAgTziBPp6jBxYmCccrjhrs28xTCYBkSK4k","displayUri":"","thumbnailUri":"ipfs://QmNrhZHUaEqxhyLfqoq1mtHSipkWHeT31LNHb1QEbDHgnc","creators":["tz1Wc1uawzskCTxzUVbYh56vqstPGRHiJTpE"],"formats":[{"uri":"ipfs://QmTxtidNc16JAgTziBPp6jBxYmCccrjhrs28xTCYBkSK4k","mimeType":"image/png"}],"decimals":0,"isBooleanAmount":false,"shouldPreferSymbol":false}},{"objectId":31336,"ipfsHash":"QmeHjpAnHe2s6PoVkecJC2uD7gh5PLsaE7HdSpeS4TF1vY","swaps":[],"token_id":31336,"total_amount":"1","owners":{"tz1MCFUtZiNWE9jQGsvBsUJMFoQf6RDhqDHk":"1"},"token_info":{"name":"Strain 022","description":"Strain 022: Blue Conditions ","tags":[""],"symbol":"OBJKT","artifactUri":"ipfs://Qmf8167PiPgb2HodHnjfMBA5eyaVydPmSGn33ZAreLmfap","displayUri":"","thumbnailUri":"ipfs://QmNrhZHUaEqxhyLfqoq1mtHSipkWHeT31LNHb1QEbDHgnc","creators":["tz1bU2F64hnzvdAG2Lyy1q3EZ6aZir1mZJJk"],"formats":[{"uri":"ipfs://Qmf8167PiPgb2HodHnjfMBA5eyaVydPmSGn33ZAreLmfap","mimeType":"video/mp4"}],"decimals":0,"isBooleanAmount":false,"shouldPreferSymbol":false}},{"objectId":31337,"ipfsHash":"Qmbw16as5ReGWDVmd4CLP3kEh76tztaX21Mi3aFmLPECFt","swaps":[],"token_id":31337,"total_amount":"5","owners":{"tz1eRcscD3X84GANKynYdSNFyMfw1NC7bANF":"5"},"token_info":{"name":"Hothause","description":"It is a pac𝗄age deal","tags":["Art","3D","Isometry","Isometric","Sphere","Cube","God"],"symbol":"OBJKT","artifactUri":"ipfs://QmbuGC2DB23Wjs48J4BcaJEAuNrQcRfUsziDYCMQ6197Xp","displayUri":"","thumbnailUri":"ipfs://QmNrhZHUaEqxhyLfqoq1mtHSipkWHeT31LNHb1QEbDHgnc","creators":["tz1eRcscD3X84GANKynYdSNFyMfw1NC7bANF"],"formats":[{"uri":"ipfs://QmbuGC2DB23Wjs48J4BcaJEAuNrQcRfUsziDYCMQ6197Xp","mimeType":"image/jpeg"}],"decimals":0,"isBooleanAmount":false,"shouldPreferSymbol":false}},{"objectId":31338,"ipfsHash":"QmSfSQYjeYJqp6XeuyESy7M8CFTDxeq2aBnF6ZhY8AxFcG","swaps":[],"token_id":31338,"total_amount":"1","owners":{"tz1Noy6LnEgMjpAwf8nz3cHFAcF6tptGp4bq":"1"},"token_info":{"name":"Strain 023","description":"Strain 023: No and Yes","tags":[""],"symbol":"OBJKT","artifactUri":"ipfs://Qmco9hhNEdRffPMd5y3Ke8kAcFLBV7UVnEMsPbd1KJNWrU","displayUri":"","thumbnailUri":"ipfs://QmNrhZHUaEqxhyLfqoq1mtHSipkWHeT31LNHb1QEbDHgnc","creators":["tz1bU2F64hnzvdAG2Lyy1q3EZ6aZir1mZJJk"],"formats":[{"uri":"ipfs://Qmco9hhNEdRffPMd5y3Ke8kAcFLBV7UVnEMsPbd1KJNWrU","mimeType":"video/mp4"}],"decimals":0,"isBooleanAmount":false,"shouldPreferSymbol":false}},{"objectId":31339,"ipfsHash":"QmQoezLP6ABCQCCri9x8nWoxHdgrHmqjSGifm1m49XBiBf","swaps":[{"swap_id":"42942","issuer":"tz1aVAMaZ4U5Zt52yZLQbrPx2tAh6J6n9iGL","objkt_amount":"10","xtz_per_objkt":"2000000"}],"token_id":31339,"total_amount":"10","owners":{"KT1Hkg5qeNhfwpKW4fXvq7HGZB9z2EnmCCA9":"10"},"token_info":{"name":"Sun Flower","description":"Here comes the sun. It's all right.","tags":["HarmonicFlowers","SunFlower","HarmonicGarden","Sun","Lights","Girassol"],"symbol":"OBJKT","artifactUri":"ipfs://QmWqt3AuEo3KcsG2PLAuqM68yDYBXMawG3FR5TT2yHRHqP","displayUri":"","thumbnailUri":"ipfs://QmNrhZHUaEqxhyLfqoq1mtHSipkWHeT31LNHb1QEbDHgnc","creators":["tz1aVAMaZ4U5Zt52yZLQbrPx2tAh6J6n9iGL"],"formats":[{"uri":"ipfs://QmWqt3AuEo3KcsG2PLAuqM68yDYBXMawG3FR5TT2yHRHqP","mimeType":"image/gif"}],"decimals":0,"isBooleanAmount":false,"shouldPreferSymbol":false}},{"objectId":31340,"ipfsHash":"QmVTHEEpNzPd6AAzkpi8MBKiHZ4W11gfRvvxQnCijiBh3d","swaps":[{"swap_id":"42940","issuer":"tz1NHTNgvvktX7FzWgrA6PQQw7Ndzf6DeffB","objkt_amount":"50","xtz_per_objkt":"800000"}],"token_id":31340,"total_amount":"50","owners":{"KT1Hkg5qeNhfwpKW4fXvq7HGZB9z2EnmCCA9":"50"},"token_info":{"name":"SIDE B #8 - 2014 - yu","description":"I love the colors, I love the ink and I love the endless ways of expressing myself. I am sharing with you a little of my past ... your future, our present ... Welcome!","tags":["CRYPTOART","PIXO","GRAFFITI","NFTCOLLECTIBLES","YU","LADOB","CRYPTOPIXO","RECORDATION","PAST","TRUE","STREETS"],"symbol":"OBJKT","artifactUri":"ipfs://QmPSsZyD1kGwgRfPijAPKrgt7o3ysJQPxpV9GQ2ktZBCmr","displayUri":"","thumbnailUri":"ipfs://QmNrhZHUaEqxhyLfqoq1mtHSipkWHeT31LNHb1QEbDHgnc","creators":["tz1NHTNgvvktX7FzWgrA6PQQw7Ndzf6DeffB"],"formats":[{"uri":"ipfs://QmPSsZyD1kGwgRfPijAPKrgt7o3ysJQPxpV9GQ2ktZBCmr","mimeType":"image/png"}],"decimals":0,"isBooleanAmount":false,"shouldPreferSymbol":false}},{"objectId":31341,"ipfsHash":"QmTY9yi7XraBwjVRNkzs6URv6hu14UChc8Fnx9EmGtxnPk","swaps":[{"swap_id":"42945","issuer":"tz1WEWW6VSMFxebEmcmPBReuCR6ik7jnjGaz","objkt_amount":"10","xtz_per_objkt":"5000000"}],"token_id":31341,"total_amount":30,"owners":{"KT1Hkg5qeNhfwpKW4fXvq7HGZB9z2EnmCCA9":"10","tz1LqFGdaUwkGEP2Bj35HzFDiJZUmP4Fq8bf":"1","tz1PW43vjThhQmZWocWdSkNsscPavGWyKsKX":"1","tz1WEWW6VSMFxebEmcmPBReuCR6ik7jnjGaz":"18"},"token_info":{"name":"TRIBUS SERIES: Frog Poison | 6th","description":"TRIBUS SERIES is a list of 10 art creations based on the original tribes who lived in Brazil before the colonisation and still have to fight for their rights in Brazilian lands.","tags":["FROGPOISON","REPTILE","FOREST","FRUIT","TRIBES","BRAZILIANINDIGENOUS","STRAWPATTERN"],"symbol":"OBJKT","artifactUri":"ipfs://QmQiLe9BorEGH8SqBLtFYXcbXJfB7QZaMFqXbtwMX211tW","displayUri":"","thumbnailUri":"ipfs://QmNrhZHUaEqxhyLfqoq1mtHSipkWHeT31LNHb1QEbDHgnc","creators":["tz1WEWW6VSMFxebEmcmPBReuCR6ik7jnjGaz"],"formats":[{"uri":"ipfs://QmQiLe9BorEGH8SqBLtFYXcbXJfB7QZaMFqXbtwMX211tW","mimeType":"video/mp4"}],"decimals":0,"isBooleanAmount":false,"shouldPreferSymbol":false}},{"objectId":31342,"ipfsHash":"QmRB9THfBJZwdHeuCAowm5oT4dAcGQ89sPMUB5WCz27GAH","swaps":[],"token_id":31342,"total_amount":"1","owners":{"tz1Xi3ezFMrSFKiQAb2D1LykVM4n3m949L9P":"1"},"token_info":{"name":"Strain 024","description":"Strain 024: Sand Lion","tags":[""],"symbol":"OBJKT","artifactUri":"ipfs://QmRmnDgWDsTUuq5UmxsLY5g4F6ieih1UoEyjfqpno5WwPd","displayUri":"","thumbnailUri":"ipfs://QmNrhZHUaEqxhyLfqoq1mtHSipkWHeT31LNHb1QEbDHgnc","creators":["tz1bU2F64hnzvdAG2Lyy1q3EZ6aZir1mZJJk"],"formats":[{"uri":"ipfs://QmRmnDgWDsTUuq5UmxsLY5g4F6ieih1UoEyjfqpno5WwPd","mimeType":"video/mp4"}],"decimals":0,"isBooleanAmount":false,"shouldPreferSymbol":false}},{"objectId":31343,"ipfsHash":"QmWf1gkTTHAKPtGs9D54ogRjB8Pnfm2xhPZW4N6BWnsXxv","swaps":[],"token_id":31343,"total_amount":"1","owners":{"tz1NBZbCJG5rvVPW83LcD53UPg11vZug8FRc":"1"},"token_info":{"name":"ngram_08","description":"datcsv","tags":["NGRAM","GEOMETRY","BLACK","WHITE","DATCSV"],"symbol":"OBJKT","artifactUri":"ipfs://Qme9Do1GY3KVCjZmWDw7YcLLzm43Q8Je5iunXi9XPY4gqi","displayUri":"","thumbnailUri":"ipfs://QmNrhZHUaEqxhyLfqoq1mtHSipkWHeT31LNHb1QEbDHgnc","creators":["tz1L5vaycmTzEDekjDJSFZJ1V8FPwAUCVSDM"],"formats":[{"uri":"ipfs://Qme9Do1GY3KVCjZmWDw7YcLLzm43Q8Je5iunXi9XPY4gqi","mimeType":"image/png"}],"decimals":0,"isBooleanAmount":false,"shouldPreferSymbol":false}},{"objectId":31344,"ipfsHash":"QmVBDeEU35TgeZinj7m22fY1kAgBfFTtXYxDRc6gNVN2MP","swaps":[],"token_id":31344,"total_amount":"1","owners":{"tz1Z7gmoSr8rYK1e6af4MTZRpEudgDjYGTJU":"1"},"token_info":{"name":"Strain 025","description":"Strain 025: Good Boy Collar","tags":[""],"symbol":"OBJKT","artifactUri":"ipfs://QmaVeuYnfZ422FpJbYp7Gea6bBL7CwkEYjsEs5NGXvbKdt","displayUri":"","thumbnailUri":"ipfs://QmNrhZHUaEqxhyLfqoq1mtHSipkWHeT31LNHb1QEbDHgnc","creators":["tz1bU2F64hnzvdAG2Lyy1q3EZ6aZir1mZJJk"],"formats":[{"uri":"ipfs://QmaVeuYnfZ422FpJbYp7Gea6bBL7CwkEYjsEs5NGXvbKdt","mimeType":"video/mp4"}],"decimals":0,"isBooleanAmount":false,"shouldPreferSymbol":false}},{"objectId":31345,"ipfsHash":"QmUqWrLQgr5YFTYfHS1WUAnUrv1yhgPeqZSh4QEGNB5UTa","swaps":[],"token_id":31345,"total_amount":"10","owners":{"tz1burnburnburnburnburnburnburjAYjjX":"10"},"token_info":{"name":"Cube 01 - Genesis","description":"cube series by @memeismetwice","tags":[""],"symbol":"OBJKT","artifactUri":"ipfs://QmUr4QJEoSpcE2qxk5oXqqm2fDjHkQctkmYW9HXhP5kXS3","displayUri":"","thumbnailUri":"ipfs://QmNrhZHUaEqxhyLfqoq1mtHSipkWHeT31LNHb1QEbDHgnc","creators":["tz1UprBL3n29SS5Tt3jNajckNgFm435iEtPn"],"formats":[{"uri":"ipfs://QmUr4QJEoSpcE2qxk5oXqqm2fDjHkQctkmYW9HXhP5kXS3","mimeType":"image/jpeg"}],"decimals":0,"isBooleanAmount":false,"shouldPreferSymbol":false}},{"objectId":31346,"ipfsHash":"QmZA2crGAbS7gFhJzkaZggVX4m1pMvDTzLjo9j8t4sXMYn","swaps":[],"token_id":31346,"total_amount":"1","owners":{"tz1MgVPHj5gWSn2FFMR3EHNYYVwfpgibEFSa":"1"},"token_info":{"name":"Strain 026","description":"Strain 026: Cataract Tomato","tags":[""],"symbol":"OBJKT","artifactUri":"ipfs://Qme31MezR8j1RDhqZuKSgFqpJd6oLeLwDtmTnuPrvsSVLB","displayUri":"","thumbnailUri":"ipfs://QmNrhZHUaEqxhyLfqoq1mtHSipkWHeT31LNHb1QEbDHgnc","creators":["tz1bU2F64hnzvdAG2Lyy1q3EZ6aZir1mZJJk"],"formats":[{"uri":"ipfs://Qme31MezR8j1RDhqZuKSgFqpJd6oLeLwDtmTnuPrvsSVLB","mimeType":"video/mp4"}],"decimals":0,"isBooleanAmount":false,"shouldPreferSymbol":false}},{"objectId":31347,"ipfsHash":"QmQnJ4qupz4gA9qAnfonhu8vFXkKhFLJbupytNexbP4Fhk","swaps":[{"swap_id":"42974","issuer":"tz1UprBL3n29SS5Tt3jNajckNgFm435iEtPn","objkt_amount":"10","xtz_per_objkt":"5000000"}],"token_id":31347,"total_amount":"10","owners":{"KT1Hkg5qeNhfwpKW4fXvq7HGZB9z2EnmCCA9":"10"},"token_info":{"name":"Cube 01 - Genesis","description":"cube series by @memeismetwice","tags":["architecture","render"],"symbol":"OBJKT","artifactUri":"ipfs://QmUr4QJEoSpcE2qxk5oXqqm2fDjHkQctkmYW9HXhP5kXS3","displayUri":"","thumbnailUri":"ipfs://QmNrhZHUaEqxhyLfqoq1mtHSipkWHeT31LNHb1QEbDHgnc","creators":["tz1UprBL3n29SS5Tt3jNajckNgFm435iEtPn"],"formats":[{"uri":"ipfs://QmUr4QJEoSpcE2qxk5oXqqm2fDjHkQctkmYW9HXhP5kXS3","mimeType":"image/jpeg"}],"decimals":0,"isBooleanAmount":false,"shouldPreferSymbol":false}},{"objectId":31348,"ipfsHash":"QmXtZv23H1UjFtGupyXKzqUVwxpb1YdmadwuvDRHyhn1WJ","swaps":[],"token_id":31348,"total_amount":"1","owners":{"tz1RAudFCEhaPnpcBQktY2xe4pfGBrPc4U2M":"1"},"token_info":{"name":"Red_Cream","description":"Video art graphic composition created with liquid filmed with macro lenses and post processed. https://www.cloneproduction.net/","tags":["media","material","texture","video","art","generated","curve","dots","water","bubble","slide","visual","graphic","2D","grey","red","white","bright","liquid","flow","abstract","animation","circle","light","motion","movement","dynamics","fluid","real-time","ambient","smooth","experimental","research","macro","detailed","graphics","composition","chemical","chemistry","lab","solution","melted","colorful","wet","leaking","droplet",""],"symbol":"OBJKT","artifactUri":"ipfs://QmZFKfVqxYYWfC4KNS7srRhU97mktnvHGjsG1ZvPkvRerX","displayUri":"","thumbnailUri":"ipfs://QmNrhZHUaEqxhyLfqoq1mtHSipkWHeT31LNHb1QEbDHgnc","creators":["tz1RAudFCEhaPnpcBQktY2xe4pfGBrPc4U2M"],"formats":[{"uri":"ipfs://QmZFKfVqxYYWfC4KNS7srRhU97mktnvHGjsG1ZvPkvRerX","mimeType":"video/mp4"}],"decimals":0,"isBooleanAmount":false,"shouldPreferSymbol":false}},{"objectId":31349,"ipfsHash":"QmVQAoFuyjcovosT547i483QFWeEtK14qU1mpK7DrqUfSj","swaps":[{"swap_id":"42970","issuer":"tz1bU2F64hnzvdAG2Lyy1q3EZ6aZir1mZJJk","objkt_amount":"1","xtz_per_objkt":"14000000"}],"token_id":31349,"total_amount":"1","owners":{"KT1Hkg5qeNhfwpKW4fXvq7HGZB9z2EnmCCA9":"1"},"token_info":{"name":"Strain 027","description":"Strain 027: Woodys Boots","tags":[""],"symbol":"OBJKT","artifactUri":"ipfs://QmZytS874s8QyYvCMeyJ3tGUEdPhkYdfirbcnfs1vxGVWy","displayUri":"","thumbnailUri":"ipfs://QmNrhZHUaEqxhyLfqoq1mtHSipkWHeT31LNHb1QEbDHgnc","creators":["tz1bU2F64hnzvdAG2Lyy1q3EZ6aZir1mZJJk"],"formats":[{"uri":"ipfs://QmZytS874s8QyYvCMeyJ3tGUEdPhkYdfirbcnfs1vxGVWy","mimeType":"video/mp4"}],"decimals":0,"isBooleanAmount":false,"shouldPreferSymbol":false}},{"objectId":31350,"ipfsHash":"QmREZbrbXyMShXAEAuu2mpFhqA1H9FM9hnng1zVA3pstGH","swaps":[{"swap_id":"42958","issuer":"tz2UwrHz3vrfJAa4Ag7kpcUueHPaWn98qFq1","objkt_amount":"1","xtz_per_objkt":"1000000"}],"token_id":31350,"total_amount":15,"owners":{"KT1Hkg5qeNhfwpKW4fXvq7HGZB9z2EnmCCA9":"1","tz1ZcHd6xtwHNGLJEe7MLZcNWFHwyA1oQbNU":"1","tz2TAG35KHW9Ae4qqwUnutTtu33jritXcoyZ":"1","tz2UwrHz3vrfJAa4Ag7kpcUueHPaWn98qFq1":"12"},"token_info":{"name":"brisa","description":"série: Brisa Certa   | GIF | 1500px1500px, 35,8 MB, software: animate  | animation created 04.2021 ","tags":["psychedelic","mushroom","2d","gif","animation","seforarios","jesuscripto"],"symbol":"OBJKT","artifactUri":"ipfs://QmWa6GJW9hBJFimdR2v3QXsk8SUGKCpF6mzS9HrRrmZbqR","displayUri":"","thumbnailUri":"ipfs://QmNrhZHUaEqxhyLfqoq1mtHSipkWHeT31LNHb1QEbDHgnc","creators":["tz2UwrHz3vrfJAa4Ag7kpcUueHPaWn98qFq1"],"formats":[{"uri":"ipfs://QmWa6GJW9hBJFimdR2v3QXsk8SUGKCpF6mzS9HrRrmZbqR","mimeType":"image/gif"}],"decimals":0,"isBooleanAmount":false,"shouldPreferSymbol":false}},{"objectId":31351,"ipfsHash":"QmNrm12bdwRLYHSg6itHu5Yapx8eUTXQ7BJruawryCWQ2o","swaps":[],"token_id":31351,"total_amount":"1","owners":{"tz1burnburnburnburnburnburnburjAYjjX":"1"},"token_info":{"name":"\"My Ghost in Shell\"","description":"","tags":["AIGANPAINTINGsimulatingmyownpictorialpractice.JPGfile50x50cm"],"symbol":"OBJKT","artifactUri":"ipfs://QmTP9i1pHGGZzUnFCPfNskXaxQFVHNpmFDF8rQgDCajyKo","displayUri":"","thumbnailUri":"ipfs://QmNrhZHUaEqxhyLfqoq1mtHSipkWHeT31LNHb1QEbDHgnc","creators":["tz1SG64EWnpkbfsimsMbVyWXbjX6wBE7XqZ3"],"formats":[{"uri":"ipfs://QmTP9i1pHGGZzUnFCPfNskXaxQFVHNpmFDF8rQgDCajyKo","mimeType":"image/jpeg"}],"decimals":0,"isBooleanAmount":false,"shouldPreferSymbol":false}}]