{"objectId":"7985","ipfsHash":"QmT7usxQfTxGP5Xin9LMebja7DVhaFJELjFoTLTgGVJEGr","minter":"tz1cgQAQfECg5bPASYTMyJ9QJQjSUi8rfL67","swaps":[],"token_id":"7985","token_info":{"name":"greweb#036","description":"PM me on Twitter your TZ address BEFORE the buy. Shipping the original anywhere in the world! was #036 in daily series https://twitter.com/greweb/status/1357990846847741954 – written from scratch in Rust, plotted with AxiDraw & two Pilot V5 pens on card, 21cm x 21cm.","tags":["plot","irl","rustlang","greweb"],"symbol":"OBJKT","artifactUri":"ipfs://QmakFpSzSo5d5ycvQzHcsvAiHMrsVTPsGrntP4ojYwoLKF","creators":["tz1cgQAQfECg5bPASYTMyJ9QJQjSUi8rfL67"],"formats":[{"uri":"ipfs://QmakFpSzSo5d5ycvQzHcsvAiHMrsVTPsGrntP4ojYwoLKF","mimeType":"image/jpeg"}],"thumbnailUri":"ipfs://QmNrhZHUaEqxhyLfqoq1mtHSipkWHeT31LNHb1QEbDHgnc","decimals":0,"isBooleanAmount":false,"shouldPreferSymbol":false}}