{"result":{"objectId":22470,"ipfsHash":"QmZ1uH6owfRUDKV8hrQJB53kivHkScNVH8Qcqv9MjwvDVp","swaps":[],"token_id":22470,"total_amount":"1","owners":{"tz1SU6ok4VoZhTYm7pChMFeLXU9VearSKEE9":"1"},"token_info":{"name":"Ria","description":"[9/16] Ventinueve","tags":[""],"symbol":"OBJKT","artifactUri":"ipfs://QmYK7UaCyEpbeWtq5cqCvDUEquu5nafPF87tMxRpRHTBTz","displayUri":"","creators":["tz1SU6ok4VoZhTYm7pChMFeLXU9VearSKEE9"],"formats":[{"uri":"ipfs://QmYK7UaCyEpbeWtq5cqCvDUEquu5nafPF87tMxRpRHTBTz","mimeType":"image/png"}],"thumbnailUri":"ipfs://QmNrhZHUaEqxhyLfqoq1mtHSipkWHeT31LNHb1QEbDHgnc","decimals":0,"isBooleanAmount":false,"shouldPreferSymbol":false}}}