{"result":{"objectId":20699,"ipfsHash":"QmQuEgqr3jEH3Y5xHdmBDuFkZZMZzEtbrvPjbRwnUY2Jhp","swaps":[{"swap_id":"23649","issuer":"tz1Qzc6vaUF3iXMkiLyhq9Z99KTniA6b7Mox","objkt_amount":"1","xtz_per_objkt":"1500000"}],"token_id":20699,"total_amount":3,"owners":{"KT1Hkg5qeNhfwpKW4fXvq7HGZB9z2EnmCCA9":"1","tz1Qzc6vaUF3iXMkiLyhq9Z99KTniA6b7Mox":"1","tz1bs9UyrtMS7iuFR4pmvmgjqE7cqCN8N8Xm":"1"},"token_info":{"name":"DUST","description":"A collection of migrains","tags":["crash","brand"],"symbol":"OBJKT","artifactUri":"ipfs://QmaLRwKLz3sNN2j4HJgBV1f4BeT9RyYASL3o9bPbjqujbp","displayUri":"","creators":["tz1Qzc6vaUF3iXMkiLyhq9Z99KTniA6b7Mox"],"formats":[{"uri":"ipfs://QmaLRwKLz3sNN2j4HJgBV1f4BeT9RyYASL3o9bPbjqujbp","mimeType":"video/webm"}],"thumbnailUri":"ipfs://QmNrhZHUaEqxhyLfqoq1mtHSipkWHeT31LNHb1QEbDHgnc","decimals":0,"isBooleanAmount":false,"shouldPreferSymbol":false}}}