{"objectId":"11310","ipfsHash":"QmeK4nheP6SeTSc2xqzmdfJTnTgNWssB6CwvZErkX3JN59","minter":"tz1aqirgVyNEEpHfLAUPx6LGaDfc75Hq251u","swaps":[],"token_id":"11310","token_info":{"name":"对形式的热爱","description":"","tags":[""],"symbol":"OBJKT","artifactUri":"ipfs://QmUd3aaSP5dek7CYC9JNAdCzu4FtT6hbz8oLMwGyqyrcxA","creators":["tz1aqirgVyNEEpHfLAUPx6LGaDfc75Hq251u"],"formats":[{"uri":"ipfs://QmUd3aaSP5dek7CYC9JNAdCzu4FtT6hbz8oLMwGyqyrcxA","mimeType":"model/gltf-binary"}],"thumbnailUri":"ipfs://QmNrhZHUaEqxhyLfqoq1mtHSipkWHeT31LNHb1QEbDHgnc","decimals":0,"isBooleanAmount":false,"shouldPreferSymbol":false}}