{"objectId":"2545","ipfsHash":"QmTetffbiEJJx8mjCffu9DAwHiSratDQhsYaG2CwZcrsw8","minter":"tz1Lu9u822o2GeLvWXvbAyitidbS9UWDuwgk","swaps":[{"swap_id":"2545","objkt_id":"2679","amount":"15","xtz_per_objkt":"2000000"}],"token_id":"2545","token_info":{"name":"EAD #011","description":"Everyalmostday series - Each piece is based on a song","tags":["loop","motiondesign","graphicdesign","type"],"symbol":"OBJKT","artifactUri":"ipfs://QmY1npzhF6wRGXNq1YazmrpjxqiT8RDz9s9cFAF7hbNTxU","creators":["tz1Lu9u822o2GeLvWXvbAyitidbS9UWDuwgk"],"formats":[{"uri":"ipfs://QmY1npzhF6wRGXNq1YazmrpjxqiT8RDz9s9cFAF7hbNTxU","mimeType":"image/gif"}],"thumbnailUri":"ipfs://QmNrhZHUaEqxhyLfqoq1mtHSipkWHeT31LNHb1QEbDHgnc","decimals":0,"isBooleanAmount":false,"shouldPreferSymbol":false}}