{"result":{"objectId":17552,"ipfsHash":"QmZFnTYXnfgJn4dcCwAF8ybRsWDuE5pAApy4Tr8BgZacpk","swaps":[{"swap_id":"18836","issuer":"tz1h4kQ41bKFSbT3ACbeXpFiUnkQA199eCer","objkt_amount":"1","xtz_per_objkt":"10000000"}],"token_id":17552,"total_amount":"1","owners":{"KT1Hkg5qeNhfwpKW4fXvq7HGZB9z2EnmCCA9":"1"},"token_info":{"name":"PeaceTalks","description":"Digital Collage. Created on Photoshop by Guilherme Peluci on Friday, August 28 2015 13:41. JPEG 13.781.931 bytes. 8369 x 6565 Pixels","tags":["cleanNFT","DigitalCollage","Photoshop","Criptoart","Unique"],"symbol":"OBJKT","artifactUri":"ipfs://QmRyZizmwp6spuwbxKHHfusN8ccVC1kpvePyjzcLvptgAc","displayUri":"","creators":["tz1h4kQ41bKFSbT3ACbeXpFiUnkQA199eCer"],"formats":[{"uri":"ipfs://QmRyZizmwp6spuwbxKHHfusN8ccVC1kpvePyjzcLvptgAc","mimeType":"image/jpeg"}],"thumbnailUri":"ipfs://QmNrhZHUaEqxhyLfqoq1mtHSipkWHeT31LNHb1QEbDHgnc","decimals":0,"isBooleanAmount":false,"shouldPreferSymbol":false}}}