{"objectId":"11717","ipfsHash":"Qma3pqM1UiLMxR2bNHTQsUFnXCF1c1Sida77sBtbqPn5rb","minter":"tz1PTiGJ674i1feGXvmH3a61uXjf8z8Tp3Et","swaps":[{"swap_id":"11717","objkt_id":"11713","amount":"1","xtz_per_objkt":"200000000"}],"token_id":"11717","token_info":{"name":"Control The Soul #164","description":"Occult AI art collectible, each piece has one edition. [Series 1, #164/1000]; 2021 StyleGAN2 + CLIP 1024x1024","tags":["ai","art","collectible","controlthesoul"],"symbol":"OBJKT","artifactUri":"ipfs://QmeRAmbF1QMPTSv6ap36F9YjzDTN3b1L9h7Tte1B5QMmXN","creators":["tz1PTiGJ674i1feGXvmH3a61uXjf8z8Tp3Et"],"formats":[{"uri":"ipfs://QmeRAmbF1QMPTSv6ap36F9YjzDTN3b1L9h7Tte1B5QMmXN","mimeType":"image/png"}],"thumbnailUri":"ipfs://QmNrhZHUaEqxhyLfqoq1mtHSipkWHeT31LNHb1QEbDHgnc","decimals":0,"isBooleanAmount":false,"shouldPreferSymbol":false}}