{"objectId":"812","ipfsHash":"QmcNHX2NozhwMpBt6AiDMrvtRscRC3bV1G2iz1L5uNPNLm","minter":"tz1anG4iuY9TnfnzjVhR9ttvUJmGvdeA7FU9","swaps":[],"token_id":"812","token_info":{"name":"The Grid Frame","description":"This piece is born from a study on 10print algorithm. The output was coded in javascript using the webgl api.","tags":[],"symbol":"OBJKT","artifactUri":"ipfs://QmZhP25exLXVzEd1Xy5Q6wyNpxKu2G7C8GcnFi2j4STBjQ","creators":["tz1anG4iuY9TnfnzjVhR9ttvUJmGvdeA7FU9"],"formats":[{"uri":"ipfs://QmZhP25exLXVzEd1Xy5Q6wyNpxKu2G7C8GcnFi2j4STBjQ","mimeType":"image/png"}],"thumbnailUri":"ipfs://QmNrhZHUaEqxhyLfqoq1mtHSipkWHeT31LNHb1QEbDHgnc","decimals":0,"isBooleanAmount":false,"shouldPreferSymbol":false}}