{"objectId":"11469","ipfsHash":"QmPRe7mssmRzZWiokVYYdfMUL5z7x8G5AoS3WKPPzbqaKk","minter":"tz1YNUNArBDYWu8evZj73HR9vE6y5FQkaj5M","swaps":[],"token_id":"11469","token_info":{"name":"DIAMOND COIN #1","description":"ORIGINAL VISUAL KONCEPT MP4.  * FOLLOW ME @ https://soundcloud.com/OWSLEY-BEATS","tags":["CLEANNFTS","TEZOS","BITCOIN"],"symbol":"OBJKT","artifactUri":"ipfs://QmZY2zhjKpAdgEKbnvAgHraJFyLcB1EE2ZCPZmNmBUCwnU","creators":["tz1YNUNArBDYWu8evZj73HR9vE6y5FQkaj5M"],"formats":[{"uri":"ipfs://QmZY2zhjKpAdgEKbnvAgHraJFyLcB1EE2ZCPZmNmBUCwnU","mimeType":"video/mp4"}],"thumbnailUri":"ipfs://QmNrhZHUaEqxhyLfqoq1mtHSipkWHeT31LNHb1QEbDHgnc","decimals":0,"isBooleanAmount":false,"shouldPreferSymbol":false}}