{"result":{"objectId":20334,"ipfsHash":"QmUxrgfX1pyguCCHwYt28oCCRG8Qk9u6uubpydBKzH6E5H","swaps":[{"swap_id":"23043","issuer":"tz1PTiGJ674i1feGXvmH3a61uXjf8z8Tp3Et","objkt_amount":"1","xtz_per_objkt":"4000000"}],"token_id":20334,"total_amount":"1","owners":{"KT1Hkg5qeNhfwpKW4fXvq7HGZB9z2EnmCCA9":"1"},"token_info":{"name":"Control The Soul #808","description":"Occult AI art collectible, each piece has one edition. [Series 1, #808/1000]; 2021 StyleGAN2 + CLIP 1024x1024","tags":["ai","art","collectible","controlthesoul"],"symbol":"OBJKT","artifactUri":"ipfs://QmRSPdBLnU24RFcrgB67veBUMca5PQnvETwA6t9HVQtmGG","creators":["tz1PTiGJ674i1feGXvmH3a61uXjf8z8Tp3Et"],"formats":[{"uri":"ipfs://QmRSPdBLnU24RFcrgB67veBUMca5PQnvETwA6t9HVQtmGG","mimeType":"image/png"}],"thumbnailUri":"ipfs://QmNrhZHUaEqxhyLfqoq1mtHSipkWHeT31LNHb1QEbDHgnc","decimals":0,"isBooleanAmount":false,"shouldPreferSymbol":false}}}