{"result":{"objectId":27449,"ipfsHash":"QmeSpMSrw4ipgRpYw8oSAsVzAeFdPfHUznMxjjvRamPBR2","swaps":[{"swap_id":"40658","issuer":"tz2KeUHURbgGgx11be9gnST2kubNeuLPUh7L","objkt_amount":"1","xtz_per_objkt":"2000000"}],"token_id":27449,"total_amount":"1","owners":{"KT1Hkg5qeNhfwpKW4fXvq7HGZB9z2EnmCCA9":"1"},"token_info":{"name":"PEDRA PÁSSARO 16","description":"PEDRA PÁSSARO / an infinite series of generative 3d images / each image is unique / one of one / hi res / a1 300 dpi / by leston (@matheusleston)","tags":["3d","digital","algorithmic","generative","noise","random","voronoi","blackandwhite","blender","cycles"],"symbol":"OBJKT","artifactUri":"ipfs://QmTzhickFpxvSvwYp5VyJ7n2tTGRsKyn3b4Q7KqAED7JVX","displayUri":"","creators":["tz2KeUHURbgGgx11be9gnST2kubNeuLPUh7L"],"formats":[{"uri":"ipfs://QmTzhickFpxvSvwYp5VyJ7n2tTGRsKyn3b4Q7KqAED7JVX","mimeType":"image/png"}],"thumbnailUri":"ipfs://QmNrhZHUaEqxhyLfqoq1mtHSipkWHeT31LNHb1QEbDHgnc","decimals":0,"isBooleanAmount":false,"shouldPreferSymbol":false}}}