{"result":{"objectId":29683,"ipfsHash":"QmPWxgw6dp4jwLGEXMZTrPs1wMW5MnXNupJiA4AwUKE3z9","swaps":[{"swap_id":"39958","issuer":"tz1LB4qTKVx2yqkpgFhszajbF2r1atgBvjnN","objkt_amount":"48","xtz_per_objkt":"2000000"}],"token_id":29683,"total_amount":50,"owners":{"KT1Hkg5qeNhfwpKW4fXvq7HGZB9z2EnmCCA9":"48","tz1aVgxdSRcHZZK9BSmEPHjMA6eM7dsiboN5":"1","tz1cjn8DAkb7FsCHMJsJq17uRFWhCrGxnzqd":"1"},"token_info":{"name":"#01 Block of Embryonic Amniotic","description":"#01 | Premature embryonic metallic rock block extruded with blue amniotic fluid protecting the fetus kept inside | Software:MagicaVoxel | My Web Site www.jakkaj.com | Twitter @jakkajfr","tags":["Fetus","Embryonic","Amniotic","Premature","block","Voxel","3D","360","Water"],"symbol":"OBJKT","artifactUri":"ipfs://QmVBs8BJaewD755vVuXYKnkiGDTDFeZmRB7waUhKxEhLCa","displayUri":"","thumbnailUri":"ipfs://QmNrhZHUaEqxhyLfqoq1mtHSipkWHeT31LNHb1QEbDHgnc","creators":["tz1LB4qTKVx2yqkpgFhszajbF2r1atgBvjnN"],"formats":[{"uri":"ipfs://QmVBs8BJaewD755vVuXYKnkiGDTDFeZmRB7waUhKxEhLCa","mimeType":"video/mp4"}],"decimals":0,"isBooleanAmount":false,"shouldPreferSymbol":false}}}