{"objectId":"12838","ipfsHash":"QmPKFvJSHKVLKYh9sLaSNgBYsEQWTiZhjX9q2zYAjAgFKt","minter":"tz1iCwjdmqb6rFuDVTBr3hZAV7TY427pswQi","swaps":[],"token_id":"12838","token_info":{"name":"","description":"inside the wave @rofloos","tags":["generative","wave","rofloos"],"symbol":"OBJKT","artifactUri":"ipfs://QmUcqeUXKNbiMschwiSnMpceUtc6vWaQ7oGuXoznJmGq8n","displayUri":null,"creators":["tz1iCwjdmqb6rFuDVTBr3hZAV7TY427pswQi"],"formats":[{"uri":"ipfs://QmUcqeUXKNbiMschwiSnMpceUtc6vWaQ7oGuXoznJmGq8n","mimeType":"image/png"}],"thumbnailUri":"ipfs://QmNrhZHUaEqxhyLfqoq1mtHSipkWHeT31LNHb1QEbDHgnc","decimals":0,"isBooleanAmount":false,"shouldPreferSymbol":false}}