{"result":{"objectId":23689,"ipfsHash":"QmaELxb3uzkC5ZJn4FYJLc7N9d9xur6Wrk1M42hc6oTVgR","swaps":[{"swap_id":"28657","issuer":"tz1UnHbA3WnGfy3ucyKkHNYznD3NdEk9AuQ4","objkt_amount":"5","xtz_per_objkt":"2500000"}],"token_id":23689,"total_amount":"5","owners":{"KT1Hkg5qeNhfwpKW4fXvq7HGZB9z2EnmCCA9":"5"},"token_info":{"name":"White Swan","description":"Not everything are black swans","tags":["white","swan","luck"],"symbol":"OBJKT","artifactUri":"ipfs://QmVjzHSVMuEtteXDQMrVf6J71fnGW1schPRLFwhyes7afB","displayUri":"","creators":["tz1UnHbA3WnGfy3ucyKkHNYznD3NdEk9AuQ4"],"formats":[{"uri":"ipfs://QmVjzHSVMuEtteXDQMrVf6J71fnGW1schPRLFwhyes7afB","mimeType":"image/jpeg"}],"thumbnailUri":"ipfs://QmNrhZHUaEqxhyLfqoq1mtHSipkWHeT31LNHb1QEbDHgnc","decimals":0,"isBooleanAmount":false,"shouldPreferSymbol":false}}}