{"objectId":"238","ipfsHash":"QmVQjr37h9n3QA2HpLCpjirAjnEFbVcwZsTULtSe29L7La","minter":"tz1PLXrCSPxJzDt3rbf9g8f2cphd22KLnPE9","swaps":[{"swap_id":"238","objkt_id":"418","amount":"3","xtz_per_objkt":"3000000"}],"token_id":"238","token_info":{"name":"Diapason","description":"Life has no bottom. Its basic principle is organization. -Albert Szent-Gyorgyi","tags":[],"symbol":"OBJKT","artifactUri":"ipfs://QmdQsgsDjJ6CGPXyeVHBk8jCWHTqx9EGZQXJvJedaeFbEo","creators":["tz1PLXrCSPxJzDt3rbf9g8f2cphd22KLnPE9"],"formats":[{"uri":"ipfs://QmdQsgsDjJ6CGPXyeVHBk8jCWHTqx9EGZQXJvJedaeFbEo","mimeType":"image/gif"}],"thumbnailUri":"ipfs://QmNrhZHUaEqxhyLfqoq1mtHSipkWHeT31LNHb1QEbDHgnc","decimals":0,"isBooleanAmount":true,"shouldPreferSymbol":false}}