{"result":{"objectId":20733,"ipfsHash":"QmexREw9cfqasxWqSbkoPeqRFRwy9YFufm27g9yNYJKU19","swaps":[{"swap_id":"24255","issuer":"tz1Qzc6vaUF3iXMkiLyhq9Z99KTniA6b7Mox","objkt_amount":"25","xtz_per_objkt":"1500000"}],"token_id":20733,"total_amount":"25","owners":{"KT1Hkg5qeNhfwpKW4fXvq7HGZB9z2EnmCCA9":"25"},"token_info":{"name":"SPILT","description":"Nothing remains","tags":["liquid"],"symbol":"OBJKT","artifactUri":"ipfs://Qmdkp7ZLP8V88B13FUA2kcpFvD2X5CSZJofS6tztKA8vwJ","displayUri":"","creators":["tz1Qzc6vaUF3iXMkiLyhq9Z99KTniA6b7Mox"],"formats":[{"uri":"ipfs://Qmdkp7ZLP8V88B13FUA2kcpFvD2X5CSZJofS6tztKA8vwJ","mimeType":"video/webm"}],"thumbnailUri":"ipfs://QmNrhZHUaEqxhyLfqoq1mtHSipkWHeT31LNHb1QEbDHgnc","decimals":0,"isBooleanAmount":false,"shouldPreferSymbol":false}}}