{"result":{"objectId":26599,"ipfsHash":"QmSas3Mp5XRS4MRd1jdm4GAuDFJo7DyUEtZTc8SzLinDSS","swaps":[{"swap_id":"34302","issuer":"tz1XK4EyjsiBnYyapv6awbF1PgPc61NYamfc","objkt_amount":"5","xtz_per_objkt":"2000000"}],"token_id":26599,"total_amount":10,"owners":{"KT1Hkg5qeNhfwpKW4fXvq7HGZB9z2EnmCCA9":"5","tz1XK4EyjsiBnYyapv6awbF1PgPc61NYamfc":"5"},"token_info":{"name":"BOKAY","description":"The eye that does not see the darkness","tags":[""],"symbol":"OBJKT","artifactUri":"ipfs://QmX7AqBntR4RF44ZbjtWJEcoxWE1vjDS7EXSfY9rpHLaFh","displayUri":"","creators":["tz1XK4EyjsiBnYyapv6awbF1PgPc61NYamfc"],"formats":[{"uri":"ipfs://QmX7AqBntR4RF44ZbjtWJEcoxWE1vjDS7EXSfY9rpHLaFh","mimeType":"image/gif"}],"thumbnailUri":"ipfs://QmNrhZHUaEqxhyLfqoq1mtHSipkWHeT31LNHb1QEbDHgnc","decimals":0,"isBooleanAmount":false,"shouldPreferSymbol":false}}}