{"objectId":"8236","ipfsHash":"QmevHsy4sKFkd4SRf168pUp4ssdvPLxdqUrJpk3TjQ4BJZ","minter":"tz1f94uZ7SF2fLKnMjFzGQTbznd8qpAZ12is","swaps":[{"swap_id":"8236","objkt_id":"8266","amount":"1","xtz_per_objkt":"9000000"}],"token_id":"8236","token_info":{"name":"haze aesthetics #21","description":"A new aesthetics exploration series (March 2021). 77 individual NFT arts created using StyleGAN trained on a vaporwave dataset (4k images) collected from reddit and bandcamp. Cherry picked. 1024 x 1024. @NEURAL HAZE","tags":["vaporwave","aesthetics","abstract","stylegan","artwork","bandcamp","reddit","neuralnetwork","machinelearning"],"symbol":"OBJKT","artifactUri":"ipfs://QmdYLzPdwvMJA8pQQiK3xnPuvDMvq5p8CkQRMKaU1ubZMZ","creators":["tz1f94uZ7SF2fLKnMjFzGQTbznd8qpAZ12is"],"formats":[{"uri":"ipfs://QmdYLzPdwvMJA8pQQiK3xnPuvDMvq5p8CkQRMKaU1ubZMZ","mimeType":"image/png"}],"thumbnailUri":"ipfs://QmNrhZHUaEqxhyLfqoq1mtHSipkWHeT31LNHb1QEbDHgnc","decimals":0,"isBooleanAmount":false,"shouldPreferSymbol":false}}