{"objectId":"12212","ipfsHash":"QmQNxfTvn78u2UCYDnv8NhGxq8F2fVeHfB1cNg5moc7D63","minter":"tz1R5aLedcRQb9kYyNBS1UXzHR6aQQ3Z5qoq","swaps":[{"swap_id":"12212","objkt_id":"12228","amount":"1","xtz_per_objkt":"2000000"}],"token_id":"12212","token_info":{"name":"Date Night","description":"Artist: Sutu | Medium: Digital Illustration, PNG: 3000x2387 pixels | Original Creation Date: October 10, 2020 | Twitter: @sutu_eats_flies","tags":["illustration","digital","glitch","scifi","robot","feminine",""],"symbol":"OBJKT","artifactUri":"ipfs://QmdMd8sMzz7v1nEdhWVE44QeMUvkgtwnn4TmK4rHs4G6qP","creators":["tz1R5aLedcRQb9kYyNBS1UXzHR6aQQ3Z5qoq"],"formats":[{"uri":"ipfs://QmdMd8sMzz7v1nEdhWVE44QeMUvkgtwnn4TmK4rHs4G6qP","mimeType":"image/png"}],"thumbnailUri":"ipfs://QmNrhZHUaEqxhyLfqoq1mtHSipkWHeT31LNHb1QEbDHgnc","decimals":0,"isBooleanAmount":false,"shouldPreferSymbol":false}}