{"objectId":"15754","ipfsHash":"QmZwYdiWdLBxdU8xrQqhPYAXikdQ2mC8dSe2shrGRWjaun","minter":"tz1MhtWH3ATycAbKayhLKaWKUMFGZwYZtip2","swaps":[{"swap_id":"15754","objkt_id":"6874","amount":"9","xtz_per_objkt":"10000000"}],"token_id":"15754","token_info":{"name":"Beauty II","description":"Mankind is ill equipped to deal with diffuse threats ","tags":["climatecrisis","clouds","beauty"],"symbol":"OBJKT","artifactUri":"ipfs://QmSsLz6Yho6WoTMuHc42t45WWj3PxXU1V89cJ24Pgoy7w6","displayUri":"","creators":["tz1MhtWH3ATycAbKayhLKaWKUMFGZwYZtip2"],"formats":[{"uri":"ipfs://QmSsLz6Yho6WoTMuHc42t45WWj3PxXU1V89cJ24Pgoy7w6","mimeType":"image/jpeg"}],"thumbnailUri":"ipfs://QmNrhZHUaEqxhyLfqoq1mtHSipkWHeT31LNHb1QEbDHgnc","decimals":0,"isBooleanAmount":false,"shouldPreferSymbol":false}}