{"objectId":"280","ipfsHash":"QmUgG9y87kZz3ztzC7y3Kmea8qaAM6aTYEmvuisyTVG9mj","minter":"tz2P5LDf8pQRfwCCvx2VmRXnwzeqqrbjKC8U","swaps":[{"swap_id":"280","objkt_id":"469","amount":"5","xtz_per_objkt":"10000000"}],"token_id":"280","token_info":{"name":"Argus Panoptes","description":"NFT art by Radiant Realms","tags":[],"symbol":"OBJKT","artifactUri":"ipfs://Qmf7XSLHH1TuwjkGurnDCEfiPQynZuTnxaLnoZWmz2j9VG","creators":["tz2P5LDf8pQRfwCCvx2VmRXnwzeqqrbjKC8U"],"formats":[{"uri":"ipfs://Qmf7XSLHH1TuwjkGurnDCEfiPQynZuTnxaLnoZWmz2j9VG","mimeType":"image/jpeg"}],"thumbnailUri":"ipfs://QmNrhZHUaEqxhyLfqoq1mtHSipkWHeT31LNHb1QEbDHgnc","decimals":0,"isBooleanAmount":false,"shouldPreferSymbol":false}}