{"objectId":"7897","ipfsHash":"QmcvAyWgQ3ju1AcotiBa9uocQxr2Un1z4u234yinFhvQWb","minter":"tz1aXcPJTeNdgyf8JiTaRDgbCaNd1bKxDfm4","swaps":[{"swap_id":"7897","objkt_id":"7907","amount":"3","xtz_per_objkt":"10000000"}],"token_id":"7897","token_info":{"name":"YOSHINAMI COMBAT","description":"@thisisarobot2","tags":["nft","nftcollectos","thisisarobot"],"symbol":"OBJKT","artifactUri":"ipfs://QmYoUqRf3cvhm4bgBt8tmybd4qPmDtRXBvwm5u2NBDz5nF","creators":["tz1aXcPJTeNdgyf8JiTaRDgbCaNd1bKxDfm4"],"formats":[{"uri":"ipfs://QmYoUqRf3cvhm4bgBt8tmybd4qPmDtRXBvwm5u2NBDz5nF","mimeType":"image/gif"}],"thumbnailUri":"ipfs://QmNrhZHUaEqxhyLfqoq1mtHSipkWHeT31LNHb1QEbDHgnc","decimals":0,"isBooleanAmount":false,"shouldPreferSymbol":false}}