{"objectId":"2457","ipfsHash":"QmYqhjHNDk58HdJxiMiS8S1sp8jVPmm7CtMxJ1cBXGbt8b","minter":"tz1Zz6yS83HwfvCKxY37iBhfxi9nugxZjY67","swaps":[{"swap_id":"2457","objkt_id":"2592","amount":"3","xtz_per_objkt":"3000000"}],"token_id":"2457","token_info":{"name":"MEAT ROBOTO / Frequencies & Frames__001","description":"3D Render made on 2017, never sold/posted before. Original soundtrack by Chediak, composed in 2021. // scuopnuo.com","tags":["3d;vfx;motion;audio;sounddesign;techno;acid"],"symbol":"OBJKT","artifactUri":"ipfs://QmPySbgREpRt5eNQ2zfHGzYqemqFc37xJB2Xb5ZqsYEYTD","creators":["tz1Zz6yS83HwfvCKxY37iBhfxi9nugxZjY67"],"formats":[{"uri":"ipfs://QmPySbgREpRt5eNQ2zfHGzYqemqFc37xJB2Xb5ZqsYEYTD","mimeType":"video/mp4"}],"thumbnailUri":"ipfs://QmNrhZHUaEqxhyLfqoq1mtHSipkWHeT31LNHb1QEbDHgnc","decimals":0,"isBooleanAmount":false,"shouldPreferSymbol":false}}