{"result":{"objectId":30949,"ipfsHash":"QmPU8vwY7kFDLR1V3W9THtPYRFoCBCEvPn8qH4ECvE2Tkq","swaps":[{"swap_id":"42295","issuer":"tz1gmajxhmKt22CbcsSA7WWXSATgbuVEmzTC","objkt_amount":"1","xtz_per_objkt":"10000000"},{"swap_id":"42312","issuer":"tz1Urq3uyKnJirZ3NH7VPPX7P7QQ7DMmfrHs","objkt_amount":"1","xtz_per_objkt":"8000000"},{"swap_id":"42344","issuer":"tz1Pf9opMLi5ZcKmTiWsDH1vZrfMjQ1pY9pZ","objkt_amount":"1","xtz_per_objkt":"12000000"},{"swap_id":"42370","issuer":"tz1Urq3uyKnJirZ3NH7VPPX7P7QQ7DMmfrHs","objkt_amount":"1","xtz_per_objkt":"9000000"},{"swap_id":"42399","issuer":"tz1U4GbprXQY2z61szGzdStc9qJGT3Ca1crS","objkt_amount":"1","xtz_per_objkt":"7500000"}],"token_id":30949,"total_amount":10,"owners":{"KT1Hkg5qeNhfwpKW4fXvq7HGZB9z2EnmCCA9":"5","tz1QpvURES6sBsL6gGh4aeBRtw6ShcAjYj6u":"1","tz1Urq3uyKnJirZ3NH7VPPX7P7QQ7DMmfrHs":"1","tz1cd8cN3qrphyJ3n337tcbCP2G5QkMP271b":"1","tz1fhd4k1jSJRRcNVbkMwVzkKEhX3kzApsfk":"1","tz1gmajxhmKt22CbcsSA7WWXSATgbuVEmzTC":"1"},"token_info":{"name":"Erwin Schrödinger","description":"Historical character #12/33 brought back to life thanks to AI technology.  Format GIF - size 512 x 512px.  Twitter: @historicalive","tags":["historicalive","art","intelligence","artificial","gif"],"symbol":"OBJKT","artifactUri":"ipfs://QmSbFdKAxpAaTzZsjZ2Sv6SH4T4PyeqvwJYqoBQUA2KpB7","displayUri":"","thumbnailUri":"ipfs://QmNrhZHUaEqxhyLfqoq1mtHSipkWHeT31LNHb1QEbDHgnc","creators":["tz1Urq3uyKnJirZ3NH7VPPX7P7QQ7DMmfrHs"],"formats":[{"uri":"ipfs://QmSbFdKAxpAaTzZsjZ2Sv6SH4T4PyeqvwJYqoBQUA2KpB7","mimeType":"image/gif"}],"decimals":0,"isBooleanAmount":false,"shouldPreferSymbol":false}}}