{"result":{"objectId":21437,"ipfsHash":"Qmeex9r3yF62coF68ijfTJ47sW1eYmY1dEaohemggxFWHb","swaps":[{"swap_id":"24849","issuer":"tz1XEJFTcKBmQrQHgAEsQ4UUWfk1FMnG5SeA","objkt_amount":"4","xtz_per_objkt":"2000000"},{"swap_id":"24852","issuer":"tz1XEJFTcKBmQrQHgAEsQ4UUWfk1FMnG5SeA","objkt_amount":"4","xtz_per_objkt":"3000000"},{"swap_id":"24854","issuer":"tz1XEJFTcKBmQrQHgAEsQ4UUWfk1FMnG5SeA","objkt_amount":"4","xtz_per_objkt":"4000000"},{"swap_id":"24848","issuer":"tz1XEJFTcKBmQrQHgAEsQ4UUWfk1FMnG5SeA","objkt_amount":"2","xtz_per_objkt":"1000000"}],"token_id":21437,"total_amount":16,"owners":{"KT1Hkg5qeNhfwpKW4fXvq7HGZB9z2EnmCCA9":"14","tz1Pw24gCJfukqQrPjHCFx3s1oaZGyHsB4H4":"1","tz1eT35U51k1FxduLgFFTqrcYV4b6LRtTvUr":"1"},"token_info":{"name":"Digit'all","description":"Digital Emotions Collection - Item X (1)","tags":["DIGITAL","EMOTIONS","COLLECTION","ART","EMOTION","BLACK","AQUA","PINK","DRAW","2D"],"symbol":"OBJKT","artifactUri":"ipfs://QmS8ba23LBMtM3Zj1E8EJcknYakMDpTYReFLQuuFbuv5M7","displayUri":"","creators":["tz1XEJFTcKBmQrQHgAEsQ4UUWfk1FMnG5SeA"],"formats":[{"uri":"ipfs://QmS8ba23LBMtM3Zj1E8EJcknYakMDpTYReFLQuuFbuv5M7","mimeType":"image/gif"}],"thumbnailUri":"ipfs://QmNrhZHUaEqxhyLfqoq1mtHSipkWHeT31LNHb1QEbDHgnc","decimals":0,"isBooleanAmount":false,"shouldPreferSymbol":false}}}