{"objectId":"13268","ipfsHash":"QmPHPsCZDJTPGNSFK71kDaeVXPhW4UYsj7QQm3DncKc7qQ","minter":"tz1LRPHhhQSYwNJwaxNuv9TuC6V7y884toTS","swaps":[{"swap_id":"13268","objkt_id":"13266","amount":"44","xtz_per_objkt":"1000000"}],"token_id":"13268","token_info":{"name":"Space Jam 3 brazilian edition","description":"brazilian characters playing basketball with Oscar Schmitd","tags":["brazil","spacejam","cartoon","gif","digitalanimation","art","brasil","basketball","digitalart","collectable","space","jam",""],"symbol":"OBJKT","artifactUri":"ipfs://QmVLhU5iV5ymjA4eWmvFzqG3dzNCSj4iEEFNgs45VwZUiA","displayUri":null,"creators":["tz1LRPHhhQSYwNJwaxNuv9TuC6V7y884toTS"],"formats":[{"uri":"ipfs://QmVLhU5iV5ymjA4eWmvFzqG3dzNCSj4iEEFNgs45VwZUiA","mimeType":"image/gif"}],"thumbnailUri":"ipfs://QmNrhZHUaEqxhyLfqoq1mtHSipkWHeT31LNHb1QEbDHgnc","decimals":0,"isBooleanAmount":false,"shouldPreferSymbol":false}}