{"objectId":"3092","ipfsHash":"QmafH5fKY8Gr2yxgv7prnYzrnFi4B2ZqN4zSRtwxoxxQvH","minter":"tz1bTm85NEor6iHwTQUt5fs4CE62pjhL3Z7L","swaps":[{"swap_id":"3092","objkt_id":"3166","amount":"20","xtz_per_objkt":"1000000"}],"token_id":"3092","token_info":{"name":"BIgTheCOIN","description":"Artist: @telman","tags":[""],"symbol":"OBJKT","artifactUri":"ipfs://QmWmGQ7tpFHqbZ4KPqnRqrypbgppJ7tvGzkgGWw18hWfvk","creators":["tz1bTm85NEor6iHwTQUt5fs4CE62pjhL3Z7L"],"formats":[{"uri":"ipfs://QmWmGQ7tpFHqbZ4KPqnRqrypbgppJ7tvGzkgGWw18hWfvk","mimeType":"video/mp4"}],"thumbnailUri":"ipfs://QmNrhZHUaEqxhyLfqoq1mtHSipkWHeT31LNHb1QEbDHgnc","decimals":0,"isBooleanAmount":false,"shouldPreferSymbol":false}}