{"result":{"objectId":23723,"ipfsHash":"QmaFujukgiDEmtjUgVyWogMpjwLA2FGRUuwRwEcMFxojRj","swaps":[{"swap_id":"28721","issuer":"tz1eZkGoBrJGXtL1gRdL9ypjUAvzQvzUfqGj","objkt_amount":"46","xtz_per_objkt":"1000000"}],"token_id":23723,"total_amount":50,"owners":{"KT1Hkg5qeNhfwpKW4fXvq7HGZB9z2EnmCCA9":"46","tz1XQBiuYpkx3s9nF49D9HE2pbC3DUNnKZHJ":"1","tz1Ypw11bAMAkkrwwEUXgAHqTBKeRjbbmmbe":"1","tz1ZdMfzmWLb8mu22jE7rZ8Y3t9iKezM68cq":"1","tz1eZkGoBrJGXtL1gRdL9ypjUAvzQvzUfqGj":"1"},"token_info":{"name":"Entre linhas","description":"Animation by Antonio Ton","tags":["ART","ENERGY","GEOMETRIC","SPHERE","EXPAND","ANTONIOTON"],"symbol":"OBJKT","artifactUri":"ipfs://Qme525YELivEvkXhcksBk9SebFdtb8QHkfrGXWBnCePgBQ","displayUri":"","creators":["tz1eZkGoBrJGXtL1gRdL9ypjUAvzQvzUfqGj"],"formats":[{"uri":"ipfs://Qme525YELivEvkXhcksBk9SebFdtb8QHkfrGXWBnCePgBQ","mimeType":"image/gif"}],"thumbnailUri":"ipfs://QmNrhZHUaEqxhyLfqoq1mtHSipkWHeT31LNHb1QEbDHgnc","decimals":0,"isBooleanAmount":false,"shouldPreferSymbol":false}}}