{"result":{"objectId":25589,"ipfsHash":"Qmamzvu66xK3Hv1d6ai3YSKyq1jmzT7BNWE8hjUX3fPkic","swaps":[{"swap_id":"32456","issuer":"tz1SWFZDWJpVySdgTiYaVHeoiYGt8FqVxK7Q","objkt_amount":"8","xtz_per_objkt":"1000000"}],"token_id":25589,"total_amount":21,"owners":{"KT1Hkg5qeNhfwpKW4fXvq7HGZB9z2EnmCCA9":"8","tz1SWFZDWJpVySdgTiYaVHeoiYGt8FqVxK7Q":"1","tz1TQcXkpNSFoQHX86WuNmTqJmwDwg2cAjhx":"1","tz1UE2omGnq3NzmMdxADYp1dcgvRKFuoFmy7":"1","tz1UgqnXhXSnN8f8Ydt2nXbdDhreAwuu24Sx":"1","tz1VDrHAnLxLH8JrWAKkZhJjyaqqR3qsbhUQ":"1","tz1VFqe7CFMFWPeeqFXCyWe33KcfDdXadDUm":"1","tz1XuPRJJEdEumLcuJc4pdzejqs58qBFJSCW":"1","tz1bZKvLf78P2cQKTuXJHPhEBAvDAF4cGv7c":"1","tz1bxe2Tp3EqWZqZX5Kvmg9MxTmX8LBiUchk":"1","tz1fB4hPBy8oQyutbmSAHAiUQcugMbrFHstu":"1","tz1gweZ5MNRidncb2TS1Vyy63ZqwGhVwPiQm":"1","tz2NWTRnnJYh3pY98PCJsBWKnHAnYwdKZMHc":"1","tz2UFengDQP723q7R3Mb8ewsJnq2EmErBsj3":"1"},"token_info":{"name":"STONE COLLAGE","description":"collage made by gustavo paim @colapsismo","tags":["collage"],"symbol":"OBJKT","artifactUri":"ipfs://QmRgfEkBR9Cc4F8BFr4SdaLAn1wkeNkRsKydW5rWKpSpSy","displayUri":"","creators":["tz1SWFZDWJpVySdgTiYaVHeoiYGt8FqVxK7Q"],"formats":[{"uri":"ipfs://QmRgfEkBR9Cc4F8BFr4SdaLAn1wkeNkRsKydW5rWKpSpSy","mimeType":"image/png"}],"thumbnailUri":"ipfs://QmNrhZHUaEqxhyLfqoq1mtHSipkWHeT31LNHb1QEbDHgnc","decimals":0,"isBooleanAmount":false,"shouldPreferSymbol":false}}}