{"objectId":"2512","ipfsHash":"QmVARTxnxSHWgtX2W9xCzZnJ1ngvrem9Uys6VoqLjaxe8s","minter":"tz1UNToyNzphLaxi4H3C5XgkpnumakKab4XN","swaps":[],"token_id":"2512","token_info":{"name":"TPDTM_NFT_03_WHEREEE_IS_HE","description":"THE HAND CREATES THE GEOMETRY OR THE GEOMETRY CREATES THE HAND.","tags":["DEATH","DECAY","DECOMPOSITION","NOTHING"],"symbol":"OBJKT","artifactUri":"ipfs://Qmaz5WbK26z8RLVZ24nphE4vhHBWH9wZojbKrBSMwH7tnH","creators":["tz1UNToyNzphLaxi4H3C5XgkpnumakKab4XN"],"formats":[{"uri":"ipfs://Qmaz5WbK26z8RLVZ24nphE4vhHBWH9wZojbKrBSMwH7tnH","mimeType":"video/mp4"}],"thumbnailUri":"ipfs://QmNrhZHUaEqxhyLfqoq1mtHSipkWHeT31LNHb1QEbDHgnc","decimals":0,"isBooleanAmount":false,"shouldPreferSymbol":false}}