{"objectId":"13842","ipfsHash":"Qmd7iHYg2WZddHL2ibAZw57XVZj3MtFC2vo66yksB6jz2a","minter":"tz1gSPkEEMkMJjYDa9FrNzxGbMJrdzvqwkW2","swaps":[],"token_id":"13842","token_info":{"name":"rub my belly","description":"yoda asking for a rubdown, march 26 2019","tags":[""],"symbol":"OBJKT","artifactUri":"ipfs://QmTb7fZDLHari1nqaXgZohrBBsWmsFPQZ3tN6Leux7hX8b","displayUri":null,"creators":["tz1gSPkEEMkMJjYDa9FrNzxGbMJrdzvqwkW2"],"formats":[{"uri":"ipfs://QmTb7fZDLHari1nqaXgZohrBBsWmsFPQZ3tN6Leux7hX8b","mimeType":"image/jpeg"}],"thumbnailUri":"ipfs://QmNrhZHUaEqxhyLfqoq1mtHSipkWHeT31LNHb1QEbDHgnc","decimals":0,"isBooleanAmount":false,"shouldPreferSymbol":false}}