{"objectId":"14283","ipfsHash":"QmZ2dsDLzDwtYRGmnNZ8LnuKXk1PV9LHhv8KfsxWXMP3XB","minter":"tz1inRVdMXM65pkcamrEEhr89nzMEwmvYNE9","swaps":[],"token_id":"14283","token_info":{"name":"test","description":"test","tags":["javascript","vr","3d","interactive","live","threejs","aframe"],"symbol":"OBJKT","artifactUri":"ipfs://QmQgiNSxvcybwa5WFBUqMTrR6jNu6MvBNezWr5FC3qAWbe","displayUri":"ipfs://QmNrGCXXwzqjEPDfmHftKAWk6ZCpPvpBwQ19KQGQmyPJuq","creators":["tz1inRVdMXM65pkcamrEEhr89nzMEwmvYNE9"],"formats":[{"uri":"ipfs://QmQgiNSxvcybwa5WFBUqMTrR6jNu6MvBNezWr5FC3qAWbe","mimeType":"application/x-directory"}],"thumbnailUri":"ipfs://QmNrhZHUaEqxhyLfqoq1mtHSipkWHeT31LNHb1QEbDHgnc","decimals":0,"isBooleanAmount":false,"shouldPreferSymbol":false}}