{"result":{"objectId":28211,"ipfsHash":"QmY32jZjc2WkUPB2sTJwi41P5umoYaDSzYMf1skNrydwSx","swaps":[{"swap_id":"42212","issuer":"tz1TNtDa487UmKbAvAD8Q3GCWRuLTS1r1B16","objkt_amount":"2","xtz_per_objkt":"2000000"}],"token_id":28211,"total_amount":50,"owners":{"KT1Hkg5qeNhfwpKW4fXvq7HGZB9z2EnmCCA9":"2","tz1Kgr4JnUP7CEJrdrbZDXhuwrZrsBvNsu2n":"1","tz1LHQvQW2YxUaAG5Swx7ezHXfXycXzAqS7W":"1","tz1LSjfgjLXmbp6VtPx7Tptxuh3Ljjbqj2Py":"1","tz1N9RTmrom6Rup5HRgxmwwLMDkQuqhjjyto":"1","tz1NCYei4iNnknNX7sfEW47WoV1FXmK1ZnXX":"1","tz1Pj6P9tQiporvmj78bMtP1EMAvbYgmUGPy":"1","tz1Pu8zRmNghAHzWxsT9Cy2qXHxkCrHcB3vc":"1","tz1Q7eN4FpfgppfctRmBRHdqtpAgaAnZaxfu":"1","tz1QYhLWMsToRm22TqkBiKFVJhdy17jyjPp8":"1","tz1RJaJXwrqyjUtWyXqcybX77yUKHj8j3oyL":"1","tz1RnsQi6BaYpm6sMMTkVqGk5Jk6BKpmTp8C":"1","tz1SvUbq5n5PW1S2RdRirN3kqwgE8MGyRwQx":"1","tz1TGFer3chbrkNKHJK1Mv4XHi3oMAJoTCxA":"1","tz1TNtDa487UmKbAvAD8Q3GCWRuLTS1r1B16":"15","tz1To7j5MHj4vjquGYdbASX4tZnstNgpsE9x":"2","tz1UAY5RSuG6nRJhdHDVMVSg9Lt2pSZez5JR":"1","tz1VSTkJvc232unJnuxKaXM5mJKjUdpH18Yb":"1","tz1Xi3ezFMrSFKiQAb2D1LykVM4n3m949L9P":"1","tz1YxN1Ft1LDGaKRr82zVtPEzrkydowo89qd":"1","tz1ZdMfzmWLb8mu22jE7rZ8Y3t9iKezM68cq":"1","tz1akLQDt7b2frRgtnKydD9mioALNNYfwLCv":"1","tz1awh8dGUvo2aH4HxheWq2Ua4pa9UHcqkMV":"1","tz1bLpeYG8ptG4wziQgnjBR1WxCNuWkdSybM":"1","tz1eMBi9Gu1ufDGE1KnoxnqfjeR1pfUuWbdR":"1","tz1ezVDe2XwaQWJmQhkHJ7GoCKZDbJLXhkjB":"1","tz1fwUoAY4h331VNWgR3ZwSeJxXtvy9wWzq7":"1","tz1gLHXnrTxL3LihtZ9jmTQhkmBv5xGid15T":"1","tz1hkv5Dw13NoPKPmbrvx2Rs2tn7CANubSHL":"1","tz2GFuTCwvtwCoKLSzhZg6PJEYLg82K48zMU":"1","tz2HwP1JKEjEy4H8RxPMkoHWuSzUWZsRSC3R":"1","tz2TAG35KHW9Ae4qqwUnutTtu33jritXcoyZ":"1","tz2UFengDQP723q7R3Mb8ewsJnq2EmErBsj3":"1","tz2UnPpvWtKNxdsNFSD1ayqvnmUwxtq3D2ai":"1"},"token_info":{"name":"V/RADIO-01-01","description":"Interactive interpretation of the chart that inspired many. Series 01, iteration 01, made by @voorbeeld. Use mouse or touch on field. Swipe left/right to switch modes or click on the numbered dots at the bottom to select any of the 6 modes.","tags":["SVG","interactive","creativecoding","generative","kotlin","openrndr","voorbeeld"],"symbol":"OBJKT","artifactUri":"ipfs://QmTjQRdq12tn2Jnv8bBF97LZmLnMVNpkEqQtvSiHkAUpJm","displayUri":"","thumbnailUri":"ipfs://QmNrhZHUaEqxhyLfqoq1mtHSipkWHeT31LNHb1QEbDHgnc","creators":["tz1TNtDa487UmKbAvAD8Q3GCWRuLTS1r1B16"],"formats":[{"uri":"ipfs://QmTjQRdq12tn2Jnv8bBF97LZmLnMVNpkEqQtvSiHkAUpJm","mimeType":"image/svg+xml"}],"decimals":0,"isBooleanAmount":false,"shouldPreferSymbol":false}}}