{"objectId":"12615","ipfsHash":"QmbHcvJaCUNjHzg5rCjmbtdrQk5eyk339cRMNwQNEiMPeL","minter":"tz1a5V9M4nrgjJNmQ8C19LuSDMXCo9vfoKXh","swaps":[{"swap_id":"12615","objkt_id":"12632","amount":"20","xtz_per_objkt":"1000000"}],"token_id":"12615","token_info":{"name":"dmxmd #037","description":"Digital mixed media xerox print and paper collage","tags":["xerox","papercollage","dark"],"symbol":"OBJKT","artifactUri":"ipfs://QmQ1ut9jmxb76ceu4LvbBL4Hg6YB7iE3UZz51iSCZ7F2or","displayUri":null,"creators":["tz1a5V9M4nrgjJNmQ8C19LuSDMXCo9vfoKXh"],"formats":[{"uri":"ipfs://QmQ1ut9jmxb76ceu4LvbBL4Hg6YB7iE3UZz51iSCZ7F2or","mimeType":"image/jpeg"}],"thumbnailUri":"ipfs://QmNrhZHUaEqxhyLfqoq1mtHSipkWHeT31LNHb1QEbDHgnc","decimals":0,"isBooleanAmount":false,"shouldPreferSymbol":false}}