{"result":{"objectId":18189,"ipfsHash":"QmXmSWNezeriECHr9h4Pap8iJfCxa4PqPYmMJUkaz4HcG4","swaps":[{"swap_id":"19763","issuer":"tz1bggJbsin2pHgdoxo1WuZNKvSufdEvCXET","objkt_amount":"2","xtz_per_objkt":"2000000"}],"token_id":18189,"total_amount":"2","owners":{"KT1Hkg5qeNhfwpKW4fXvq7HGZB9z2EnmCCA9":"2"},"token_info":{"name":"blue","description":"Da Ba Dee","tags":["art","drawing","painting","computerfaces"],"symbol":"OBJKT","artifactUri":"ipfs://Qmd3cwCxnTwn7QTBV4ojkJrgktzaAtyCTTKHr5mFaAJaPQ","displayUri":"","creators":["tz1bggJbsin2pHgdoxo1WuZNKvSufdEvCXET"],"formats":[{"uri":"ipfs://Qmd3cwCxnTwn7QTBV4ojkJrgktzaAtyCTTKHr5mFaAJaPQ","mimeType":"image/jpeg"}],"thumbnailUri":"ipfs://QmNrhZHUaEqxhyLfqoq1mtHSipkWHeT31LNHb1QEbDHgnc","decimals":0,"isBooleanAmount":false,"shouldPreferSymbol":false}}}