{"result":{"objectId":18561,"ipfsHash":"QmQNiuN4qZjCL8hvTjfNnraNhPd4A8iAZdjCtjw4cf531w","swaps":[{"swap_id":"20352","issuer":"tz1ipeQ1tSrs13y2j23njJotgVSVLtfvxS9a","objkt_amount":"1","xtz_per_objkt":"7000000"}],"token_id":18561,"total_amount":"1","owners":{"KT1Hkg5qeNhfwpKW4fXvq7HGZB9z2EnmCCA9":"1"},"token_info":{"name":"La plume flâneur 02","description":"Series of generative textures revealed trough the traces of continuous semi-brownian strolls confined to imaginary city grids and subject to the pendular alternation of light and darkness. Artwork by @d4vidGC. 4480x6720 PNG.","tags":["generative","brownian","texture"],"symbol":"OBJKT","artifactUri":"ipfs://QmcRbM4nMmXaMeRagHUqpp5AZzxTSQnE4W3XTbbgtUR6bz","displayUri":"","creators":["tz1ipeQ1tSrs13y2j23njJotgVSVLtfvxS9a"],"formats":[{"uri":"ipfs://QmcRbM4nMmXaMeRagHUqpp5AZzxTSQnE4W3XTbbgtUR6bz","mimeType":"image/png"}],"thumbnailUri":"ipfs://QmNrhZHUaEqxhyLfqoq1mtHSipkWHeT31LNHb1QEbDHgnc","decimals":0,"isBooleanAmount":false,"shouldPreferSymbol":false}}}