{"result":{"objectId":29050,"ipfsHash":"Qmaws4kKESQV9s5Qmra7mUjT2RjHs842e1qdZDEzpkfyzw","swaps":[{"swap_id":"38770","issuer":"tz1WTTsfgTRxmLccEBNyQAc7FGqcJS29Rkbc","objkt_amount":"1","xtz_per_objkt":"2190000"}],"token_id":29050,"total_amount":3,"owners":{"KT1Hkg5qeNhfwpKW4fXvq7HGZB9z2EnmCCA9":"1","tz1bozFaAfcSD6dEtQRG4N3MMHhMKtDYg4ju":"1","tz1fCW9QFdfpptUfAQ3Dz7W39GjYm3tWormF":"1"},"token_info":{"name":"music in my soul","description":"\"If you want something said, ask a man; if you want something done, ask a woman.\"","tags":["women","relax","lofi","strong"],"symbol":"OBJKT","artifactUri":"ipfs://QmTTriTHcKabeDD7Bg8CopGC3VeEtQYsj5ppwt5an3rWuX","displayUri":"","thumbnailUri":"ipfs://QmNrhZHUaEqxhyLfqoq1mtHSipkWHeT31LNHb1QEbDHgnc","creators":["tz1WTTsfgTRxmLccEBNyQAc7FGqcJS29Rkbc"],"formats":[{"uri":"ipfs://QmTTriTHcKabeDD7Bg8CopGC3VeEtQYsj5ppwt5an3rWuX","mimeType":"image/gif"}],"decimals":0,"isBooleanAmount":false,"shouldPreferSymbol":false}}}