{"objectId":"3138","ipfsHash":"QmWLk8k3WFo9pPNcAJG9saxddVExXYrdzZF5aLvRUnJGkQ","minter":"tz1f94uZ7SF2fLKnMjFzGQTbznd8qpAZ12is","swaps":[{"swap_id":"3138","objkt_id":"3211","amount":"44","xtz_per_objkt":"500000"}],"token_id":"3138","token_info":{"name":"vaporwave aesthetics #78","description":"unique vaporwave aesthetics piece generated by StyleGAN using collection of vaporwave artworks from bandcamp and aethetics from reddit","tags":["vaporwave","aesthetics","ml","stylegan","artwork","bandcamp","reddit"],"symbol":"OBJKT","artifactUri":"ipfs://QmWjqpcxu77S1azd6BV2i78AhZgNCJ3ywpJZ5WAtg5umkv","creators":["tz1f94uZ7SF2fLKnMjFzGQTbznd8qpAZ12is"],"formats":[{"uri":"ipfs://QmWjqpcxu77S1azd6BV2i78AhZgNCJ3ywpJZ5WAtg5umkv","mimeType":"image/png"}],"thumbnailUri":"ipfs://QmNrhZHUaEqxhyLfqoq1mtHSipkWHeT31LNHb1QEbDHgnc","decimals":0,"isBooleanAmount":false,"shouldPreferSymbol":false}}