{"result":{"objectId":23261,"ipfsHash":"QmQAMJgoAfNaRHuTFxxvgcSGL539cKBau4GYeGsEouvcRz","swaps":[{"swap_id":"27914","issuer":"tz1hLFtZGZifRn4Nrczm9bBeiiyaXDNygcZ9","objkt_amount":"21","xtz_per_objkt":"2000000"}],"token_id":23261,"total_amount":25,"owners":{"KT1Hkg5qeNhfwpKW4fXvq7HGZB9z2EnmCCA9":"21","tz1Rg3n8aWJfqKKb67RCgQdY7ZwpQJdJ6NPd":"2","tz1hb9PiWxQEf6J9xevPsUM6dkuCLnhDMvsp":"1","tz1iEJQNd4ssgV9kF2N9PzyZ9HJjbSvRjAcS":"1"},"token_info":{"name":"gelatinous undulation","description":"96 frame gif 1000x1000px by @echophons","tags":["creativecoding","generativegeometry","monochrome"],"symbol":"OBJKT","artifactUri":"ipfs://QmYuQWLF6QBpaGZj3gsM5AykzbTXuJrfoeka1NWoDw79un","displayUri":"","creators":["tz1hLFtZGZifRn4Nrczm9bBeiiyaXDNygcZ9"],"formats":[{"uri":"ipfs://QmYuQWLF6QBpaGZj3gsM5AykzbTXuJrfoeka1NWoDw79un","mimeType":"image/gif"}],"thumbnailUri":"ipfs://QmNrhZHUaEqxhyLfqoq1mtHSipkWHeT31LNHb1QEbDHgnc","decimals":0,"isBooleanAmount":false,"shouldPreferSymbol":false}}}