{"result":{"objectId":21122,"ipfsHash":"QmUAqNokRDm3NWCY4PxjjWAXxwCD1iSkj1HoFPuHNR2b9f","swaps":[{"swap_id":"24331","issuer":"tz1ULu9e3fS9Cjb7uHynuQoCpTVVmsgiaaqP","objkt_amount":"3","xtz_per_objkt":"7000000"}],"token_id":21122,"total_amount":"3","owners":{"KT1Hkg5qeNhfwpKW4fXvq7HGZB9z2EnmCCA9":"3"},"token_info":{"name":"Sudden Encounters in Zürich","description":"@Merzmensch #CryptoMERZ","tags":["AI","ArtificialIntelligence"],"symbol":"OBJKT","artifactUri":"ipfs://QmTtpSpsF71Hdjo1kWL1xTjDDHD35TKgBzUEJBrSTrMgst","displayUri":"","creators":["tz1ULu9e3fS9Cjb7uHynuQoCpTVVmsgiaaqP"],"formats":[{"uri":"ipfs://QmTtpSpsF71Hdjo1kWL1xTjDDHD35TKgBzUEJBrSTrMgst","mimeType":"video/mp4"}],"thumbnailUri":"ipfs://QmNrhZHUaEqxhyLfqoq1mtHSipkWHeT31LNHb1QEbDHgnc","decimals":0,"isBooleanAmount":false,"shouldPreferSymbol":false}}}