{"result":{"objectId":18473,"ipfsHash":"QmbkbKSTEhycqSB51Wyw3w936AqBb5JU2BbisDQBim6Qrt","swaps":[{"swap_id":"20215","issuer":"tz1S2pV9v1PcyarN52BAtsiYuBFnhZsxGnJn","objkt_amount":"52","xtz_per_objkt":"1000000"}],"token_id":18473,"total_amount":"52","owners":{"KT1Hkg5qeNhfwpKW4fXvq7HGZB9z2EnmCCA9":"52"},"token_info":{"name":"9 of Diamonds","description":"9 of Diamonds - a standard 52-card deck 52/52 editions made by Sickd // alter-ego of @somaticbits","tags":["cardgame"],"symbol":"OBJKT","artifactUri":"ipfs://QmRxNXh4QMp6zaWVPEXiGCKzLNeF1WahUkaDjR279Aexk8","displayUri":"","creators":["tz1S2pV9v1PcyarN52BAtsiYuBFnhZsxGnJn"],"formats":[{"uri":"ipfs://QmRxNXh4QMp6zaWVPEXiGCKzLNeF1WahUkaDjR279Aexk8","mimeType":"image/jpeg"}],"thumbnailUri":"ipfs://QmNrhZHUaEqxhyLfqoq1mtHSipkWHeT31LNHb1QEbDHgnc","decimals":0,"isBooleanAmount":false,"shouldPreferSymbol":false}}}