{"objectId":"1152","ipfsHash":"QmaSbnyDRJJV4Jjw2CUhQ4YDDi1vy26aAQx44Ez7tVwj19","minter":"tz2VN3fWzqHE44F6zedJB7UtALKEh5WhqAJJ","swaps":[],"token_id":"1152","token_info":{"name":"Growing Spaces U26","description":"gif | 540x540 | 120 frames | makio135","tags":[],"symbol":"OBJKT","artifactUri":"ipfs://QmQxxdkyNjpichQB1EBaP4gS8tWTqdHUtyy3366FSAewZr","creators":["tz2VN3fWzqHE44F6zedJB7UtALKEh5WhqAJJ"],"formats":[{"uri":"ipfs://QmQxxdkyNjpichQB1EBaP4gS8tWTqdHUtyy3366FSAewZr","mimeType":"image/gif"}],"thumbnailUri":"ipfs://QmNrhZHUaEqxhyLfqoq1mtHSipkWHeT31LNHb1QEbDHgnc","decimals":0,"isBooleanAmount":false,"shouldPreferSymbol":false}}