{"objectId":"404","ipfsHash":"QmduUpGMVdrjVfMNHyGLUpS4pH6TLLmYSJGYFpMiuiLxJe","minter":"tz1MkstMV99nRE1PdAatkpwUevtDf5KkJn4Z","swaps":[{"swap_id":"404","objkt_id":"594","amount":"1","xtz_per_objkt":"10000000"}],"token_id":"404","token_info":{"name":"","description":"","tags":[],"symbol":"OBJKT","artifactUri":"ipfs://QmTRVrD2gN5FbV2qAP5kvnV63VTVw27G1U29rcZEYnJNwF","creators":["tz1MkstMV99nRE1PdAatkpwUevtDf5KkJn4Z"],"formats":[{"uri":"ipfs://QmTRVrD2gN5FbV2qAP5kvnV63VTVw27G1U29rcZEYnJNwF","mimeType":"image/png"}],"thumbnailUri":"ipfs://QmNrhZHUaEqxhyLfqoq1mtHSipkWHeT31LNHb1QEbDHgnc","decimals":0,"isBooleanAmount":false,"shouldPreferSymbol":false}}