{"result":{"objectId":23236,"ipfsHash":"Qmb6Vt5g13AzsdzhBBqRQH7AyBQhvhgE6rT1iQ4h1fggf3","swaps":[{"swap_id":"27858","issuer":"tz1dTmB1KhT4eMeg4EpQBb9K7wNW94TBgtdG","objkt_amount":"10","xtz_per_objkt":"1000000"}],"token_id":23236,"total_amount":"10","owners":{"KT1Hkg5qeNhfwpKW4fXvq7HGZB9z2EnmCCA9":"10"},"token_info":{"name":"Ramio- Melodics 1 ","description":"Introducing The Melodic Series A set Of Sequencers and Loop Full With Melodics And Harmonies  ","tags":["Modular","sounds","Electronic","Dreamy","Melodic","Harmonic","series","sequence"],"symbol":"OBJKT","artifactUri":"ipfs://QmZQQ5F9pkrRPqXTESUvMyfCz49eSfxp9TMd87sbhEoKoq","displayUri":"","creators":["tz1dTmB1KhT4eMeg4EpQBb9K7wNW94TBgtdG"],"formats":[{"uri":"ipfs://QmZQQ5F9pkrRPqXTESUvMyfCz49eSfxp9TMd87sbhEoKoq","mimeType":"audio/mpeg"}],"thumbnailUri":"ipfs://QmNrhZHUaEqxhyLfqoq1mtHSipkWHeT31LNHb1QEbDHgnc","decimals":0,"isBooleanAmount":false,"shouldPreferSymbol":false}}}