{"result":{"objectId":28704,"ipfsHash":"QmdZnqJWby2kDYtHxQ9AsnehuCfqjRwu8BkR3yVkS88Wfe","swaps":[{"swap_id":"38659","issuer":"tz1LSY9UiT3iGqUdqvVJUmNeBjMA4G25hEy5","objkt_amount":"1","xtz_per_objkt":"2000000"}],"token_id":28704,"total_amount":"1","owners":{"KT1Hkg5qeNhfwpKW4fXvq7HGZB9z2EnmCCA9":"1"},"token_info":{"name":"travel","description":"sketch travel","tags":["illustration","space","travel",""],"symbol":"OBJKT","artifactUri":"ipfs://QmfVqq4DkvUqGtzPhyf4Wb7sdpSRUza9XbrrCepQFHNkgR","displayUri":"","thumbnailUri":"ipfs://QmNrhZHUaEqxhyLfqoq1mtHSipkWHeT31LNHb1QEbDHgnc","creators":["tz1LSY9UiT3iGqUdqvVJUmNeBjMA4G25hEy5"],"formats":[{"uri":"ipfs://QmfVqq4DkvUqGtzPhyf4Wb7sdpSRUza9XbrrCepQFHNkgR","mimeType":"video/mp4"}],"decimals":0,"isBooleanAmount":false,"shouldPreferSymbol":false}}}