{"result":{"objectId":25970,"ipfsHash":"QmXqAik61n497VDtKcB81Qo7LRdN5qQzoJwetEfdsxHyP5","swaps":[{"swap_id":"33004","issuer":"tz1XEJFTcKBmQrQHgAEsQ4UUWfk1FMnG5SeA","objkt_amount":"1","xtz_per_objkt":"10000000"}],"token_id":25970,"total_amount":"1","owners":{"KT1Hkg5qeNhfwpKW4fXvq7HGZB9z2EnmCCA9":"1"},"token_info":{"name":"Pichador Amador","description":"Espaço reservado para pichador amador","tags":["Art","Love","White","Aqua","Pink","Wall","Rio","Brazil","Draw","Paint","Digital"],"symbol":"OBJKT","artifactUri":"ipfs://QmPn1wWigKNuBXYTQKf1KFJmo2e6PvvP8ZjsgzBwYUdBef","displayUri":"","creators":["tz1XEJFTcKBmQrQHgAEsQ4UUWfk1FMnG5SeA"],"formats":[{"uri":"ipfs://QmPn1wWigKNuBXYTQKf1KFJmo2e6PvvP8ZjsgzBwYUdBef","mimeType":"image/png"}],"thumbnailUri":"ipfs://QmNrhZHUaEqxhyLfqoq1mtHSipkWHeT31LNHb1QEbDHgnc","decimals":0,"isBooleanAmount":false,"shouldPreferSymbol":false}}}