{"result":{"objectId":18023,"ipfsHash":"QmaSSAv7PK7xYJZhPLP4vRemHN2yKD1wZap7bgfgnrca8g","swaps":[],"token_id":18023,"total_amount":2,"owners":{"tz1MCaehYRvrhPWv7HiCYQKyi9WDXbAUZkwv":"1","tz1VoR2LqBzgCSrmEB2HQUUgtMgjm6g5kQy2":"1"},"token_info":{"name":"Metro de Colombia","description":"Crowded. Watch out! Hidden messages!...By Arawanuaria!","tags":["metro","abstract","arawanuaria","colombia","mint","hicetnunc","original","design","nft","opensea","art","digital","feelings","light","shadow","mystical","creation","amazing","cool"],"symbol":"OBJKT","artifactUri":"ipfs://QmVPew6YBFV99v7xyHZm18G3oPkYXJB7agSCYrxCSSr3GR","displayUri":"","creators":["tz1bXDshJxvHhvj8Bv77rBzjx24LrTbQ6tDq"],"formats":[{"uri":"ipfs://QmVPew6YBFV99v7xyHZm18G3oPkYXJB7agSCYrxCSSr3GR","mimeType":"image/jpeg"}],"thumbnailUri":"ipfs://QmNrhZHUaEqxhyLfqoq1mtHSipkWHeT31LNHb1QEbDHgnc","decimals":0,"isBooleanAmount":false,"shouldPreferSymbol":false}}}