{"objectId":"10501","ipfsHash":"QmS7ax3H84e9frtYmrhaUUggQHUZsZYm5EymNTKkztbfHF","minter":"tz1a5V9M4nrgjJNmQ8C19LuSDMXCo9vfoKXh","swaps":[],"token_id":"10501","token_info":{"name":"dmxmd #024","description":"Digital mixed media xerox print and paper collage","tags":["xerox","papercollage","dark"],"symbol":"OBJKT","artifactUri":"ipfs://QmcW1e4sKBLrvoPBcr32Y2QJS97oAkbEwqLfkoMtmd2JKm","creators":["tz1a5V9M4nrgjJNmQ8C19LuSDMXCo9vfoKXh"],"formats":[{"uri":"ipfs://QmcW1e4sKBLrvoPBcr32Y2QJS97oAkbEwqLfkoMtmd2JKm","mimeType":"image/jpeg"}],"thumbnailUri":"ipfs://QmNrhZHUaEqxhyLfqoq1mtHSipkWHeT31LNHb1QEbDHgnc","decimals":0,"isBooleanAmount":false,"shouldPreferSymbol":false}}