{"objectId":"14796","ipfsHash":"QmTjRxbgmA1n6esaPSBptadNucnn7axtGF1Vtse15Pk7N8","minter":"tz1RxHFaNxSEG6uWc5tf8hjh4YYs6TZgH2WQ","swaps":[{"swap_id":"14796","objkt_id":"14580","amount":"1","xtz_per_objkt":"4000000"}],"token_id":"14796","token_info":{"name":"Innocence","description":"Edward","tags":["Art","Graphic","Design","Cryptoart","Stencil"],"symbol":"OBJKT","artifactUri":"ipfs://QmW2ioycMyEAPUKg2K9CF99fXMFP192397pBBBjWPZTaoD","displayUri":null,"creators":["tz1RxHFaNxSEG6uWc5tf8hjh4YYs6TZgH2WQ"],"formats":[{"uri":"ipfs://QmW2ioycMyEAPUKg2K9CF99fXMFP192397pBBBjWPZTaoD","mimeType":"image/png"}],"thumbnailUri":"ipfs://QmNrhZHUaEqxhyLfqoq1mtHSipkWHeT31LNHb1QEbDHgnc","decimals":0,"isBooleanAmount":false,"shouldPreferSymbol":false}}