{"objectId":"11652","ipfsHash":"QmNeMogbwYn1yHxjoosiRpYog8nYyMFH1kSYwVTLtQty9f","minter":"tz1ewNNseTtXD1vDyBhfkniV4m2UwmoSfEyV","swaps":[],"token_id":"11652","token_info":{"name":"Internet Spaghetti Number 2","description":"Node and edge display of Internet structure circa 2001. Purely aesthetic interpretation and of no actual scientific value.","tags":["art","graph","network","visualization","science"],"symbol":"OBJKT","artifactUri":"ipfs://QmcjXyULqE2fD4FysagzaXM8Jf9Bg9y4RpMKjNFvVn5J9e","creators":["tz1ewNNseTtXD1vDyBhfkniV4m2UwmoSfEyV"],"formats":[{"uri":"ipfs://QmcjXyULqE2fD4FysagzaXM8Jf9Bg9y4RpMKjNFvVn5J9e","mimeType":"image/png"}],"thumbnailUri":"ipfs://QmNrhZHUaEqxhyLfqoq1mtHSipkWHeT31LNHb1QEbDHgnc","decimals":0,"isBooleanAmount":false,"shouldPreferSymbol":false}}