{"objectId":"1806","ipfsHash":"QmcEB9RHdYmVDcnFhoFpMKmpbe61YLcZu9ps92ec9C6Urw","minter":"tz1Uc5Ddc8KFqnY2QDMfLotgunHNgSBqbrUa","swaps":[{"swap_id":"1806","objkt_id":"1987","amount":"5","xtz_per_objkt":"10000000"}],"token_id":"1806","token_info":{"name":"I told her \"hit et nunc or nothing\"","description":"100 minted","tags":[],"symbol":"OBJKT","artifactUri":"ipfs://QmWb4uxeyVX6kACd5PFnfPu5sGJwsAW2ixZGL2qcVVCLrD","creators":["tz1Uc5Ddc8KFqnY2QDMfLotgunHNgSBqbrUa"],"formats":[{"uri":"ipfs://QmWb4uxeyVX6kACd5PFnfPu5sGJwsAW2ixZGL2qcVVCLrD","mimeType":"image/png"}],"thumbnailUri":"ipfs://QmNrhZHUaEqxhyLfqoq1mtHSipkWHeT31LNHb1QEbDHgnc","decimals":0,"isBooleanAmount":false,"shouldPreferSymbol":false}}