{"objectId":"15996","ipfsHash":"Qme9vuDf51RZv9KPwtEKi6PFFvNWofMt6swq69Z3DtcLsD","minter":"tz1fwUoAY4h331VNWgR3ZwSeJxXtvy9wWzq7","swaps":[],"token_id":"15996","token_info":{"name":"Planes no7, 2021 @curiofringe","description":"signed/numbered on lower left, image: 2700 x 2700 PNG by @curiofringe on twtr","tags":["curiofringe"],"symbol":"OBJKT","artifactUri":"ipfs://QmchsKWmWEPMFqr65zDbLw8WVAbFSDBzSSoFwCgdf8qgug","displayUri":"","creators":["tz1fwUoAY4h331VNWgR3ZwSeJxXtvy9wWzq7"],"formats":[{"uri":"ipfs://QmchsKWmWEPMFqr65zDbLw8WVAbFSDBzSSoFwCgdf8qgug","mimeType":"image/png"}],"thumbnailUri":"ipfs://QmNrhZHUaEqxhyLfqoq1mtHSipkWHeT31LNHb1QEbDHgnc","decimals":0,"isBooleanAmount":false,"shouldPreferSymbol":false}}