{"result":{"objectId":28495,"ipfsHash":"QmZEEZj6PCxBNMZyVfyzqLi5fWXG73ZaZxzfdumheVuwck","swaps":[{"swap_id":"37776","issuer":"tz1KjNhhxK96mUMW5LGkRFBQieo5Q51r1PJM","objkt_amount":"8","xtz_per_objkt":"2000000"}],"token_id":28495,"total_amount":"8","owners":{"KT1Hkg5qeNhfwpKW4fXvq7HGZB9z2EnmCCA9":"8"},"token_info":{"name":"ArcFace Audrey Hepburn ","description":"“The beauty of a woman is not in a facial mole, but true beauty in a Woman is reflected in her soul. It is the caring that she lovingly gives, the passion that she knows.”","tags":["black&white","processing","circle","procedural","portrait","famous"],"symbol":"OBJKT","artifactUri":"ipfs://QmQbWrhaQ2kMpE9uPDYHAa172c77TpZ8G3G5VXbgETnbRB","displayUri":"","thumbnailUri":"ipfs://QmNrhZHUaEqxhyLfqoq1mtHSipkWHeT31LNHb1QEbDHgnc","creators":["tz1KjNhhxK96mUMW5LGkRFBQieo5Q51r1PJM"],"formats":[{"uri":"ipfs://QmQbWrhaQ2kMpE9uPDYHAa172c77TpZ8G3G5VXbgETnbRB","mimeType":"image/png"}],"decimals":0,"isBooleanAmount":false,"shouldPreferSymbol":false}}}