{"objectId":"6678","ipfsHash":"QmSiP8BMti46213rVrcm6L8b9RBE1ZKazDXEKHDjeW38Cc","minter":"tz1VtQeoKhdxSQnwXi9DFJzqvLytAoNrYpgU","swaps":[],"token_id":"6678","token_info":{"name":"Koson","description":"only 5","tags":["Monededacice","NFT","regeleKoson"],"symbol":"OBJKT","artifactUri":"ipfs://QmSZFwigqav13U2PkBzNiUThRdBUD2N3DroWn7iusBerMb","creators":["tz1VtQeoKhdxSQnwXi9DFJzqvLytAoNrYpgU"],"formats":[{"uri":"ipfs://QmSZFwigqav13U2PkBzNiUThRdBUD2N3DroWn7iusBerMb","mimeType":"image/jpeg"}],"thumbnailUri":"ipfs://QmNrhZHUaEqxhyLfqoq1mtHSipkWHeT31LNHb1QEbDHgnc","decimals":0,"isBooleanAmount":false,"shouldPreferSymbol":false}}