{"objectId":"9535","ipfsHash":"QmVNcBx2XiV8DrdiKDbFsUiP1hN8GvAasZwc8gW34cdxDX","minter":"tz1NWZA4xAUaii7Q76Z5iRGJDTAWWJo2SWGt","swaps":[{"swap_id":"9535","objkt_id":"9559","amount":"6","xtz_per_objkt":"5000000"}],"token_id":"9535","token_info":{"name":"XiaoXiao 01","description":"KOK original. Model: XiaoXiao. Beijing 2019 by KPD.","tags":["XiaoXiaoKOKKPDBeijingB&WPhotography"],"symbol":"OBJKT","artifactUri":"ipfs://QmV6q8pbBAxeRsVnZRaeLPkzvz1CqX3z42HRyuRNvBn76j","creators":["tz1NWZA4xAUaii7Q76Z5iRGJDTAWWJo2SWGt"],"formats":[{"uri":"ipfs://QmV6q8pbBAxeRsVnZRaeLPkzvz1CqX3z42HRyuRNvBn76j","mimeType":"image/jpeg"}],"thumbnailUri":"ipfs://QmNrhZHUaEqxhyLfqoq1mtHSipkWHeT31LNHb1QEbDHgnc","decimals":0,"isBooleanAmount":false,"shouldPreferSymbol":false}}