{"result":{"objectId":21175,"ipfsHash":"QmSuvRHAJvXAj6cDRs5GzHCLMShH3aw8H6swdwmma5thft","swaps":[{"swap_id":"24407","issuer":"tz1g7Y8uCKbHZa3u5z4uBQJkP6S5mqZCTaWq","objkt_amount":"1","xtz_per_objkt":"1000000"}],"token_id":21175,"total_amount":"1","owners":{"KT1Hkg5qeNhfwpKW4fXvq7HGZB9z2EnmCCA9":"1"},"token_info":{"name":"IR002","description":"Ancient Sagalassos  ///  3916 × 2937  ///  ednzarts.com","tags":["PORTAL","ANTALYA","TEMPLE","RESET","MUDFLOOD"],"symbol":"OBJKT","artifactUri":"ipfs://QmbKmyVVjnZhz1ne6m9QuY26nuFJjYJwY7vaHohkSBTjYT","displayUri":"","creators":["tz1g7Y8uCKbHZa3u5z4uBQJkP6S5mqZCTaWq"],"formats":[{"uri":"ipfs://QmbKmyVVjnZhz1ne6m9QuY26nuFJjYJwY7vaHohkSBTjYT","mimeType":"image/jpeg"}],"thumbnailUri":"ipfs://QmNrhZHUaEqxhyLfqoq1mtHSipkWHeT31LNHb1QEbDHgnc","decimals":0,"isBooleanAmount":false,"shouldPreferSymbol":false}}}