{"result":{"objectId":28616,"ipfsHash":"QmX8MasrnPixrMPZw2Usg7x93dwTwYcUttnby6kFHtTzY8","swaps":[{"swap_id":"38020","issuer":"tz1gwCPKjD33aoCuYaXMwQZQwvBQ3Mxqjj3S","objkt_amount":"10","xtz_per_objkt":"20000000"}],"token_id":28616,"total_amount":"10","owners":{"KT1Hkg5qeNhfwpKW4fXvq7HGZB9z2EnmCCA9":"10"},"token_info":{"name":"Silk Road, 2015","description":"Drugs/The Capital, 2015. The art work is the result of intensive visits I paid in 2013 to the so-called darknet, the depths of the uncensored and anonymous Internet. I procured access to the networks where illegal goods are traded. A virtual space is shown that has developed beyond what the law permits and thus creates a parallel world, in which different power arrangements apply. A printed version was shown in different museums and art fairs around the world since 2015.","tags":["SilkRoad","2015","Capital","Drug","NetArt","2015","Andujar"],"symbol":"OBJKT","artifactUri":"ipfs://QmQJuRXLmZ6KyB1SrYEfz7KDiqSqQik8H8LeSh4sT835GB","displayUri":"","thumbnailUri":"ipfs://QmNrhZHUaEqxhyLfqoq1mtHSipkWHeT31LNHb1QEbDHgnc","creators":["tz1gwCPKjD33aoCuYaXMwQZQwvBQ3Mxqjj3S"],"formats":[{"uri":"ipfs://QmQJuRXLmZ6KyB1SrYEfz7KDiqSqQik8H8LeSh4sT835GB","mimeType":"image/jpeg"}],"decimals":0,"isBooleanAmount":false,"shouldPreferSymbol":false}}}