{"objectId":"10297","ipfsHash":"QmYgLNzNh6wB1eMkvJft5nrgnyMaZzzutmt4eYntU4LqiL","minter":"tz1R9Q4r89QrxUjM6d7Y4rc35rxiw6DQ1iPG","swaps":[{"swap_id":"10297","objkt_id":"10314","amount":"10","xtz_per_objkt":"10000000"}],"token_id":"10297","token_info":{"name":"The Rail Splitter","description":"Those who deny freedom to others, deserve it not for themselves; and, under a just God, can not long retain it. - Abraham Lincoln","tags":["AbrahamLincoln","president","railsplitter","livingportrait"],"symbol":"OBJKT","artifactUri":"ipfs://QmdEt8YVoRoTwETHaGRSyx8GFBXpcMjZFyEynczDefVXvL","creators":["tz1R9Q4r89QrxUjM6d7Y4rc35rxiw6DQ1iPG"],"formats":[{"uri":"ipfs://QmdEt8YVoRoTwETHaGRSyx8GFBXpcMjZFyEynczDefVXvL","mimeType":"video/mp4"}],"thumbnailUri":"ipfs://QmNrhZHUaEqxhyLfqoq1mtHSipkWHeT31LNHb1QEbDHgnc","decimals":0,"isBooleanAmount":false,"shouldPreferSymbol":false}}