{"result":{"objectId":29396,"ipfsHash":"QmZ4gDniYQxAKsL6FrWcmTpUi93ZoWdQxaPJ3NUvwwZ5o4","swaps":[{"swap_id":"39669","issuer":"tz1RDamdzYLCVtau22LJLQsy8jUXTLcQk96o","objkt_amount":"5","xtz_per_objkt":"5000000"}],"token_id":29396,"total_amount":6,"owners":{"KT1Hkg5qeNhfwpKW4fXvq7HGZB9z2EnmCCA9":"5","tz1RDamdzYLCVtau22LJLQsy8jUXTLcQk96o":"1"},"token_info":{"name":"Eranthis","description":"Covid Isolation Flower Series. Made Spring 2020 @dkoblesky","tags":["flower","animation","covid","gif","@dkoblesky"],"symbol":"OBJKT","artifactUri":"ipfs://QmSFYWJcnGEyoTJHQtpf9HnrTYvF2Krb5L6zyKhthntCDx","displayUri":"","thumbnailUri":"ipfs://QmNrhZHUaEqxhyLfqoq1mtHSipkWHeT31LNHb1QEbDHgnc","creators":["tz1RDamdzYLCVtau22LJLQsy8jUXTLcQk96o"],"formats":[{"uri":"ipfs://QmSFYWJcnGEyoTJHQtpf9HnrTYvF2Krb5L6zyKhthntCDx","mimeType":"image/gif"}],"decimals":0,"isBooleanAmount":false,"shouldPreferSymbol":false}}}