{"result":{"objectId":24662,"ipfsHash":"QmYnGsh3g5hFcBmxHQkWfmwSzW1vgEZXG8eLm8qct8fmdd","swaps":[],"token_id":24662,"total_amount":"1","owners":{"tz1Sy9gJjqzDqb8yXmnu3niPtExyhHhfPxn1":"1"},"token_info":{"name":"Dummy #2","description":"One of the 200 animated dummies by FUX (@Fearof_SALD)","tags":["FUX","Dummy"],"symbol":"OBJKT","artifactUri":"ipfs://QmWTjN1DLTHLdskefiEZugoBh1YJsBiUSrMHwFK1MbjEC3","displayUri":"","creators":["tz2DwheXFyyXs3CkruSpkkEnqYb7yWkhnneC"],"formats":[{"uri":"ipfs://QmWTjN1DLTHLdskefiEZugoBh1YJsBiUSrMHwFK1MbjEC3","mimeType":"image/gif"}],"thumbnailUri":"ipfs://QmNrhZHUaEqxhyLfqoq1mtHSipkWHeT31LNHb1QEbDHgnc","decimals":0,"isBooleanAmount":false,"shouldPreferSymbol":false}}}