{"result":{"objectId":24398,"ipfsHash":"QmWLRSjMwYbCBnoZCPbSEaqEcaLjsuWAFRqPxyfibs4p3B","swaps":[{"swap_id":"31628","issuer":"tz1iw3iRSdANk5LKLgYbQQwPTpAZwgH1A1tQ","objkt_amount":"9","xtz_per_objkt":"2000000"}],"token_id":24398,"total_amount":10,"owners":{"KT1Hkg5qeNhfwpKW4fXvq7HGZB9z2EnmCCA9":"9","tz1cxTJQtdGf1PaEQGTPvrDvH46uTbesPi5w":"1"},"token_info":{"name":"Flow Lines 20170603_125050","description":"Generated by Dan Gries.","tags":["Flow","lines","monochrome"],"symbol":"OBJKT","artifactUri":"ipfs://QmVJSLKQBedzt2cPToooifJsoQk9zwFRDzD5e9NVEjZ5pH","displayUri":"","creators":["tz1iw3iRSdANk5LKLgYbQQwPTpAZwgH1A1tQ"],"formats":[{"uri":"ipfs://QmVJSLKQBedzt2cPToooifJsoQk9zwFRDzD5e9NVEjZ5pH","mimeType":"image/jpeg"}],"thumbnailUri":"ipfs://QmNrhZHUaEqxhyLfqoq1mtHSipkWHeT31LNHb1QEbDHgnc","decimals":0,"isBooleanAmount":false,"shouldPreferSymbol":false}}}