{"objectId":"13403","ipfsHash":"QmbBLkezXiSbvf6Pi544qMJQsPjS4eVN9jviB6CSws7fZG","minter":"tz1X1QzFdfAtzCF7E4UjnGSSFU1ADoXBRhSf","swaps":[],"token_id":"13403","token_info":{"name":"Own prison","description":"We're all our own prisons, we are each all our own wardens and we do our own time","tags":["prison","own","wardens"],"symbol":"OBJKT","artifactUri":"ipfs://QmYY9LipCTcHWqueo8NPsKEeytHiavoL3vojntVB6RWfh2","displayUri":null,"creators":["tz1X1QzFdfAtzCF7E4UjnGSSFU1ADoXBRhSf"],"formats":[{"uri":"ipfs://QmYY9LipCTcHWqueo8NPsKEeytHiavoL3vojntVB6RWfh2","mimeType":"image/gif"}],"thumbnailUri":"ipfs://QmNrhZHUaEqxhyLfqoq1mtHSipkWHeT31LNHb1QEbDHgnc","decimals":0,"isBooleanAmount":false,"shouldPreferSymbol":false}}