{"objectId":"11347","ipfsHash":"QmcsqPznVUECvuHg81dLJNJzVb3FiHNYBocx9ZpWST6sAm","minter":"tz1Sc4T4aQUebKZA2mPn999ZLLBpD51Qpp7R","swaps":[],"token_id":"11347","token_info":{"name":"The Writer","description":"This is part of a series of digital paintings I did in 2017. Unable to dedicate effort into oil painting, I'd make these digital paintings on tablet in a naïve, simplified aesthetic. Not having the pressure to paint accurately gave me the will to paint again and got me out of depression. This first painting presents this pink skinned character I saw as an alter ego, writing ephemeral thoughts that disappear in a sinking ocean. He is hooded to keep his identity secret from those who might recognize him as the artist he once was. He write's \"you were never here\" but the final e of \"here\" is stretched and unreadable making it \"you were never her\". ","tags":["#tiff#digitalpainting#naiveart"],"symbol":"OBJKT","artifactUri":"ipfs://QmTAJxkq5BC1cECyqpAyngxD8UistJoHbb1N7KD7BuJNzJ","creators":["tz1Sc4T4aQUebKZA2mPn999ZLLBpD51Qpp7R"],"formats":[{"uri":"ipfs://QmTAJxkq5BC1cECyqpAyngxD8UistJoHbb1N7KD7BuJNzJ","mimeType":"image/tiff"}],"thumbnailUri":"ipfs://QmNrhZHUaEqxhyLfqoq1mtHSipkWHeT31LNHb1QEbDHgnc","decimals":0,"isBooleanAmount":false,"shouldPreferSymbol":false}}