{"result":{"objectId":20949,"ipfsHash":"Qme2to4opRvRcLLMq27ajpbsEdJzcJKhoFSr6qxxMhdfwe","swaps":[{"swap_id":"25535","issuer":"tz1iWziPR1ySjaGN1dMw2fXMij3h3XqQ8Ek9","objkt_amount":"1","xtz_per_objkt":"2000000"}],"token_id":20949,"total_amount":5,"owners":{"KT1Hkg5qeNhfwpKW4fXvq7HGZB9z2EnmCCA9":"1","tz1Mdpj1npkpaxPHF2wFN6oX8SovVPfHyXSy":"1","tz1Pu8zRmNghAHzWxsT9Cy2qXHxkCrHcB3vc":"1","tz1iWziPR1ySjaGN1dMw2fXMij3h3XqQ8Ek9":"2"},"token_info":{"name":"Julia - ","description":"ilustração digital","tags":["art","cryptoart","nft","token"],"symbol":"OBJKT","artifactUri":"ipfs://QmezVawomFwjetyKvGwJCJ6LVxcALp4eaM35jbZPxCHNN7","displayUri":"","creators":["tz1iWziPR1ySjaGN1dMw2fXMij3h3XqQ8Ek9"],"formats":[{"uri":"ipfs://QmezVawomFwjetyKvGwJCJ6LVxcALp4eaM35jbZPxCHNN7","mimeType":"image/jpeg"}],"thumbnailUri":"ipfs://QmNrhZHUaEqxhyLfqoq1mtHSipkWHeT31LNHb1QEbDHgnc","decimals":0,"isBooleanAmount":false,"shouldPreferSymbol":false}}}