{"objectId":"3246","ipfsHash":"QmWuz2xiVHu4vP2RXCW3dVJ8waHmp6MMJr29tPgkqJz95Y","minter":"tz1ScnxV6dRwQ3rDM8eTs6Gn7isnHHx4bk1r","swaps":[{"swap_id":"3246","objkt_id":"3319","amount":"2","xtz_per_objkt":"1500000"}],"token_id":"3246","token_info":{"name":"Light Curves - 003","description":"Light emitting shapes arranged in mathematically-controlled pattern | 2160 x 2160 | PNG | by Maks Surguy","tags":["light","generative","curves"],"symbol":"OBJKT","artifactUri":"ipfs://QmVYgwgYMZHUm3KXhTmro4ABGex32dYJLmcChQ5pJP8zam","creators":["tz1ScnxV6dRwQ3rDM8eTs6Gn7isnHHx4bk1r"],"formats":[{"uri":"ipfs://QmVYgwgYMZHUm3KXhTmro4ABGex32dYJLmcChQ5pJP8zam","mimeType":"image/png"}],"thumbnailUri":"ipfs://QmNrhZHUaEqxhyLfqoq1mtHSipkWHeT31LNHb1QEbDHgnc","decimals":0,"isBooleanAmount":false,"shouldPreferSymbol":false}}