{"objectId":"1943","ipfsHash":"QmUsBKY54PbcU1mqp7JHP2M5TdWStLERL7vHBo7e4PrFV3","minter":"tz1MA5sPsCo8ySkTpMbyAEbKf5v4WwBr6XLg","swaps":[{"swap_id":"1943","objkt_id":"2111","amount":"1","xtz_per_objkt":"1000000000"}],"token_id":"1943","token_info":{"name":"Packed","description":"3d packing algo in houdini","tags":[],"symbol":"OBJKT","artifactUri":"ipfs://QmS7RaPRwPyJJnXDQciQd9xE44QNq6kTytvpqdf6z1EXJk","creators":["tz1MA5sPsCo8ySkTpMbyAEbKf5v4WwBr6XLg"],"formats":[{"uri":"ipfs://QmS7RaPRwPyJJnXDQciQd9xE44QNq6kTytvpqdf6z1EXJk","mimeType":"image/jpeg"}],"thumbnailUri":"ipfs://QmNrhZHUaEqxhyLfqoq1mtHSipkWHeT31LNHb1QEbDHgnc","decimals":0,"isBooleanAmount":false,"shouldPreferSymbol":false}}