{"result":{"objectId":19262,"ipfsHash":"QmRsAoor5rnUtCGu2queuE4gn2wjbu5JJ6MZUMX9ThKjwW","swaps":[{"swap_id":"21399","issuer":"tz1PTiGJ674i1feGXvmH3a61uXjf8z8Tp3Et","objkt_amount":"1","xtz_per_objkt":"4000000"}],"token_id":19262,"total_amount":"1","owners":{"KT1Hkg5qeNhfwpKW4fXvq7HGZB9z2EnmCCA9":"1"},"token_info":{"name":"Control The Soul #721","description":"Occult AI art collectible, each piece has one edition. [Series 1, #721/1000]; 2021 StyleGAN2 + CLIP 1024x1024","tags":["ai","art","collectible","controlthesoul"],"symbol":"OBJKT","artifactUri":"ipfs://QmRDPoUxSXeckU7mDNr7TWxzBuB5JzFCMw18u6KTeAk6Ce","creators":["tz1PTiGJ674i1feGXvmH3a61uXjf8z8Tp3Et"],"formats":[{"uri":"ipfs://QmRDPoUxSXeckU7mDNr7TWxzBuB5JzFCMw18u6KTeAk6Ce","mimeType":"image/png"}],"thumbnailUri":"ipfs://QmNrhZHUaEqxhyLfqoq1mtHSipkWHeT31LNHb1QEbDHgnc","decimals":0,"isBooleanAmount":false,"shouldPreferSymbol":false}}}