{"objectId":"7593","ipfsHash":"QmSe8oEdWPrKwNYsTckLumg6gQDVYNE5ViGuyG3hQ6VX7b","minter":"tz1aXcPJTeNdgyf8JiTaRDgbCaNd1bKxDfm4","swaps":[{"swap_id":"7593","objkt_id":"1073","amount":"92","xtz_per_objkt":"2000000"}],"token_id":"7593","token_info":{"name":"MEDIAMASK","description":"@thisisarobot2 MEDIAMETAMASK","tags":["nft","cryptoart","blackandwhite"],"symbol":"OBJKT","artifactUri":"ipfs://Qmf7bR4YwvsxqBN3mgcss7DDatsdqCevmoZokTcTttwAcV","creators":["tz1aXcPJTeNdgyf8JiTaRDgbCaNd1bKxDfm4"],"formats":[{"uri":"ipfs://Qmf7bR4YwvsxqBN3mgcss7DDatsdqCevmoZokTcTttwAcV","mimeType":"image/jpeg"}],"thumbnailUri":"ipfs://QmNrhZHUaEqxhyLfqoq1mtHSipkWHeT31LNHb1QEbDHgnc","decimals":0,"isBooleanAmount":false,"shouldPreferSymbol":false}}