{"objectId":"13395","ipfsHash":"QmVgYpKoUTJ41SZVasmfsPeS7FTGjBoPq7hCkRFHFtBT1M","minter":"tz1dfWiYpneQsga8iUTk8duUAdtSQoN6fvKi","swaps":[{"swap_id":"13395","objkt_id":"13400","amount":"36","xtz_per_objkt":"2000000"}],"token_id":"13395","token_info":{"name":"Web Monroe","description":"It's difficult to stay quiet about all of this NFT world. Thinking about that, even Marilyn Monroe turned herself in CryptoArt in Red Style. Will you be able to grab one for your collection? Hurry before it's too late!","tags":["marilyn","monroe","red","pop","web","vector","digital","painting"],"symbol":"OBJKT","artifactUri":"ipfs://QmTjbSGVB1GZsEXQPxUqmfj4ez5vpBcRtXksbPnw4pyJNH","displayUri":null,"creators":["tz1dfWiYpneQsga8iUTk8duUAdtSQoN6fvKi"],"formats":[{"uri":"ipfs://QmTjbSGVB1GZsEXQPxUqmfj4ez5vpBcRtXksbPnw4pyJNH","mimeType":"image/png"}],"thumbnailUri":"ipfs://QmNrhZHUaEqxhyLfqoq1mtHSipkWHeT31LNHb1QEbDHgnc","decimals":0,"isBooleanAmount":false,"shouldPreferSymbol":false}}