{"objectId":"6382","ipfsHash":"QmThjfRCRqpYSqLU9md9kXvnU6TXNeENGgm5gLbyiKe2Sg","minter":"tz1ZU98TQAX3zMcJq9EEeWy1pkqH5mt8rCTB","swaps":[{"swap_id":"6382","objkt_id":"6417","amount":"4","xtz_per_objkt":"1600000"}],"token_id":"6382","token_info":{"name":"The crystalline conception of Aphrodite","description":"The deity of love is the child of an act of violence and revenge. Cronus emasculated his father Uranus and threw the genitals into a harsh sea. Uranus' generative power caused the sea to foam up. From the white foam rose Aphrodite, the goddess of love.","tags":["love","3D","Aphrodite","LowPoly"],"symbol":"OBJKT","artifactUri":"ipfs://QmWz3LHebznDhwCuP2YgJJE8jyVd4JdvUs1evV4H5EGRwx","creators":["tz1ZU98TQAX3zMcJq9EEeWy1pkqH5mt8rCTB"],"formats":[{"uri":"ipfs://QmWz3LHebznDhwCuP2YgJJE8jyVd4JdvUs1evV4H5EGRwx","mimeType":"model/gltf-binary"}],"thumbnailUri":"ipfs://QmNrhZHUaEqxhyLfqoq1mtHSipkWHeT31LNHb1QEbDHgnc","decimals":0,"isBooleanAmount":false,"shouldPreferSymbol":false}}