{"result":{"objectId":19327,"ipfsHash":"QmP4kjaQMVmTDsfafqHjAKypRnyArRFCiFCGdzCAWDUJJm","swaps":[{"swap_id":"21494","issuer":"tz1SrcY2fYu7uAxgV5CBojU47VVwa2zcEZ13","objkt_amount":"20","xtz_per_objkt":"5000000"}],"token_id":19327,"total_amount":"20","owners":{"KT1Hkg5qeNhfwpKW4fXvq7HGZB9z2EnmCCA9":"20"},"token_info":{"name":"Steel Liquid Refrection","description":"Designed by @HLS_Art_Studio. A unique technique was used to create refrection which makes the surface looks like a liquid made up of steel. Very satisfying to see its movement.","tags":["Relaxing","Soothing","Collectibles","refrection","NFT","RareNFT",""],"symbol":"OBJKT","artifactUri":"ipfs://QmceGYGFf3Kz6AKRujARsQMjpMDyY3CBv8ioEKncV8ABxG","displayUri":"","creators":["tz1SrcY2fYu7uAxgV5CBojU47VVwa2zcEZ13"],"formats":[{"uri":"ipfs://QmceGYGFf3Kz6AKRujARsQMjpMDyY3CBv8ioEKncV8ABxG","mimeType":"video/mp4"}],"thumbnailUri":"ipfs://QmNrhZHUaEqxhyLfqoq1mtHSipkWHeT31LNHb1QEbDHgnc","decimals":0,"isBooleanAmount":false,"shouldPreferSymbol":false}}}