{"objectId":"13792","ipfsHash":"QmUTcVCmGW29wToPnmTKVUdEWQcMWrmpAc8mUDbRSz5EpE","minter":"tz1RxHFaNxSEG6uWc5tf8hjh4YYs6TZgH2WQ","swaps":[],"token_id":"13792","token_info":{"name":"Mr Ghost.","description":"For The Happy Times","tags":["Art","Digital","Illustration","Cryptoart","Surreal","Dark"],"symbol":"OBJKT","artifactUri":"ipfs://QmTSonH2NdDyLX7aqdnBfUiSsTRKn73C78yLuMdHanFVxa","displayUri":null,"creators":["tz1RxHFaNxSEG6uWc5tf8hjh4YYs6TZgH2WQ"],"formats":[{"uri":"ipfs://QmTSonH2NdDyLX7aqdnBfUiSsTRKn73C78yLuMdHanFVxa","mimeType":"image/png"}],"thumbnailUri":"ipfs://QmNrhZHUaEqxhyLfqoq1mtHSipkWHeT31LNHb1QEbDHgnc","decimals":0,"isBooleanAmount":false,"shouldPreferSymbol":false}}