{"result":{"objectId":29791,"ipfsHash":"QmY9fig66NKQvdFLKvKDaPqppLW9ovysPdzaV71fZXmQxt","swaps":[],"token_id":29791,"total_amount":"1","owners":{"tz1eRS4s2da82Lev6QqjTe6JcM3FzXQdYTcx":"1"},"token_info":{"name":"Tezos Punks #005","description":"OBJKT 728 by @mattdesl | Punk 5 of 100 paying homage to the artists of hic et nunc","tags":["punks","mattdesl"],"symbol":"OBJKT","artifactUri":"ipfs://QmSCQtP5imu2sKrQJSbXXi1SkkxLy3MwTHins657BSuRbu","displayUri":"","thumbnailUri":"ipfs://QmNrhZHUaEqxhyLfqoq1mtHSipkWHeT31LNHb1QEbDHgnc","creators":["tz1aAnqCtnmTWc2fFVTDzKZtfmMU9ZJecGup"],"formats":[{"uri":"ipfs://QmSCQtP5imu2sKrQJSbXXi1SkkxLy3MwTHins657BSuRbu","mimeType":"image/png"}],"decimals":0,"isBooleanAmount":false,"shouldPreferSymbol":false}}}