{"result":{"objectId":18977,"ipfsHash":"QmYqHfSuNUWjccQqpWZh7TFbZF34aFDonGJJSBekaQxekn","swaps":[{"swap_id":"21892","issuer":"tz2HSqzQcASatyzHRA6VgGNbjU5XpHEF8iRj","objkt_amount":"1","xtz_per_objkt":"50000000"}],"token_id":18977,"total_amount":"1","owners":{"KT1Hkg5qeNhfwpKW4fXvq7HGZB9z2EnmCCA9":"1"},"token_info":{"name":"TezDonut #34 (FullTezos series BlackGold)","description":"One of 99 donuts from TezDonut Collection by FUX (@Fearof_SALD) One of 15 FullTezos Special series. Support @FullTezos community and marketing initiatives.","tags":["TEZDONUT","FULLTEZOS","TEZOS","MARKETING","SPECIALEDITION"],"symbol":"OBJKT","artifactUri":"ipfs://QmNdkZL57LqU1kPw3JBkeuJNNmb5J1fKGzs88BAAMyvyCE","displayUri":"","creators":["tz2HSqzQcASatyzHRA6VgGNbjU5XpHEF8iRj"],"formats":[{"uri":"ipfs://QmNdkZL57LqU1kPw3JBkeuJNNmb5J1fKGzs88BAAMyvyCE","mimeType":"image/gif"}],"thumbnailUri":"ipfs://QmNrhZHUaEqxhyLfqoq1mtHSipkWHeT31LNHb1QEbDHgnc","decimals":0,"isBooleanAmount":false,"shouldPreferSymbol":false}}}