{"objectId":"14145","ipfsHash":"Qmb8rUqndpd1oUAqUjXvTKYWwE8ohLA7E11on3aGHagC9Y","minter":"tz1dJKdJvGV18BuoQ8CbPwZVrPRq6HzsdnAD","swaps":[],"token_id":"14145","token_info":{"name":"m1 - Expedition 2121.001","description":"One of the moons observed above us showed similar multi-dimensional convergence. The moon as a whole felt rich and explorable, however each dimensional instance pinged individually showed only chaos and death. @farfromorigin | Far From Origin Expedition Agency | http://www.farfromorigin.com/","tags":["FF000","FarFromOrigin","multi-dimensional","planetarysystem","expedition"],"symbol":"OBJKT","artifactUri":"ipfs://QmPoWXhvtkFXfsv69q7SWeyp9HUZV7h3gD4hksGhMhRxit","displayUri":"ipfs://QmePZs1jg3jaJHnwEPLocb3fq5rPW5jvrqAdtm7fbcuNsK","creators":["tz1dJKdJvGV18BuoQ8CbPwZVrPRq6HzsdnAD"],"formats":[{"uri":"ipfs://QmPoWXhvtkFXfsv69q7SWeyp9HUZV7h3gD4hksGhMhRxit","mimeType":"application/x-directory"}],"thumbnailUri":"ipfs://QmNrhZHUaEqxhyLfqoq1mtHSipkWHeT31LNHb1QEbDHgnc","decimals":0,"isBooleanAmount":false,"shouldPreferSymbol":false}}