{"result":{"objectId":31175,"ipfsHash":"QmRJi4fNatvTKVHBUZcNoTJJRCYKwSwhyqLXcwZ7Rbcwqw","swaps":[{"swap_id":"42680","issuer":"tz1bo39nrNoQAB2PZj2ADvxFuCGapXPhbmYL","objkt_amount":"9","xtz_per_objkt":"10000"}],"token_id":31175,"total_amount":10,"owners":{"KT1Hkg5qeNhfwpKW4fXvq7HGZB9z2EnmCCA9":"9","tz1ZcuMhavGgdA2qSS3JgMummVGZ2UtGKc4h":"1"},"token_info":{"name":"Cuckcoin","description":"For guys who like watches","tags":["luxury","watches"],"symbol":"OBJKT","artifactUri":"ipfs://QmREjcbK38Qv6HWifFArRUdwgmRngM83Rt5gUQTdbYgvNf","displayUri":"","thumbnailUri":"ipfs://QmNrhZHUaEqxhyLfqoq1mtHSipkWHeT31LNHb1QEbDHgnc","creators":["tz1bo39nrNoQAB2PZj2ADvxFuCGapXPhbmYL"],"formats":[{"uri":"ipfs://QmREjcbK38Qv6HWifFArRUdwgmRngM83Rt5gUQTdbYgvNf","mimeType":"image/jpeg"}],"decimals":0,"isBooleanAmount":false,"shouldPreferSymbol":false}}}