{"result":{"objectId":18536,"ipfsHash":"QmYW5MFsMAsi7StrcRRdX23sdLsQEdgmp5GXahCKMMjQyA","swaps":[{"swap_id":"23556","issuer":"tz1XmqF5gnTjgE6Cxu5CzaT5H7vXiFfihe95","objkt_amount":"1","xtz_per_objkt":"1000000000"},{"swap_id":"24591","issuer":"tz29tCQDFw8KwaMaBuroze6Sv2qd47nnP5Hv","objkt_amount":"1","xtz_per_objkt":"1000000000"}],"token_id":18536,"total_amount":15,"owners":{"KT1Hkg5qeNhfwpKW4fXvq7HGZB9z2EnmCCA9":"2","tz1Mc1eC61daN2TQCZQCWE3Y9ypdHWcxva7H":"1","tz1Pu8zRmNghAHzWxsT9Cy2qXHxkCrHcB3vc":"1","tz1UAYfFWmaTrQTYMptaGCw6LrXK5Yv84VnQ":"1","tz1XYkmAHtkZFjZLdWNoL2BTqUws4oD4H1PR":"1","tz1cjHCorsyNqN3cWWKoYpzycBJmpifyoWd6":"1","tz1fCHiWZ3ReGqvhxkMejVzcnXYz1rnsJpow":"1","tz1fhd4k1jSJRRcNVbkMwVzkKEhX3kzApsfk":"1","tz1fyLpa8q92TBFuqb9amtpiPbN5TAYBGpTR":"1","tz29tCQDFw8KwaMaBuroze6Sv2qd47nnP5Hv":"1","tz29zShkqz3vycZe5HH8V3MNu44MJ7DW2afa":"1","tz2BRJdzzok6imZMYerkumzymk1saKhgmMtm":"1","tz2VN3fWzqHE44F6zedJB7UtALKEh5WhqAJJ":"1","tz2Xd7ntDUYyHgCtQpweSarjxmmJANCRNjRB":"1"},"token_info":{"name":"The Great (Particle) Wave off Kanagawa","description":"My interpretation of one of the most recognizable work of Japanese art in the world: The Great Wave off Kanagawa by Hokusai. Running in real-time in Unity via compute shader. RubenFro - Twitter: @Ruben_Fro","tags":["great","wave","kanagawa","hokusai","rubenfro","particleeffect","unity","shader","pointcloud","japaneseart"],"symbol":"OBJKT","artifactUri":"ipfs://QmV2AxWLKmqHivmG1yboh1SaYrbVHvVybVEf8Rqj4uy4pA","displayUri":"","creators":["tz1cjn8DAkb7FsCHMJsJq17uRFWhCrGxnzqd"],"formats":[{"uri":"ipfs://QmV2AxWLKmqHivmG1yboh1SaYrbVHvVybVEf8Rqj4uy4pA","mimeType":"video/mp4"}],"thumbnailUri":"ipfs://QmNrhZHUaEqxhyLfqoq1mtHSipkWHeT31LNHb1QEbDHgnc","decimals":0,"isBooleanAmount":false,"shouldPreferSymbol":false}}}