{"objectId":"8261","ipfsHash":"QmYGKfT3H9noQfZG91WGS9y4sTRjyEGTjXnbdLGTRyE2Mg","minter":"tz1hR8HJW8eSpvfCMi2YJD6uc7YkFTnbD1V3","swaps":[],"token_id":"8261","token_info":{"name":"mmz w2103191752","description":"4500x6750px PNG / Have you ever seen a dancing worm? @qubibi","tags":["generative","pixelstitch","procedural","algorithm","helloworld","worm","musicworm","qubibi"],"symbol":"OBJKT","artifactUri":"ipfs://QmTEgisKyXrphx5NRQo2wgyW47WFZB6Jqj6GmWMKogsbsJ","creators":["tz1hR8HJW8eSpvfCMi2YJD6uc7YkFTnbD1V3"],"formats":[{"uri":"ipfs://QmTEgisKyXrphx5NRQo2wgyW47WFZB6Jqj6GmWMKogsbsJ","mimeType":"image/png"}],"thumbnailUri":"ipfs://QmNrhZHUaEqxhyLfqoq1mtHSipkWHeT31LNHb1QEbDHgnc","decimals":0,"isBooleanAmount":false,"shouldPreferSymbol":false}}