{"result":{"objectId":30363,"ipfsHash":"QmdsPZhK7NjZVWdKnpx9Tdjn2shM3Zo4LzeYZan4VsQdAX","swaps":[{"swap_id":"42128","issuer":"tz1NCYei4iNnknNX7sfEW47WoV1FXmK1ZnXX","objkt_amount":"1","xtz_per_objkt":"5000000"}],"token_id":30363,"total_amount":6,"owners":{"KT1Hkg5qeNhfwpKW4fXvq7HGZB9z2EnmCCA9":"1","tz1LnJmRrUtFLh9Q4pFDVmjHEPQp79zCiZot":"1","tz1NCYei4iNnknNX7sfEW47WoV1FXmK1ZnXX":"4"},"token_info":{"name":"Vitruvian's Cube [Interactive 3D]","description":"Exploring the relationship between Davinci's Vitruvian Man and the Platonic Solids.","tags":["interactive","vitruvianman","metatronscube","cube","platonicsolids","geometry","sacredgeometry","3d","jkwong"],"symbol":"OBJKT","artifactUri":"ipfs://QmfXTC1dubWkM7mzhmk3HSDDrU8VrVLop7aPvMn3CxPnrs","displayUri":"ipfs://Qmbeb4Md6Wg4hbKp8hmCMnDZ2TKNWc4viJ3561WRK8cHDd","thumbnailUri":"ipfs://QmNrhZHUaEqxhyLfqoq1mtHSipkWHeT31LNHb1QEbDHgnc","creators":["tz1NCYei4iNnknNX7sfEW47WoV1FXmK1ZnXX"],"formats":[{"uri":"ipfs://QmfXTC1dubWkM7mzhmk3HSDDrU8VrVLop7aPvMn3CxPnrs","mimeType":"application/x-directory"}],"decimals":0,"isBooleanAmount":false,"shouldPreferSymbol":false}}}