{"objectId":"1781","ipfsHash":"QmWe1VBrhwVHy2vG5HLezBFX6vZkGuCKoUDsfsxUxmECrW","minter":"tz1ScnxV6dRwQ3rDM8eTs6Gn7isnHHx4bk1r","swaps":[],"token_id":"1781","token_info":{"name":"Vector Field 007","description":"2160 × 2160 / PNG /  Field formula: sin((y+y))|(x-y)|z / author Maks Surguy ","tags":[],"symbol":"OBJKT","artifactUri":"ipfs://QmeR4BghtpQiscEMrZaR3ovNgd3BHx9YfQD66xDE7mZv4D","creators":["tz1ScnxV6dRwQ3rDM8eTs6Gn7isnHHx4bk1r"],"formats":[{"uri":"ipfs://QmeR4BghtpQiscEMrZaR3ovNgd3BHx9YfQD66xDE7mZv4D","mimeType":"image/png"}],"thumbnailUri":"ipfs://QmNrhZHUaEqxhyLfqoq1mtHSipkWHeT31LNHb1QEbDHgnc","decimals":0,"isBooleanAmount":false,"shouldPreferSymbol":false}}