{"objectId":"4079","ipfsHash":"QmVgwvFFuqHFqdijyFjsfVuNyWvyJg8fw9kZVc8HGRAHLP","minter":"tz1Rqx3aeJWzLm8S3nuQrTDdGHxucz2twWFL","swaps":[{"swap_id":"4079","objkt_id":"4123","amount":"3","xtz_per_objkt":"4000000"}],"token_id":"4079","token_info":{"name":"Florence","description":"Amour","tags":["Amour","Florence"],"symbol":"OBJKT","artifactUri":"ipfs://QmQ9kLTqdNhZmXyzKod6ABEbkxDmF7AGdzqt6k436a9AWT","creators":["tz1Rqx3aeJWzLm8S3nuQrTDdGHxucz2twWFL"],"formats":[{"uri":"ipfs://QmQ9kLTqdNhZmXyzKod6ABEbkxDmF7AGdzqt6k436a9AWT","mimeType":"image/jpeg"}],"thumbnailUri":"ipfs://QmNrhZHUaEqxhyLfqoq1mtHSipkWHeT31LNHb1QEbDHgnc","decimals":0,"isBooleanAmount":false,"shouldPreferSymbol":false}}