{"result":{"objectId":18131,"ipfsHash":"QmNkyUGJZ4CvZJU1iUGHKiARd3Aj4rDiNm9PzfUQsGMbfb","swaps":[{"swap_id":"19683","issuer":"tz1QtetPwU1C5Utir89ZguWgwbcVxk6LQsyS","objkt_amount":"5","xtz_per_objkt":"2000000"},{"swap_id":"30876","issuer":"tz1TBa2Me3L4C7RATgRtRRWpi9EP1gqJEvuq","objkt_amount":"1","xtz_per_objkt":"10000000"}],"token_id":18131,"total_amount":10,"owners":{"KT1Hkg5qeNhfwpKW4fXvq7HGZB9z2EnmCCA9":"6","tz1Rg3n8aWJfqKKb67RCgQdY7ZwpQJdJ6NPd":"1","tz1XBjehBtieUvFM5DGS8Ry6vQzUVAYoafFd":"1","tz1bzUnoz5Q8FSBYSLRkvPfs59NH7LnZzwjC":"1","tz29tCQDFw8KwaMaBuroze6Sv2qd47nnP5Hv":"1"},"token_info":{"name":"Real Black Reverse #01","description":"Real Black Reverse comes from the Tattoo Cryptoart collection, where I bring tattoo styles composed together or separately in a different way for the NFT world. (Thiago Henrique - @Thtattooing)","tags":["reverse","tatuagem","tattoo","arte","desenhos","estilo","digital","nft","tattoonft"],"symbol":"OBJKT","artifactUri":"ipfs://QmUQa7bQLM6aPN6orcNxevC9ErVm7ox8Pc3o5TnxKtXxmJ","displayUri":"","creators":["tz1QtetPwU1C5Utir89ZguWgwbcVxk6LQsyS"],"formats":[{"uri":"ipfs://QmUQa7bQLM6aPN6orcNxevC9ErVm7ox8Pc3o5TnxKtXxmJ","mimeType":"image/jpeg"}],"thumbnailUri":"ipfs://QmNrhZHUaEqxhyLfqoq1mtHSipkWHeT31LNHb1QEbDHgnc","decimals":0,"isBooleanAmount":false,"shouldPreferSymbol":false}}}