{"result":{"objectId":20158,"ipfsHash":"QmYsqztYYyc689kJXFtX7ZcZTGjUMjkwZNVecJJ59G17Xs","swaps":[{"swap_id":"22703","issuer":"tz1fb6jz7rh4H7AojLShvhiXKaSNDyvkH7sM","objkt_amount":"5","xtz_per_objkt":"1000000"}],"token_id":20158,"total_amount":20,"owners":{"KT1Hkg5qeNhfwpKW4fXvq7HGZB9z2EnmCCA9":"5","tz1fb6jz7rh4H7AojLShvhiXKaSNDyvkH7sM":"15"},"token_info":{"name":"Person","description":"Super Sketch #XTZ_014. Drawn using Sony Sketch. (c) ALL RIGHTS RESERVED.","tags":["ARTIST:BORS__NFT","SUPER_SKETCH","LINEART","DOODLE"],"symbol":"OBJKT","artifactUri":"ipfs://QmURS1TL5RNfAbDii99Nv3FeMQZK4kSFBmtaZ2RG71t3Yu","displayUri":"","creators":["tz1fb6jz7rh4H7AojLShvhiXKaSNDyvkH7sM"],"formats":[{"uri":"ipfs://QmURS1TL5RNfAbDii99Nv3FeMQZK4kSFBmtaZ2RG71t3Yu","mimeType":"image/png"}],"thumbnailUri":"ipfs://QmNrhZHUaEqxhyLfqoq1mtHSipkWHeT31LNHb1QEbDHgnc","decimals":0,"isBooleanAmount":false,"shouldPreferSymbol":false}}}