{"result":{"objectId":28246,"ipfsHash":"QmSYG7MeRjz34vP3aQhGJ7nXHszmXZsWNU83ffipyDfkne","swaps":[{"swap_id":"37347","issuer":"tz1SEXMSKFMfG5rXx2WvDb9pUfwcQQPMq26h","objkt_amount":"8999","xtz_per_objkt":"1000000"}],"token_id":28246,"total_amount":10000,"owners":{"KT1Hkg5qeNhfwpKW4fXvq7HGZB9z2EnmCCA9":"8999","tz1NW1MMFL3jytxBjhx1qATMJyY47vLBMa4p":"1","tz1SEXMSKFMfG5rXx2WvDb9pUfwcQQPMq26h":"1000"},"token_info":{"name":"Tez Finance Token","description":"Tez Finance Token","tags":["$TFT"],"symbol":"OBJKT","artifactUri":"ipfs://QmYEpyiF2Nn9FWsrWB2B3cPh2zPFsdpo8fViwUM3VWPVon","displayUri":"","thumbnailUri":"ipfs://QmNrhZHUaEqxhyLfqoq1mtHSipkWHeT31LNHb1QEbDHgnc","creators":["tz1SEXMSKFMfG5rXx2WvDb9pUfwcQQPMq26h"],"formats":[{"uri":"ipfs://QmYEpyiF2Nn9FWsrWB2B3cPh2zPFsdpo8fViwUM3VWPVon","mimeType":"image/png"}],"decimals":0,"isBooleanAmount":false,"shouldPreferSymbol":false}}}