{"objectId":"13116","ipfsHash":"QmRqjetAYWaVsS7HsNA1DiKKGg9h49R7nbMvyGpdA1jYCz","minter":"tz1XgHNZ6Q3UpycF2RjPp7msZaivPJnd8fZW","swaps":[{"swap_id":"13116","objkt_id":"13150","amount":"1","xtz_per_objkt":"9000000"}],"token_id":"13116","token_info":{"name":"Giraffes Between Us","description":"They have arrived in Lisbon. They are in front of the local church. One of them is facing the wall for some reason. They are here.","tags":["Giraffes","Animals","Photo","Zoo","Animais","Lisbon","Portugal","Church","Biganimais","Science","Nature","Sightseeing","Photograph","Tourism","Trip"],"symbol":"OBJKT","artifactUri":"ipfs://QmVSU73VMZaSYSxvKMeG3TyEcN1xzYi7kNs8GWQyxoLwaS","displayUri":null,"creators":["tz1XgHNZ6Q3UpycF2RjPp7msZaivPJnd8fZW"],"formats":[{"uri":"ipfs://QmVSU73VMZaSYSxvKMeG3TyEcN1xzYi7kNs8GWQyxoLwaS","mimeType":"image/jpeg"}],"thumbnailUri":"ipfs://QmNrhZHUaEqxhyLfqoq1mtHSipkWHeT31LNHb1QEbDHgnc","decimals":0,"isBooleanAmount":false,"shouldPreferSymbol":false}}