{"result":{"objectId":26126,"ipfsHash":"QmeQpsxrNirz9pndaJDC3HvRAsHofKMd5yepw4Zs9MAPSA","swaps":[{"swap_id":"33442","issuer":"tz1boioU6sPvbHyaaA7Gno8XRB4X1BjaRdQt","objkt_amount":"4","xtz_per_objkt":"500000"}],"token_id":26126,"total_amount":15,"owners":{"KT1Hkg5qeNhfwpKW4fXvq7HGZB9z2EnmCCA9":"4","tz1MzF8CmrFR7B2yFEVC3LerzQRc7tzDSSKT":"1","tz1NBZbCJG5rvVPW83LcD53UPg11vZug8FRc":"1","tz1Up2nmJXyjKV7HFk2hrHzGcRRe5y5SphiQ":"2","tz1VjaaBTjSEywNDdtHyQsdPKquDxKMwkmWp":"1","tz1XafiAFyZhsr6eXeAbHhJWBVTHynB8BHDJ":"1","tz1YB4Zg8VZLDGs4nzH3LgJ5EQjZbtT4v8Vt":"1","tz1Zgz5rgjTg5aaL4foP6tvbYt7VNnNPiYHj":"1","tz1ez9SLfxbektnrsh53bGiEqxJxe634u4as":"1","tz1f94uZ7SF2fLKnMjFzGQTbznd8qpAZ12is":"1","tz1fEzsdDE7yW1jFJVupLk8fqWqh3HWF4kME":"1"},"token_info":{"name":"BROKEN - 022","description":"This is MR.GREY from the Pinkcloud Crew !  https://linktr.ee/PinkcloudNFT -   The series is called BROKEN ( Because I broke my back and lost my job...to stay sane, I've poured myself into my creations!)     I've been a videos artist for a while, but I'm trying something new here!    This series will be composed of 999 items, so I've created a 2nd account just for it. Our main account : tz1UE2omGnq3NzmMdxADYp1dcgvRKFuoFmy7 --------- P.L.U.R. ❤","tags":["MR.GREY","GENERATIVEART","PINKCLOUD","PINKCLOUDNFTS","Broken","Texture","Trippy","Colors"],"symbol":"OBJKT","artifactUri":"ipfs://QmUiVdscZ6zi4xZyE2NXP6ShMNSu2u1yHE9pph7wpvWHKC","displayUri":"","creators":["tz1boioU6sPvbHyaaA7Gno8XRB4X1BjaRdQt"],"formats":[{"uri":"ipfs://QmUiVdscZ6zi4xZyE2NXP6ShMNSu2u1yHE9pph7wpvWHKC","mimeType":"image/jpeg"}],"thumbnailUri":"ipfs://QmNrhZHUaEqxhyLfqoq1mtHSipkWHeT31LNHb1QEbDHgnc","decimals":0,"isBooleanAmount":false,"shouldPreferSymbol":false}}}