{"objectId":"8723","ipfsHash":"QmecoHJnjGVCeWYFQiMsk2YRWChKHVtWAeGhZYWTWwqhV7","minter":"tz2TcmyKAwVU2wU67xS6CYnvfta2UwF5BTRT","swaps":[{"swap_id":"8723","objkt_id":"8716","amount":"8","xtz_per_objkt":"10000000"}],"token_id":"8723","token_info":{"name":"Organic Mesh 2","description":"glb created by @tasty_plots","tags":["generative","interactive","blender"],"symbol":"OBJKT","artifactUri":"ipfs://QmYivGvKbyQoEoejavRqiR2auTrAQdEj1Ga2DecQDm1fp7","creators":["tz2TcmyKAwVU2wU67xS6CYnvfta2UwF5BTRT"],"formats":[{"uri":"ipfs://QmYivGvKbyQoEoejavRqiR2auTrAQdEj1Ga2DecQDm1fp7","mimeType":"model/gltf-binary"}],"thumbnailUri":"ipfs://QmNrhZHUaEqxhyLfqoq1mtHSipkWHeT31LNHb1QEbDHgnc","decimals":0,"isBooleanAmount":false,"shouldPreferSymbol":false}}