{"objectId":"8666","ipfsHash":"QmYpH6UAV2kUEhV9ero3NW1Y5UA4dztRX8nyN746bWPsbM","minter":"tz1hhG3vN2NCoPZepvEbKHBFQ5denwNJwHXP","swaps":[{"swap_id":"8666","objkt_id":"8669","amount":"6","xtz_per_objkt":"5000000"}],"token_id":"8666","token_info":{"name":"Deflux","description":"Scanned lillies, 2020 by @digitalcoleman","tags":["flowers","3Dscan"],"symbol":"OBJKT","artifactUri":"ipfs://QmSnUmevHex9DX9dViotuZtSZ2HqrfsGKU6QNFGUEX6CMU","creators":["tz1hhG3vN2NCoPZepvEbKHBFQ5denwNJwHXP"],"formats":[{"uri":"ipfs://QmSnUmevHex9DX9dViotuZtSZ2HqrfsGKU6QNFGUEX6CMU","mimeType":"video/mp4"}],"thumbnailUri":"ipfs://QmNrhZHUaEqxhyLfqoq1mtHSipkWHeT31LNHb1QEbDHgnc","decimals":0,"isBooleanAmount":false,"shouldPreferSymbol":false}}