{"objectId":"16178","ipfsHash":"QmXyZsR3cEzE8tovGVsRTcrRNAyh3QqVpipCJQsZ8AepDb","minter":"tz1QTQ886pKWeqfJT8Uewgaw6tUvJP7VgB7a","swaps":[],"token_id":"16178","token_info":{"name":"Life Lines","description":"You can't change the past, but everyday you have the chance to create a new future.","tags":["life","lines","past","minimalism","2d"],"symbol":"OBJKT","artifactUri":"ipfs://QmfYCqKywXZkerJv2TrTK9xKAzBVysCx2joErQGdMFMW58","displayUri":"","creators":["tz1QTQ886pKWeqfJT8Uewgaw6tUvJP7VgB7a"],"formats":[{"uri":"ipfs://QmfYCqKywXZkerJv2TrTK9xKAzBVysCx2joErQGdMFMW58","mimeType":"image/jpeg"}],"thumbnailUri":"ipfs://QmNrhZHUaEqxhyLfqoq1mtHSipkWHeT31LNHb1QEbDHgnc","decimals":0,"isBooleanAmount":false,"shouldPreferSymbol":false}}