{"objectId":"7602","ipfsHash":"QmVSvguzxfxvKwWUfmqT5zhxmLp5FNgyhhH7cWeE3PdJDp","minter":"tz1hseXGVk5xhadQFZxa5R4UoF3hwQB2SzWo","swaps":[{"swap_id":"7602","objkt_id":"7619","amount":"3","xtz_per_objkt":"2000000"}],"token_id":"7602","token_info":{"name":"HELLO","description":"HELLO 1600x1200","tags":["art","hello","1600x1200"],"symbol":"OBJKT","artifactUri":"ipfs://QmbCT9TS1AqTouJjuzbNVfAKrdNwdfr8pgvvPeXs9XFRrj","creators":["tz1hseXGVk5xhadQFZxa5R4UoF3hwQB2SzWo"],"formats":[{"uri":"ipfs://QmbCT9TS1AqTouJjuzbNVfAKrdNwdfr8pgvvPeXs9XFRrj","mimeType":"image/png"}],"thumbnailUri":"ipfs://QmNrhZHUaEqxhyLfqoq1mtHSipkWHeT31LNHb1QEbDHgnc","decimals":0,"isBooleanAmount":false,"shouldPreferSymbol":false}}