{"objectId":"2729","ipfsHash":"QmeWgpGEtKzqmct3ZTzJgdpeavQkRLtt2zZpQTsNtERQFd","minter":"tz2M8wUVctsHkQq6zEugKTgieYbdzEuuhpkc","swaps":[],"token_id":"2729","token_info":{"name":"EAZER","description":"A TRUE GREAT ART PIECE WILL INDUCE DEEP EMOTIONS","tags":["RARE","NEW","TEZOS","CREATORS","LIKE","INSTAGRAM","FACEBOOK","SOCIAL","NFTLOVE"],"symbol":"OBJKT","artifactUri":"ipfs://QmchkRWjWCaRAF552TVUMgyTcQhs4QwVC8ypoCTZDxgR5W","creators":["tz2M8wUVctsHkQq6zEugKTgieYbdzEuuhpkc"],"formats":[{"uri":"ipfs://QmchkRWjWCaRAF552TVUMgyTcQhs4QwVC8ypoCTZDxgR5W","mimeType":"image/jpeg"}],"thumbnailUri":"ipfs://QmNrhZHUaEqxhyLfqoq1mtHSipkWHeT31LNHb1QEbDHgnc","decimals":0,"isBooleanAmount":false,"shouldPreferSymbol":false}}