{"result":{"objectId":26464,"ipfsHash":"QmQ13ZxR4n2oDGfbjS7gi23mYhhzcpfBKasiaKX3Yhv8G7","swaps":[{"swap_id":"33980","issuer":"tz1TQDnNCwU6DYTGFY7HZrFHivNBJW1LthbS","objkt_amount":"1","xtz_per_objkt":"64000000"}],"token_id":26464,"total_amount":"1","owners":{"KT1Hkg5qeNhfwpKW4fXvq7HGZB9z2EnmCCA9":"1"},"token_info":{"name":"T-minus ∞ (gen.7 2048|10.4|1.0)","description":"An allegory of the human-machine relation and their unavoidable progression towards the singularity.   A generative piece depicting entropy through recursive cellular-automaton based growth.  Platform : js/WebGL Size : Resolution variable ( ideal 2048x2048 ) Pixel density : 2048x2048  Running on seed 10.4.1.0  This is gen.7 of T-minus ∞ series.  If sold, a gen.8 will be released with a new seed and price doubled.","tags":["Generative","Cellularautomata","Minimalist","Semi-random","Blackandwhite","Code-based","organic"],"symbol":"OBJKT","artifactUri":"ipfs://QmdAZc2E28SdLA3dMcP6TgaT61Hze5Y5KFZWX6Bk5S5ZR2","displayUri":"ipfs://QmTCv1WDM2LM55C39YeD3F9ftECK9ZX1GskFQ9EUuqHqe3","creators":["tz1TQDnNCwU6DYTGFY7HZrFHivNBJW1LthbS"],"formats":[{"uri":"ipfs://QmdAZc2E28SdLA3dMcP6TgaT61Hze5Y5KFZWX6Bk5S5ZR2","mimeType":"application/x-directory"}],"thumbnailUri":"ipfs://QmNrhZHUaEqxhyLfqoq1mtHSipkWHeT31LNHb1QEbDHgnc","decimals":0,"isBooleanAmount":false,"shouldPreferSymbol":false}}}