{"result":{"objectId":29816,"ipfsHash":"QmYRHwnLWJQozVggkrm5eqYRd1R9r2bVwGWzi7yP7zEnDP","swaps":[{"swap_id":"40243","issuer":"tz1YtbuXtWsXTumDeBqzSLgiZNpmXGH1nrW8","objkt_amount":"2","xtz_per_objkt":"500000"}],"token_id":29816,"total_amount":6,"owners":{"KT1Hkg5qeNhfwpKW4fXvq7HGZB9z2EnmCCA9":"2","tz1Pu8zRmNghAHzWxsT9Cy2qXHxkCrHcB3vc":"1","tz1TtZmtxhiWc8Nv6AtC1YjVCtJoFjv4nTqL":"1","tz1YtbuXtWsXTumDeBqzSLgiZNpmXGH1nrW8":"1","tz1bxe2Tp3EqWZqZX5Kvmg9MxTmX8LBiUchk":"1"},"token_info":{"name":"PRETTY","description":"Pretty and ready for when all this is over. Illustration made in the procreate.","tags":["HICETNUNC","TEZOS","CRYPTOART","$XTZ","NFT","NFTCOLLECTORS","NFTS","NFTCOLLECTOR","NFTCOMMUNITY","TEZOS","CLEANNFTS","CLEANNFT","ILLUSTRATION","PROCREATE","PROCREATEART"],"symbol":"OBJKT","artifactUri":"ipfs://QmTM5wwbYM451ax8yabaMhYdH2RhSZbLxzNdQyQ2KDyyWa","displayUri":"","thumbnailUri":"ipfs://QmNrhZHUaEqxhyLfqoq1mtHSipkWHeT31LNHb1QEbDHgnc","creators":["tz1YtbuXtWsXTumDeBqzSLgiZNpmXGH1nrW8"],"formats":[{"uri":"ipfs://QmTM5wwbYM451ax8yabaMhYdH2RhSZbLxzNdQyQ2KDyyWa","mimeType":"image/png"}],"decimals":0,"isBooleanAmount":false,"shouldPreferSymbol":false}}}