{"result":{"objectId":26576,"ipfsHash":"QmWcWNNuZix6zvUsrZ5if9ZACPTdHKWJshbu8E21igaySU","swaps":[{"swap_id":"34182","issuer":"tz1V2rJ8VDrjHNgFi6oB7AM5bJEMUmgGPMSZ","objkt_amount":"1","xtz_per_objkt":"100000000"}],"token_id":26576,"total_amount":"1","owners":{"KT1Hkg5qeNhfwpKW4fXvq7HGZB9z2EnmCCA9":"1"},"token_info":{"name":"Aetheria #1","description":"@slimbeat6 | Piece 1 out of 5, collection \"Synthetic Worlds v1.01\", 2021","tags":["#abstract","#3dart","#fractalart","#landscape","#scifi","#proceduralart","#futuristic","#aesthetic","#hicetnunc","#Tezos","$xtz"],"symbol":"OBJKT","artifactUri":"ipfs://QmXGdWMiUx6UwE74g9MBmLPWA4RRtUU1yjTLNB4e8sjtfz","displayUri":"","creators":["tz1V2rJ8VDrjHNgFi6oB7AM5bJEMUmgGPMSZ"],"formats":[{"uri":"ipfs://QmXGdWMiUx6UwE74g9MBmLPWA4RRtUU1yjTLNB4e8sjtfz","mimeType":"image/jpeg"}],"thumbnailUri":"ipfs://QmNrhZHUaEqxhyLfqoq1mtHSipkWHeT31LNHb1QEbDHgnc","decimals":0,"isBooleanAmount":false,"shouldPreferSymbol":false}}}