{"objectId":"5111","ipfsHash":"Qma1T327WN43rxeNwDi5AfB7RVCFw3h8aZUHsL7d76zTSw","minter":"tz2Dc8MfX8be1gbZJjwTKavAT8uz2VzMwhtf","swaps":[{"swap_id":"5111","objkt_id":"5106","amount":"2","xtz_per_objkt":"10000000"}],"token_id":"5111","token_info":{"name":"Color & Shapes ","description":"Chris Mischief: Color & Shapes for friends","tags":["chrismischief","f&fedition"],"symbol":"OBJKT","artifactUri":"ipfs://QmT1G1uXyhL8jiEkpNYte7BKq2paXGB8SPQf6EYeG3nSLe","creators":["tz2Dc8MfX8be1gbZJjwTKavAT8uz2VzMwhtf"],"formats":[{"uri":"ipfs://QmT1G1uXyhL8jiEkpNYte7BKq2paXGB8SPQf6EYeG3nSLe","mimeType":"image/jpeg"}],"thumbnailUri":"ipfs://QmNrhZHUaEqxhyLfqoq1mtHSipkWHeT31LNHb1QEbDHgnc","decimals":0,"isBooleanAmount":false,"shouldPreferSymbol":false}}