{"objectId":"12300","ipfsHash":"QmUtqCn4Z94cELMH5tKLb5jrtckXLWsQNGBWE9YW4X1gYa","minter":"tz1LGP5vaVjZvyskCwN1EK99FoVdKoQbQoMt","swaps":[{"swap_id":"12300","objkt_id":"12316","amount":"1","xtz_per_objkt":"40000000"}],"token_id":"12300","token_info":{"name":"03","description":"Workshop","tags":["ART","blackandwhite","Soundart"],"symbol":"OBJKT","artifactUri":"ipfs://QmcnkjVHr9ZeB8iwjbzbhyzSA46Hagk2B2SmgzfmH8LoFx","creators":["tz1LGP5vaVjZvyskCwN1EK99FoVdKoQbQoMt"],"formats":[{"uri":"ipfs://QmcnkjVHr9ZeB8iwjbzbhyzSA46Hagk2B2SmgzfmH8LoFx","mimeType":"video/mp4"}],"thumbnailUri":"ipfs://QmNrhZHUaEqxhyLfqoq1mtHSipkWHeT31LNHb1QEbDHgnc","decimals":0,"isBooleanAmount":false,"shouldPreferSymbol":false}}