{"objectId":"10556","ipfsHash":"QmXWJuo4zxWBfmGmJSBrfPW8pv6vxKoVXMHbFcHW3kNCaC","minter":"tz1WWFNheJfp3GXEfUp5SYnD25izT4AYpBr1","swaps":[{"swap_id":"10556","objkt_id":"10533","amount":"10","xtz_per_objkt":"5000000"}],"token_id":"10556","token_info":{"name":"CURRICULUM VITAE","description":"This masterpiece highlights my experiences and the skills I have developed by living them with passion and dedication.","tags":["XTZ","Tezos","Blockchain","Hiring","CurriculumVitae","CV","LinkedIn","BriceBonnet"],"symbol":"OBJKT","artifactUri":"ipfs://QmVFskpS7a7XCHxvkFu8CADRZqNWxTZG7pUZtxtbmbt8pY","creators":["tz1WWFNheJfp3GXEfUp5SYnD25izT4AYpBr1"],"formats":[{"uri":"ipfs://QmVFskpS7a7XCHxvkFu8CADRZqNWxTZG7pUZtxtbmbt8pY","mimeType":"image/jpeg"}],"thumbnailUri":"ipfs://QmNrhZHUaEqxhyLfqoq1mtHSipkWHeT31LNHb1QEbDHgnc","decimals":0,"isBooleanAmount":false,"shouldPreferSymbol":false}}