{"result":{"objectId":22889,"ipfsHash":"Qmcbfu8po9oocJJjcVmgUbWyRVR2n5EM2fgkpv6JPaErrp","swaps":[{"swap_id":"27310","issuer":"tz1UgqnXhXSnN8f8Ydt2nXbdDhreAwuu24Sx","objkt_amount":"2","xtz_per_objkt":"3000000"}],"token_id":22889,"total_amount":3,"owners":{"KT1Hkg5qeNhfwpKW4fXvq7HGZB9z2EnmCCA9":"2","tz1fT9AEMEXTg82DbT7dvmh7GSyHm6wMUWQX":"1"},"token_info":{"name":"Ghosts IV, 2021 [INC. 1b]","description":"Faded reality of the past.","tags":["abstract","collage","newmedia"],"symbol":"OBJKT","artifactUri":"ipfs://QmdMLw26ZiuXzf1jenUQwUxcWwitAzm6hDS4XNM3RVtcLf","displayUri":"","creators":["tz1UgqnXhXSnN8f8Ydt2nXbdDhreAwuu24Sx"],"formats":[{"uri":"ipfs://QmdMLw26ZiuXzf1jenUQwUxcWwitAzm6hDS4XNM3RVtcLf","mimeType":"image/jpeg"}],"thumbnailUri":"ipfs://QmNrhZHUaEqxhyLfqoq1mtHSipkWHeT31LNHb1QEbDHgnc","decimals":0,"isBooleanAmount":false,"shouldPreferSymbol":false}}}