{"result":{"objectId":18865,"ipfsHash":"QmeHdKGdC5aqefKRrS41TgECRXqyTasA9hE5nWcA8VnP4Q","swaps":[{"swap_id":"20821","issuer":"tz1RvPTb8CPiFFLjDqonmkqdqfwWJdQgcua5","objkt_amount":"14","xtz_per_objkt":"10000000"}],"token_id":18865,"total_amount":20,"owners":{"KT1Hkg5qeNhfwpKW4fXvq7HGZB9z2EnmCCA9":"14","tz1RvPTb8CPiFFLjDqonmkqdqfwWJdQgcua5":"5","tz2R1iMz3wHEx6Z8dpdPVgb9eTDVh5NdeqNz":"1"},"token_info":{"name":"Fembot #192079","description":"In a distant future, on the human blockchain, a celebrity will be uploaded with 20 copies and sold as NFT. Claim your virtual future girlfriend now! XD","tags":["futurism","scifi","ai","sci-fi","nft","blockchain","digitalart","girlfriend","fembot"],"symbol":"OBJKT","artifactUri":"ipfs://QmP1rrr6fr1NfWx7hVnFFs3yeCogP9dLFCqKP31vwrKWJ8","displayUri":"","creators":["tz1RvPTb8CPiFFLjDqonmkqdqfwWJdQgcua5"],"formats":[{"uri":"ipfs://QmP1rrr6fr1NfWx7hVnFFs3yeCogP9dLFCqKP31vwrKWJ8","mimeType":"image/jpeg"}],"thumbnailUri":"ipfs://QmNrhZHUaEqxhyLfqoq1mtHSipkWHeT31LNHb1QEbDHgnc","decimals":0,"isBooleanAmount":false,"shouldPreferSymbol":false}}}