{"objectId":"12183","ipfsHash":"QmPZ1aQtGUYjiZxgwXfcEmiqUEbpLW3hVNNGtdDe27iygh","minter":"tz1NgN7FCrSzs4vfMroKXyKE32WsReYD4WPd","swaps":[],"token_id":"12183","token_info":{"name":"Möbius","description":"1080x1080, 20s, 1200 frames, mp4 | Twitter: @loackme_ | Instagram: @loackme","tags":["creativecoding","processing","blackandwhite","geometric","dithering"],"symbol":"OBJKT","artifactUri":"ipfs://QmfQSL1gEeQeNvhqRvviWA7johK3Cs8RBQtqztLU1BXP4s","creators":["tz1NgN7FCrSzs4vfMroKXyKE32WsReYD4WPd"],"formats":[{"uri":"ipfs://QmfQSL1gEeQeNvhqRvviWA7johK3Cs8RBQtqztLU1BXP4s","mimeType":"video/mp4"}],"thumbnailUri":"ipfs://QmNrhZHUaEqxhyLfqoq1mtHSipkWHeT31LNHb1QEbDHgnc","decimals":0,"isBooleanAmount":false,"shouldPreferSymbol":false}}