{"objectId":"15168","ipfsHash":"QmXNfpfSnsDnXbE7nCH2SzSZKHeHsCWUiuJ9HadYozt8v4","minter":"tz1VgpmwW66LCbskjudK54Zp96vKn2cHjpGN","swaps":[{"swap_id":"15168","objkt_id":"14902","amount":"8","xtz_per_objkt":"1000000"}],"token_id":"15168","token_info":{"name":"Dead End","description":"1024x1024 Generative art by @__orderandchaos","tags":["GENERATIVE","CREATIVECODING","PROCESSING"],"symbol":"OBJKT","artifactUri":"ipfs://QmaAfmrqLyF7QZsMmUk2qJ1241SSbE2exRyN8vLRr5Zftq","displayUri":null,"creators":["tz1VgpmwW66LCbskjudK54Zp96vKn2cHjpGN"],"formats":[{"uri":"ipfs://QmaAfmrqLyF7QZsMmUk2qJ1241SSbE2exRyN8vLRr5Zftq","mimeType":"image/png"}],"thumbnailUri":"ipfs://QmNrhZHUaEqxhyLfqoq1mtHSipkWHeT31LNHb1QEbDHgnc","decimals":0,"isBooleanAmount":false,"shouldPreferSymbol":false}}