{"objectId":"6785","ipfsHash":"QmNRf5AWo8ixCrz9VyhN9s3TZC5295gwfn3FSum23LcpWU","minter":"tz1WbviT6hRzjH4ZHaUrAnXMawz7dHHoanzx","swaps":[{"swap_id":"6785","objkt_id":"6767","amount":"10","xtz_per_objkt":"20000000"}],"token_id":"6785","token_info":{"name":"Toronto (Genesis)","description":"@_Peru_143","tags":["Toronto","Print","Graffuturism","Graffiti","GraphicArt","Illustrator","2018"],"symbol":"OBJKT","artifactUri":"ipfs://QmSxgKUy1bbYzbeE9J7gWynrgPUi6Rkz6v6oESNV4HnHdf","creators":["tz1WbviT6hRzjH4ZHaUrAnXMawz7dHHoanzx"],"formats":[{"uri":"ipfs://QmSxgKUy1bbYzbeE9J7gWynrgPUi6Rkz6v6oESNV4HnHdf","mimeType":"image/jpeg"}],"thumbnailUri":"ipfs://QmNrhZHUaEqxhyLfqoq1mtHSipkWHeT31LNHb1QEbDHgnc","decimals":0,"isBooleanAmount":false,"shouldPreferSymbol":false}}