{"result":{"objectId":21964,"ipfsHash":"QmQFG4H5sRNzDuqCTnGgW2J7UMsgp37VqKrjN3BBe3kHvf","swaps":[{"swap_id":"25743","issuer":"tz1YnQfeBu5oVkzBjXYdUe73EYPgogVJhja7","objkt_amount":"5","xtz_per_objkt":"7000000"}],"token_id":21964,"total_amount":"5","owners":{"KT1Hkg5qeNhfwpKW4fXvq7HGZB9z2EnmCCA9":"5"},"token_info":{"name":"Guess who's the artist?","description":"Beeple Generator. Collect all the Beeple Generator to get a free 1/1 edition","tags":[""],"symbol":"OBJKT","artifactUri":"ipfs://QmY4XoJQsVMJxP9VJqopRVYz4jmuqzuL1ym4R6ELxxiD5j","displayUri":"","creators":["tz1YnQfeBu5oVkzBjXYdUe73EYPgogVJhja7"],"formats":[{"uri":"ipfs://QmY4XoJQsVMJxP9VJqopRVYz4jmuqzuL1ym4R6ELxxiD5j","mimeType":"image/png"}],"thumbnailUri":"ipfs://QmNrhZHUaEqxhyLfqoq1mtHSipkWHeT31LNHb1QEbDHgnc","decimals":0,"isBooleanAmount":false,"shouldPreferSymbol":false}}}