{"objectId":"2400","ipfsHash":"QmSr2nKTLRQE74kyN15w4oQkqARTPNqcSy5L9pezAjwd44","minter":"tz1LqFGdaUwkGEP2Bj35HzFDiJZUmP4Fq8bf","swaps":[{"swap_id":"2400","objkt_id":"2533","amount":"3","xtz_per_objkt":"2000000"}],"token_id":"2400","token_info":{"name":"Guru Ninjah","description":"Gurulino ninja spray painting","tags":["gurulino","guru","meditation","ninja","spray","paint"],"symbol":"OBJKT","artifactUri":"ipfs://QmeS7kws6H7UhxTg3Lyknt14J8UWf5CrFMXk11Ya233629","creators":["tz1LqFGdaUwkGEP2Bj35HzFDiJZUmP4Fq8bf"],"formats":[{"uri":"ipfs://QmeS7kws6H7UhxTg3Lyknt14J8UWf5CrFMXk11Ya233629","mimeType":"image/gif"}],"thumbnailUri":"ipfs://QmNrhZHUaEqxhyLfqoq1mtHSipkWHeT31LNHb1QEbDHgnc","decimals":0,"isBooleanAmount":false,"shouldPreferSymbol":false}}