{"objectId":"2841","ipfsHash":"QmXNUhZeLZd4dch6wrckVKmywUG1HyGicKLi6qCrTJUh2G","minter":"tz1Z9s59QUmYTs4NKf48uHhcgeY5wimpFWiX","swaps":[],"token_id":"2841","token_info":{"name":"2020.05.30-23.56","description":"Geometric Aquatic Organism / Touchdesigner","tags":["touchdesigner","generative","purple","blue","liveforms"],"symbol":"OBJKT","artifactUri":"ipfs://QmbhYymAiJzCRcWx1i5Nha4DcD9pw3D3EaxLF36Ydigpwi","creators":["tz1Z9s59QUmYTs4NKf48uHhcgeY5wimpFWiX"],"formats":[{"uri":"ipfs://QmbhYymAiJzCRcWx1i5Nha4DcD9pw3D3EaxLF36Ydigpwi","mimeType":"video/mp4"}],"thumbnailUri":"ipfs://QmNrhZHUaEqxhyLfqoq1mtHSipkWHeT31LNHb1QEbDHgnc","decimals":0,"isBooleanAmount":false,"shouldPreferSymbol":false}}