{"objectId":"11982","ipfsHash":"Qmf4gxpHjAiKXiVYhs5ZkaZQzj9ykkVtDPhYepUaVeosLW","minter":"tz1WqBtWEXjYPwKofxDPsf2V8Jo7dRxdKYqu","swaps":[],"token_id":"11982","token_info":{"name":"ʂυႦʅιɱαƚισɳ","description":"You'll never get tired of looking at it. Сlick = new behavior. Made by Shvembldr","tags":["generativeart","interactive","shvembldr","creativecoding"],"symbol":"OBJKT","artifactUri":"ipfs://QmTMjW1K4L1wbyyCpoJJW6yhyQ4QDaA5XThpKYpHfD2xKA","creators":["tz1WqBtWEXjYPwKofxDPsf2V8Jo7dRxdKYqu"],"formats":[{"uri":"ipfs://QmTMjW1K4L1wbyyCpoJJW6yhyQ4QDaA5XThpKYpHfD2xKA","mimeType":"image/svg+xml"}],"thumbnailUri":"ipfs://QmNrhZHUaEqxhyLfqoq1mtHSipkWHeT31LNHb1QEbDHgnc","decimals":0,"isBooleanAmount":false,"shouldPreferSymbol":false}}