{"objectId":"11605","ipfsHash":"QmYeXDcuSGmiYpQroKT2HQNbAxCWj68bZGVPzhuF1mRnbQ","minter":"tz1XyAYnnLGCmGocUZbk4VahusXen1QsJ33k","swaps":[],"token_id":"11605","token_info":{"name":"Boxy","description":"3d animation created with audio input. Generated with javascript using the library three.js","tags":["three.js","javascript","3dart","3danimation","audiovisual"],"symbol":"OBJKT","artifactUri":"ipfs://QmYtMp4tKcoyfSKfejBjp3GTR7JmRRZUbVqYHCDZSyR1aT","creators":["tz1XyAYnnLGCmGocUZbk4VahusXen1QsJ33k"],"formats":[{"uri":"ipfs://QmYtMp4tKcoyfSKfejBjp3GTR7JmRRZUbVqYHCDZSyR1aT","mimeType":"image/gif"}],"thumbnailUri":"ipfs://QmNrhZHUaEqxhyLfqoq1mtHSipkWHeT31LNHb1QEbDHgnc","decimals":0,"isBooleanAmount":false,"shouldPreferSymbol":false}}