{"objectId":"3883","ipfsHash":"QmPzWnd6suu5oXahkaDZiEmuZv3MsnpnarFpxSnhKoQnvf","minter":"tz1L3h3dfzf4L8eJJnKvAzg93wWVFuw4wi6d","swaps":[{"swap_id":"3883","objkt_id":"3859","amount":"40","xtz_per_objkt":"750000"}],"token_id":"3883","token_info":{"name":"NGGYU","description":"an element of a culture or system of behavior that may be considered to be passed from one individual to another by non-genetic means, especially imitation.","tags":["memetics"],"symbol":"OBJKT","artifactUri":"ipfs://QmVYjW6W84GCx3j91DdaDbF3PteqS5rmDy5snuMn8XgySs","creators":["tz1L3h3dfzf4L8eJJnKvAzg93wWVFuw4wi6d"],"formats":[{"uri":"ipfs://QmVYjW6W84GCx3j91DdaDbF3PteqS5rmDy5snuMn8XgySs","mimeType":"image/png"}],"thumbnailUri":"ipfs://QmNrhZHUaEqxhyLfqoq1mtHSipkWHeT31LNHb1QEbDHgnc","decimals":0,"isBooleanAmount":false,"shouldPreferSymbol":false}}