{"objectId":"7340","ipfsHash":"QmXEPxovBQizingDUFnjKSX1GiPtM8B5kfexsRroa5besS","minter":"tz1gNKnwjUNRKa9RK9dTs6VjhCsnfFw2Gm65","swaps":[],"token_id":"7340","token_info":{"name":"Sails","description":"“Sail far. Sail fast.” ","tags":[""],"symbol":"OBJKT","artifactUri":"ipfs://QmXiU294ypb1jtvAooVSStbiKq6i8ehv31TG4oJ4rdsQ1n","creators":["tz1gNKnwjUNRKa9RK9dTs6VjhCsnfFw2Gm65"],"formats":[{"uri":"ipfs://QmXiU294ypb1jtvAooVSStbiKq6i8ehv31TG4oJ4rdsQ1n","mimeType":"image/jpeg"}],"thumbnailUri":"ipfs://QmNrhZHUaEqxhyLfqoq1mtHSipkWHeT31LNHb1QEbDHgnc","decimals":0,"isBooleanAmount":false,"shouldPreferSymbol":false}}