{"objectId":"1294","ipfsHash":"QmPD76GG67WQbqLqoKgzMnqWL42GBLHxryCHzZnDftmUfU","minter":"tz1YtD1NaN2zE9nCCaBPfjLXakPWZr4iSqU8","swaps":[{"swap_id":"1294","objkt_id":"1498","amount":"1","xtz_per_objkt":"20000000"}],"token_id":"1294","token_info":{"name":"True North","description":"Exploration of curve, light, and color","tags":[],"symbol":"OBJKT","artifactUri":"ipfs://QmXwt9U2ug89na8ZFCmYxK8AA491K5rfbzDyuimQ9d6umM","creators":["tz1YtD1NaN2zE9nCCaBPfjLXakPWZr4iSqU8"],"formats":[{"uri":"ipfs://QmXwt9U2ug89na8ZFCmYxK8AA491K5rfbzDyuimQ9d6umM","mimeType":"image/png"}],"thumbnailUri":"ipfs://QmNrhZHUaEqxhyLfqoq1mtHSipkWHeT31LNHb1QEbDHgnc","decimals":0,"isBooleanAmount":false,"shouldPreferSymbol":false}}