{"objectId":"9759","ipfsHash":"Qmea1p4HKbwJuWjHai6tF1G8c4UkNxoXLaL9Sc3paxjqSm","minter":"tz1VTb173WHDWqwasASdCpF5VNL5hb2GQgHZ","swaps":[],"token_id":"9759","token_info":{"name":"SPCS 01","description":"1920x804 render made in Blender.","tags":["3D","Render","Architecture","Blender"],"symbol":"OBJKT","artifactUri":"ipfs://QmWpbpmdvQFW8HQxF8NtDujLPLamCYLRx72PZqmUZigoR8","creators":["tz1VTb173WHDWqwasASdCpF5VNL5hb2GQgHZ"],"formats":[{"uri":"ipfs://QmWpbpmdvQFW8HQxF8NtDujLPLamCYLRx72PZqmUZigoR8","mimeType":"image/png"}],"thumbnailUri":"ipfs://QmNrhZHUaEqxhyLfqoq1mtHSipkWHeT31LNHb1QEbDHgnc","decimals":0,"isBooleanAmount":false,"shouldPreferSymbol":false}}