{"result":{"objectId":28138,"ipfsHash":"QmcMhHrEuMEmSdUdQec6pzZTWsVEDsKTx3bNcWZ8Ks3rUz","swaps":[{"swap_id":"37146","issuer":"tz1WitwAP5tztkBHArE8EPn7n5jjWKgzwdhX","objkt_amount":"45","xtz_per_objkt":"1000000"}],"token_id":28138,"total_amount":50,"owners":{"KT1Hkg5qeNhfwpKW4fXvq7HGZB9z2EnmCCA9":"45","tz1QUJMk6trrCBh8oaHbDDzF7m871gpWatCB":"1","tz1R4bLnuw5uwWLrvFV3vajbw2eBXb6MQ3F3":"1","tz1h8CPQyhLvJWEgSjJPNvVZSQBeG1betFXh":"1","tz1hTfioT7ApZmAQPpLuV3EaZerrA2EAqPUX":"1","tz2FChKRT4qSikSEV9y8mbc1t7h51pGjQc72":"1"},"token_info":{"name":"hello world","description":"/~ @hexangel616","tags":["gif","helloworld","programming","textart"],"symbol":"OBJKT","artifactUri":"ipfs://QmerDekRJaPSSx2X486WZTS68przspXGUYbSr4CaX6adUX","displayUri":"","thumbnailUri":"ipfs://QmNrhZHUaEqxhyLfqoq1mtHSipkWHeT31LNHb1QEbDHgnc","creators":["tz1WitwAP5tztkBHArE8EPn7n5jjWKgzwdhX"],"formats":[{"uri":"ipfs://QmerDekRJaPSSx2X486WZTS68przspXGUYbSr4CaX6adUX","mimeType":"image/gif"}],"decimals":0,"isBooleanAmount":false,"shouldPreferSymbol":false}}}