{"result":{"objectId":29729,"ipfsHash":"QmNNwYuzVxBuRmDGBubXMcNZeMJvgXXmsVwH2RcQXvYfaQ","swaps":[{"swap_id":"40039","issuer":"tz1MF5uTMWPJnGfow1zuJ4N6Az8rgNFxsgQa","objkt_amount":"1","xtz_per_objkt":"19000000"}],"token_id":29729,"total_amount":"1","owners":{"KT1Hkg5qeNhfwpKW4fXvq7HGZB9z2EnmCCA9":"1"},"token_info":{"name":"Jaywalker 10 - Dries Depoorter  ","description":"\"Jaywalkers\" are images from people walking trough a red light. The price = fine for jaywalking. \tThe image is captured with the use of unprotected CCTV camera and computer vision software by Belgium artist Dries Depoorter @driesdepoorter","tags":["JAYWALKER","DRIESDEPOORTER","JAYWALKINGFRAMES"],"symbol":"OBJKT","artifactUri":"ipfs://QmZxKQcaEpARtPa9LbdCeihe3x3vhHt58k3qGmebTRBCH3","displayUri":"","thumbnailUri":"ipfs://QmNrhZHUaEqxhyLfqoq1mtHSipkWHeT31LNHb1QEbDHgnc","creators":["tz1MF5uTMWPJnGfow1zuJ4N6Az8rgNFxsgQa"],"formats":[{"uri":"ipfs://QmZxKQcaEpARtPa9LbdCeihe3x3vhHt58k3qGmebTRBCH3","mimeType":"image/jpeg"}],"decimals":0,"isBooleanAmount":false,"shouldPreferSymbol":false}}}