{"result":{"objectId":25531,"ipfsHash":"QmSSZyvVmnHSn1KLoRBWmnVTtrrdrqexgLDYqyoFBi7XjG","swaps":[{"swap_id":"34603","issuer":"tz1Nmr6SFJwFP4ht5VALFVGpnzumYbWYd6j5","objkt_amount":"18","xtz_per_objkt":"2000000"}],"token_id":25531,"total_amount":25,"owners":{"KT1Hkg5qeNhfwpKW4fXvq7HGZB9z2EnmCCA9":"18","tz1Pu8zRmNghAHzWxsT9Cy2qXHxkCrHcB3vc":"1","tz1RBSpEWaWLLUhTn9C5wkWJgEYVucW7xS7h":"1","tz1SDZM1kqzL6psuSCENppawXXAsDXH6yVmH":"1","tz1THb1sGjiQnZUhuLu7SDoXFj62p8K9jqTD":"1","tz1UAYfFWmaTrQTYMptaGCw6LrXK5Yv84VnQ":"1","tz1burnburnburnburnburnburnburjAYjjX":"1","tz1eRS4s2da82Lev6QqjTe6JcM3FzXQdYTcx":"1"},"token_info":{"name":"Obj.91","description":"Obj.91 from iheartblob - Augmented Architectural Objects: A New Visual Language  Unlockable: Original Resolution Image.","tags":["architecture","design","augmentedreality","token","crypto","collectable","digital"],"symbol":"OBJKT","artifactUri":"ipfs://Qmexf7YPNQM8jG46ryUL52VoHG6XA3wpqD5CEsgU2kEnBY","displayUri":"","creators":["tz1Nmr6SFJwFP4ht5VALFVGpnzumYbWYd6j5"],"formats":[{"uri":"ipfs://Qmexf7YPNQM8jG46ryUL52VoHG6XA3wpqD5CEsgU2kEnBY","mimeType":"model/gltf-binary"}],"thumbnailUri":"ipfs://QmNrhZHUaEqxhyLfqoq1mtHSipkWHeT31LNHb1QEbDHgnc","decimals":0,"isBooleanAmount":false,"shouldPreferSymbol":false}}}