{"objectId":"13004","ipfsHash":"QmTHdUDSqQfhXBFBdjFG7qJRHgubiTHzsi9Qro56nRYC7x","minter":"tz1RvPTb8CPiFFLjDqonmkqdqfwWJdQgcua5","swaps":[{"swap_id":"13004","objkt_id":"13034","amount":"10","xtz_per_objkt":"7500000"}],"token_id":"13004","token_info":{"name":"Digital Revolution and AI Transcendence (still version)","description":"After Identity Crisis and Existential Crisis, we are destined to deal with a digital crisis and seek digital freedom from all the medias to which we are connected and in which we are emprisoned. Digital detox and isolation or deprivation tanks will relieve us temporarily but not endlessly. For more you can pre-order my illustrated book: HTTP://ikigai.alahay.org","tags":["Digitalrevolution","ai","digitalfeminism","transcendence","transhumanism","digitalage","digitalfreedom"],"symbol":"OBJKT","artifactUri":"ipfs://Qmac8MY64sv6SpPBxNF8nFXSGx1yrybKVZa3ZVWgJo1cfo","displayUri":null,"creators":["tz1RvPTb8CPiFFLjDqonmkqdqfwWJdQgcua5"],"formats":[{"uri":"ipfs://Qmac8MY64sv6SpPBxNF8nFXSGx1yrybKVZa3ZVWgJo1cfo","mimeType":"image/jpeg"}],"thumbnailUri":"ipfs://QmNrhZHUaEqxhyLfqoq1mtHSipkWHeT31LNHb1QEbDHgnc","decimals":0,"isBooleanAmount":false,"shouldPreferSymbol":false}}