{"objectId":"3641","ipfsHash":"QmedXEM5zEknQB9EhsDEm9QkzdUxv7LgrvPk2gEvTdf3FE","minter":"tz1NkFMy8Rm1Fd4WPA8PrYrBFJa2e3jicGoZ","swaps":[],"token_id":"3641","token_info":{"name":"Cozy Home","description":"the perfect desk ❤️️","tags":["pixel","art","gif","home","tezos","NFT","tz"],"symbol":"OBJKT","artifactUri":"ipfs://QmNNqLzQJXYW1CAJnopkYiJRBpHq5uGf7Vmo7QLYwrJtBy","creators":["tz1NkFMy8Rm1Fd4WPA8PrYrBFJa2e3jicGoZ"],"formats":[{"uri":"ipfs://QmNNqLzQJXYW1CAJnopkYiJRBpHq5uGf7Vmo7QLYwrJtBy","mimeType":"image/gif"}],"thumbnailUri":"ipfs://QmNrhZHUaEqxhyLfqoq1mtHSipkWHeT31LNHb1QEbDHgnc","decimals":0,"isBooleanAmount":false,"shouldPreferSymbol":false}}