{"result":{"objectId":29512,"ipfsHash":"QmY7nAHqF1xk5iE72q7JhrXjgUZ7dJBjfcCqXRcjbPjwRJ","swaps":[{"swap_id":"39667","issuer":"tz1U4y37SnmE9SYzHE8aNPJDrJtcGtfD9MLN","objkt_amount":"50","xtz_per_objkt":"2500000"}],"token_id":29512,"total_amount":"50","owners":{"KT1Hkg5qeNhfwpKW4fXvq7HGZB9z2EnmCCA9":"50"},"token_info":{"name":"Three Stickmen","description":"Three Stickmen by Hulki Okan Tabak. Limited Edition of 50. Minted April 2021 on hic et nunc. Based on a collaboration between HoT and FFiiZZyy. Hulki Okan Tabak links on https://linktr.ee/hulkiokantabak.","tags":["abstract","alien","world","space","explore","voyager","collaboration","surreal","digitalpainting","hulkiokantabak","digitalart","crypto","cryptoart","nft","nftart","danger","new","exploration","photo","photograph","photoshop","stickmen","drawing"],"symbol":"OBJKT","artifactUri":"ipfs://Qmd8cGaKthctS9qm5Ns1V9s3rVs5zrmMet8eQzMRqdStF8","displayUri":"","thumbnailUri":"ipfs://QmNrhZHUaEqxhyLfqoq1mtHSipkWHeT31LNHb1QEbDHgnc","creators":["tz1U4y37SnmE9SYzHE8aNPJDrJtcGtfD9MLN"],"formats":[{"uri":"ipfs://Qmd8cGaKthctS9qm5Ns1V9s3rVs5zrmMet8eQzMRqdStF8","mimeType":"image/jpeg"}],"decimals":0,"isBooleanAmount":false,"shouldPreferSymbol":false}}}