{"objectId":"15492","ipfsHash":"QmSSXvavQYymETE9BJjGxkFPYE99V6FnLBzHJtsLgYzgSC","minter":"tz2L4t9S9LjpR2ca6B869siiKe2Ymp3aQ4gg","swaps":[],"token_id":"15492","token_info":{"name":"My mandala did not sleep","description":"My mandala did not sleep","tags":["Mymandaladidnotsleep"],"symbol":"OBJKT","artifactUri":"ipfs://QmUjR7DT4pfryWCsg8pdHLgio47ZKafVxa8bkx5X6JPbMo","displayUri":"","creators":["tz2L4t9S9LjpR2ca6B869siiKe2Ymp3aQ4gg"],"formats":[{"uri":"ipfs://QmUjR7DT4pfryWCsg8pdHLgio47ZKafVxa8bkx5X6JPbMo","mimeType":"image/png"}],"thumbnailUri":"ipfs://QmNrhZHUaEqxhyLfqoq1mtHSipkWHeT31LNHb1QEbDHgnc","decimals":0,"isBooleanAmount":false,"shouldPreferSymbol":false}}