{"objectId":"15095","ipfsHash":"QmUiJ4zymFMcmErFSNQEpvjeRWJ8fFSPso5eKo2t6b59Ag","minter":"tz1egZVyyTnMnLEEd3QymtEc5VDt56BeVgBf","swaps":[{"swap_id":"15095","objkt_id":"14845","amount":"45","xtz_per_objkt":"0"}],"token_id":"15095","token_info":{"name":"Untitled ","description":"Untitled nº1 ","tags":["nftart","nft","tezos","brazilian","illustration"],"symbol":"OBJKT","artifactUri":"ipfs://QmfG5gtmxEqwSKPtEAuwLqYfwibLj5Evt9g2oaRGVvHVn9","displayUri":null,"creators":["tz1egZVyyTnMnLEEd3QymtEc5VDt56BeVgBf"],"formats":[{"uri":"ipfs://QmfG5gtmxEqwSKPtEAuwLqYfwibLj5Evt9g2oaRGVvHVn9","mimeType":"image/jpeg"}],"thumbnailUri":"ipfs://QmNrhZHUaEqxhyLfqoq1mtHSipkWHeT31LNHb1QEbDHgnc","decimals":0,"isBooleanAmount":false,"shouldPreferSymbol":false}}