{"objectId":"15216","ipfsHash":"QmTiZhKRRmgLg6QB6p9y864jZgEbnEgzRjCy43vBbxyQPp","minter":"tz1MkstMV99nRE1PdAatkpwUevtDf5KkJn4Z","swaps":[],"token_id":"15216","token_info":{"name":"Citadella render N.04 ","description":"Citadella render N.04 , cinema 4D, 10:02 22.03.2021 @kikogasparian","tags":["Citadellanftartc4dtezos"],"symbol":"OBJKT","artifactUri":"ipfs://QmQDzFK27vpHk64JaWkPLzpnwekzRkmpjP151u9DSkxk4Q","displayUri":null,"creators":["tz1MkstMV99nRE1PdAatkpwUevtDf5KkJn4Z"],"formats":[{"uri":"ipfs://QmQDzFK27vpHk64JaWkPLzpnwekzRkmpjP151u9DSkxk4Q","mimeType":"image/png"}],"thumbnailUri":"ipfs://QmNrhZHUaEqxhyLfqoq1mtHSipkWHeT31LNHb1QEbDHgnc","decimals":0,"isBooleanAmount":false,"shouldPreferSymbol":false}}