{"result":{"objectId":22309,"ipfsHash":"QmU7W3qtAuTZeUTXAwccRZPMd234A9gPQAL5SLQyzVDrnn","swaps":[],"token_id":22309,"total_amount":6,"owners":{"tz1QDunNSnWrqwCc78TqzHP86BMNXq1P7Jxb":"3","tz1RddVLpy6u1JLS7Voty33NN3RxzQcve8bP":"3"},"token_info":{"name":"warrior","description":"today will be the day that i meet my ancestors","tags":["warrior","strong","lastbattle"],"symbol":"OBJKT","artifactUri":"ipfs://QmfKFkzLEhPBMsKQdXEgJTKFzxzpTmHSKJtPpShpzkFxH7","displayUri":"","creators":["tz1RddVLpy6u1JLS7Voty33NN3RxzQcve8bP"],"formats":[{"uri":"ipfs://QmfKFkzLEhPBMsKQdXEgJTKFzxzpTmHSKJtPpShpzkFxH7","mimeType":"image/gif"}],"thumbnailUri":"ipfs://QmNrhZHUaEqxhyLfqoq1mtHSipkWHeT31LNHb1QEbDHgnc","decimals":0,"isBooleanAmount":false,"shouldPreferSymbol":false}}}