{"result":{"objectId":27388,"ipfsHash":"QmVGWiz7bFWaRBemBZAs9pG9UCDqGHWvxLKqKYwxcyzAzV","swaps":[],"token_id":27388,"total_amount":"1","owners":{"tz1burnburnburnburnburnburnburjAYjjX":"1"},"token_info":{"name":"glb test","description":"test","tags":["test"],"symbol":"OBJKT","artifactUri":"ipfs://QmNVMJLNEgoPZ4etLZndztXTdwWTJ7a45rdw8MAShA3Gea","displayUri":"","creators":["tz1dngsyrqgmdeNxuQk1VBJwKwo5rCSsczKB"],"formats":[{"uri":"ipfs://QmNVMJLNEgoPZ4etLZndztXTdwWTJ7a45rdw8MAShA3Gea","mimeType":"model/gltf-binary"}],"thumbnailUri":"ipfs://QmNrhZHUaEqxhyLfqoq1mtHSipkWHeT31LNHb1QEbDHgnc","decimals":0,"isBooleanAmount":false,"shouldPreferSymbol":false}}}