{"objectId":"14542","ipfsHash":"QmeQMrEBAVWLQg9JW9QM3Xf1jHYVBNUjyPZBUELKm5W8YU","minter":"tz1fS3jxQfAyPH4fqZyseVzDRJG3HHKcLMoC","swaps":[],"token_id":"14542","token_info":{"name":"Coral, fig. 5","description":"twitter + insta = @atelier_marion | https://www.marionguy.com","tags":["dots","dotwork","coral","nature","ocean","texture","pattern","2D","drawing","marionguy"],"symbol":"OBJKT","artifactUri":"ipfs://QmWh5abkmuZW3YFQkVpRJBR4YSQZQLGU2nNaN7gCTn4uKv","displayUri":null,"creators":["tz1fS3jxQfAyPH4fqZyseVzDRJG3HHKcLMoC"],"formats":[{"uri":"ipfs://QmWh5abkmuZW3YFQkVpRJBR4YSQZQLGU2nNaN7gCTn4uKv","mimeType":"image/jpeg"}],"thumbnailUri":"ipfs://QmNrhZHUaEqxhyLfqoq1mtHSipkWHeT31LNHb1QEbDHgnc","decimals":0,"isBooleanAmount":false,"shouldPreferSymbol":false}}