{"result":{"objectId":19720,"ipfsHash":"QmXobbpS7VVhngR1wmtmXHGuenmtzxtmwwzMhusY1e7AFt","swaps":[{"swap_id":"22079","issuer":"tz1QrnPnhKKtSSQvbnu9LzPbZSgm1HwcUHKM","objkt_amount":"4","xtz_per_objkt":"5000000"}],"token_id":19720,"total_amount":17,"owners":{"KT1Hkg5qeNhfwpKW4fXvq7HGZB9z2EnmCCA9":"4","tz1QrnPnhKKtSSQvbnu9LzPbZSgm1HwcUHKM":"12","tz1SG66LHjWadhJXj7WKUsa2uaxpNndNvpQ8":"1"},"token_info":{"name":"Trust Issues v2","description":"Trust is easy to loose and it is so hard to reestablish. Here's a little sonic/visual reflection on what lack of trust can make to your mind.","tags":["music","visualization","nn","lucid-sonic-dreams"],"symbol":"OBJKT","artifactUri":"ipfs://QmZHJ6rE3uTdcLcAMvVpzyL9APye2jH4dXJaDQ4XD27BCY","displayUri":"","creators":["tz1QrnPnhKKtSSQvbnu9LzPbZSgm1HwcUHKM"],"formats":[{"uri":"ipfs://QmZHJ6rE3uTdcLcAMvVpzyL9APye2jH4dXJaDQ4XD27BCY","mimeType":"video/mp4"}],"thumbnailUri":"ipfs://QmNrhZHUaEqxhyLfqoq1mtHSipkWHeT31LNHb1QEbDHgnc","decimals":0,"isBooleanAmount":false,"shouldPreferSymbol":false}}}