{"result":{"objectId":22831,"ipfsHash":"QmWXYJKpcxZgbyR8gXRPjyy6Fg7L5dyHJPegBa3D7W4GMb","swaps":[{"swap_id":"27241","issuer":"tz1djV9NNFgFGZFPHdMJx7X3dPzYR54KT8wd","objkt_amount":"1","xtz_per_objkt":"25000000"}],"token_id":22831,"total_amount":"1","owners":{"KT1Hkg5qeNhfwpKW4fXvq7HGZB9z2EnmCCA9":"1"},"token_info":{"name":"White stork grazin in medow","description":"White stork grazin in green grass. Picture by 7Horses","tags":["field","meadow","nature","rural","stork","summer","white","bird","grass","season","scene","green","spring","countryside","fauna","beak","health","wing"],"symbol":"OBJKT","artifactUri":"ipfs://Qmaf3XjGRsUVYdpiQyDoxLDTp8PPbSATU82WztVn8HoPaT","displayUri":"","creators":["tz1djV9NNFgFGZFPHdMJx7X3dPzYR54KT8wd"],"formats":[{"uri":"ipfs://Qmaf3XjGRsUVYdpiQyDoxLDTp8PPbSATU82WztVn8HoPaT","mimeType":"image/jpeg"}],"thumbnailUri":"ipfs://QmNrhZHUaEqxhyLfqoq1mtHSipkWHeT31LNHb1QEbDHgnc","decimals":0,"isBooleanAmount":false,"shouldPreferSymbol":false}}}