{"objectId":"8373","ipfsHash":"QmYGMhTmEeDXdMyqBVPHZQoMd1rEVvL1y7oxgYDMjKWhdn","minter":"tz1ULu9e3fS9Cjb7uHynuQoCpTVVmsgiaaqP","swaps":[{"swap_id":"8373","objkt_id":"8409","amount":"24","xtz_per_objkt":"400000"}],"token_id":"8373","token_info":{"name":"Piano ","description":"@merzmensch #cryptoMERZ","tags":["AI","ArtifficialIntelligence","3DKenBurns"],"symbol":"OBJKT","artifactUri":"ipfs://Qmd2e44o7qUKWzavB6iFzmd1nKivLHnU1FkktJT6NpLMvB","creators":["tz1ULu9e3fS9Cjb7uHynuQoCpTVVmsgiaaqP"],"formats":[{"uri":"ipfs://Qmd2e44o7qUKWzavB6iFzmd1nKivLHnU1FkktJT6NpLMvB","mimeType":"video/mp4"}],"thumbnailUri":"ipfs://QmNrhZHUaEqxhyLfqoq1mtHSipkWHeT31LNHb1QEbDHgnc","decimals":0,"isBooleanAmount":false,"shouldPreferSymbol":false}}