{"objectId":"3991","ipfsHash":"QmZLYRsUZpZWegsGaZcw3xCidx9T8SVmQRsYnaESCjAcqs","minter":"tz1TSKnGHJKGSR8tFyiWvkREJgPY5mxTmMkX","swaps":[],"token_id":"3991","token_info":{"name":"Diamond Hands","description":"Only the luckiest may posses this item.","tags":["diamond","diamondhands","luck","lucky","luckyhands","scratch","art"],"symbol":"OBJKT","artifactUri":"ipfs://QmW461gKshkPfEzJvDE5si83ZpqoWinv12pUP2LbS3KkvX","creators":["tz1TSKnGHJKGSR8tFyiWvkREJgPY5mxTmMkX"],"formats":[{"uri":"ipfs://QmW461gKshkPfEzJvDE5si83ZpqoWinv12pUP2LbS3KkvX","mimeType":"image/gif"}],"thumbnailUri":"ipfs://QmNrhZHUaEqxhyLfqoq1mtHSipkWHeT31LNHb1QEbDHgnc","decimals":0,"isBooleanAmount":false,"shouldPreferSymbol":false}}