{"result":{"objectId":23324,"ipfsHash":"QmRuQgVrnsZUdeWfhc3qvaXh9qTkNFHQUYL7QhmCYpWdh2","swaps":[{"swap_id":"28008","issuer":"tz1dfWiYpneQsga8iUTk8duUAdtSQoN6fvKi","objkt_amount":"10","xtz_per_objkt":"1000000"}],"token_id":23324,"total_amount":"10","owners":{"KT1Hkg5qeNhfwpKW4fXvq7HGZB9z2EnmCCA9":"10"},"token_info":{"name":"Llama Alert","description":"This llama is cute, but says a lot of bad words, so be careful when you are with kids in the room. What are you waiting for collect this cute to your collection?","tags":["llama","2d","pop","red","white","digital","cartoon"],"symbol":"OBJKT","artifactUri":"ipfs://QmPkDpPgMCczVJBPRg2Xp2FkEtDapLb1FYPV3ZBvNKhtj7","displayUri":"","creators":["tz1dfWiYpneQsga8iUTk8duUAdtSQoN6fvKi"],"formats":[{"uri":"ipfs://QmPkDpPgMCczVJBPRg2Xp2FkEtDapLb1FYPV3ZBvNKhtj7","mimeType":"image/png"}],"thumbnailUri":"ipfs://QmNrhZHUaEqxhyLfqoq1mtHSipkWHeT31LNHb1QEbDHgnc","decimals":0,"isBooleanAmount":false,"shouldPreferSymbol":false}}}