{"result":{"objectId":30508,"ipfsHash":"QmbyndESTqq84LRyRcs8NoKB3C6qdQ2jhyLHQkhbWZv5XR","swaps":[],"token_id":30508,"total_amount":"1","owners":{"tz1gdfmT4beiaUZ8kPetqVe6e4hab6dfDYmF":"1"},"token_info":{"name":"PEDRA PÁSSARO (2.1)","description":"PEDRA PÁSSARO / an infinite series of generative 3d images / each image is unique / one of one / hi res / 2500 x 2500 / by leston (@matheusleston)","tags":["3d","digital","algorithmic","generative","noise","random","voronoi","blackandwhite","blender","cycles"],"symbol":"OBJKT","artifactUri":"ipfs://QmYVebcryqyAyqh6aXFkrtGTRku4tBtVtv7txjH1MsmfY9","displayUri":"","thumbnailUri":"ipfs://QmNrhZHUaEqxhyLfqoq1mtHSipkWHeT31LNHb1QEbDHgnc","creators":["tz1dKiXujcXbJkdvp7nJQ1FB6cgKzuU8cEci"],"formats":[{"uri":"ipfs://QmYVebcryqyAyqh6aXFkrtGTRku4tBtVtv7txjH1MsmfY9","mimeType":"image/jpeg"}],"decimals":0,"isBooleanAmount":false,"shouldPreferSymbol":false}}}