{"result":{"objectId":31067,"ipfsHash":"QmRXxhEduKSBc7mMS2yGTHY7Whc5b6oDugdGRYHvzFvsGc","swaps":[{"swap_id":"42550","issuer":"tz1efp2S49NXwgu6CGrBxS5ZP21chJjAJoHS","objkt_amount":"25","xtz_per_objkt":"2000000"}],"token_id":31067,"total_amount":"25","owners":{"KT1Hkg5qeNhfwpKW4fXvq7HGZB9z2EnmCCA9":"25"},"token_info":{"name":"Toys — cubes","description":"A single work from the Toys series made in 2011. Original project file has since been lost. .gif 320p x 240p. Suren Seneviratne (@mypandashallfly) [2021]","tags":["lofi","glitch","3D","computerart","pixels","8-bit","graphics","motion","visualart","movingimage","videos","animation","gif","colourful","surenseneviratne","animated","retro","nft","cryptoart"],"symbol":"OBJKT","artifactUri":"ipfs://QmdA4YbJdMUMwVgq44KKc6VVdkfJJPXHsQktvSuBmBSFK1","displayUri":"","thumbnailUri":"ipfs://QmNrhZHUaEqxhyLfqoq1mtHSipkWHeT31LNHb1QEbDHgnc","creators":["tz1efp2S49NXwgu6CGrBxS5ZP21chJjAJoHS"],"formats":[{"uri":"ipfs://QmdA4YbJdMUMwVgq44KKc6VVdkfJJPXHsQktvSuBmBSFK1","mimeType":"image/gif"}],"decimals":0,"isBooleanAmount":false,"shouldPreferSymbol":false}}}