{"result":{"objectId":20676,"ipfsHash":"QmRtWFYnSoUFRqMkw5iWpjDoVkdz4e38M75pKTbo72cQpF","swaps":[],"token_id":20676,"total_amount":5,"owners":{"tz1TiHJ3uu3sW578NuT1AQpjmGPCgL2SSzUo":"1","tz1W9ThvCcY7BDtEiSvdBuKPWuD9K8W89noh":"1","tz1ZcywWijJmZ3EPm8uMW5QXSxf7YngzSKd5":"1","tz1a12kNeurnZNeyc78pGhSDwsypdER1jZVP":"1","tz1fNgdRgSLF5p2sYdmDRhdcuqbLCEgp88zu":"1"},"token_info":{"name":"Doorways of the Mind","description":"Exploring new pathways in collaboration with AI","tags":["GAN","AI","Doorways"],"symbol":"OBJKT","artifactUri":"ipfs://QmdSEUgxWKfiY4d7AC1FCWgCLetkTKD6qcQYSxibxEs4Qo","displayUri":"","creators":["tz1fNgdRgSLF5p2sYdmDRhdcuqbLCEgp88zu"],"formats":[{"uri":"ipfs://QmdSEUgxWKfiY4d7AC1FCWgCLetkTKD6qcQYSxibxEs4Qo","mimeType":"image/jpeg"}],"thumbnailUri":"ipfs://QmNrhZHUaEqxhyLfqoq1mtHSipkWHeT31LNHb1QEbDHgnc","decimals":0,"isBooleanAmount":false,"shouldPreferSymbol":false}}}