{"objectId":"10151","ipfsHash":"QmS4iKQm3QdvB7Pdxen9WNPYdPLgPiy5K1hKDUZgkpbbxB","minter":"tz1cyPdEfecxsdGuURVitAo4ha9g7xfFXugV","swaps":[],"token_id":"10151","token_info":{"name":"SpaceDimension","description":"Art Collection #008","tags":["art","collect"],"symbol":"OBJKT","artifactUri":"ipfs://QmeKwk3mVdf6o2VbeArgiD8knwWdBkbcSVvETXjEHz2u77","creators":["tz1cyPdEfecxsdGuURVitAo4ha9g7xfFXugV"],"formats":[{"uri":"ipfs://QmeKwk3mVdf6o2VbeArgiD8knwWdBkbcSVvETXjEHz2u77","mimeType":"image/gif"}],"thumbnailUri":"ipfs://QmNrhZHUaEqxhyLfqoq1mtHSipkWHeT31LNHb1QEbDHgnc","decimals":0,"isBooleanAmount":false,"shouldPreferSymbol":false}}