{"result":{"objectId":18920,"ipfsHash":"QmWXVkQJaU9KvdVQpU7YS2QuHspDbMzSZbNYxdxVtyqDsB","swaps":[{"swap_id":"20940","issuer":"tz2Aafou1JY5eK7g7fvZ8Heqe1aLD3ZihfR4","objkt_amount":"1","xtz_per_objkt":"3000000"}],"token_id":18920,"total_amount":3,"owners":{"KT1Hkg5qeNhfwpKW4fXvq7HGZB9z2EnmCCA9":"1","tz2Aafou1JY5eK7g7fvZ8Heqe1aLD3ZihfR4":"2"},"token_info":{"name":"“Next time I have an idea like that, punch me in the face.”","description":"Original, 1 of 1","tags":["GameofThrones","TyrionLannister"],"symbol":"OBJKT","artifactUri":"ipfs://Qme4yzZsvib5sAwhuWqUtZfdSigSRnvsxWvqVqiwxGFnkf","displayUri":"","creators":["tz2Aafou1JY5eK7g7fvZ8Heqe1aLD3ZihfR4"],"formats":[{"uri":"ipfs://Qme4yzZsvib5sAwhuWqUtZfdSigSRnvsxWvqVqiwxGFnkf","mimeType":"image/jpeg"}],"thumbnailUri":"ipfs://QmNrhZHUaEqxhyLfqoq1mtHSipkWHeT31LNHb1QEbDHgnc","decimals":0,"isBooleanAmount":false,"shouldPreferSymbol":false}}}