{"result":{"objectId":26433,"ipfsHash":"QmWFNSrVy9wMB1AjAcSPUBsYHU6grQP4t5cBkR6p9fu19r","swaps":[{"swap_id":"33901","issuer":"tz1bKM4FRgAsGdDWzXs4o5HZdjBbLMbPBAA1","objkt_amount":"446","xtz_per_objkt":"0"},{"swap_id":"43009","issuer":"tz1LLSwj6gGNX1eFHAvnt4tkC8WQryeRBpPW","objkt_amount":"1","xtz_per_objkt":"60000000"}],"token_id":26433,"total_amount":500,"owners":{"KT1Hkg5qeNhfwpKW4fXvq7HGZB9z2EnmCCA9":"447","tz1KojLMYHQZW9BCS6skDYV9BSaYh3hk3aKJ":"1","tz1MfYXzgyCp4ry3GSQFusoZ1cYFhd7W3tja":"1","tz1NBZbCJG5rvVPW83LcD53UPg11vZug8FRc":"1","tz1NySiq6aHysD6Rpu4bYhFaVe3ASya2qB8D":"1","tz1NzZB8EdvW5Uppth48tbajc77Uk3iXTmkg":"1","tz1PYqfNnkpZydtSY2Tn3Rv8mjkgUpHJpFXC":"1","tz1Pu8zRmNghAHzWxsT9Cy2qXHxkCrHcB3vc":"1","tz1QGCWjNpYmcS6T9qFGYSam25e36WeFUCK4":"1","tz1QUD2vufLZ2TuMcGTwFzZ1yJgsTCWWW8B4":"1","tz1QadXJPVHnQVfuVW6avJDVpE5MJX9rMEcS":"1","tz1R9Q4r89QrxUjM6d7Y4rc35rxiw6DQ1iPG":"1","tz1S1Aew75hMrPUymqenKfHo8FspppXKpW7h":"2","tz1SQuhS24yQdN2DxvpoGTZ6xZiU1yqCkYJ6":"1","tz1Sy9gJjqzDqb8yXmnu3niPtExyhHhfPxn1":"1","tz1TG9d5ACUTVsyASTP2yi412VbW8hf2HUV6":"1","tz1TwGmzqHQJPZSfwmCGg2uiinFDDRZntsDi":"1","tz1UXAsfFeufr6p2PafNr2oXNrTDSdtwwdgm":"1","tz1UgKUorMCBdW7Xh4PAx3VqGUHmtA7sDfTz":"1","tz1X9JDjS9De8UZtyKAM5VNX435ZASX4JahZ":"1","tz1XwT7cC7UnvMi4GooA3qUNEA22cPcUXxLp":"1","tz1Y9XuoJJqQgNxVVesix1RLvn2k94JxD92Q":"1","tz1YFX2dhnpPvAP7bs1ufixxaTDKsSo3KDUQ":"1","tz1YNUNArBDYWu8evZj73HR9vE6y5FQkaj5M":"1","tz1YfcZumgRMiMUzfBqawhoqD2ND1zJAbecw":"1","tz1Zhwezmjhn86kPB4684FpGpP2i6GToaa9e":"1","tz1a1PwG4xYe8EpD2EGCWnfaFKt3xmkUT4Vj":"1","tz1aYZgAnBpPbJrx5UsZbTPuiXSA4z8waS43":"1","tz1atstMJFpV6vFR9hG1crpAkHQbBeVJdT4R":"1","tz1bBS9UkVu1rbR5taywsP82iHfcy9Mi7jou":"1","tz1burnburnburnburnburnburnburjAYjjX":"2","tz1bvHicmPajFP7HvTgePjGAH4WLn6roktoS":"1","tz1bxe2Tp3EqWZqZX5Kvmg9MxTmX8LBiUchk":"1","tz1cWsQ4NKMQVrXxwQjgU6f8Lwwc6gxxCUic":"1","tz1hD7VdzRpWG3nmYpCyW2gNc8mQNs3TCgxu":"1","tz1hp5F7iZrQoviSG53p6QHXgQZu24p5EXUd":"1","tz1iCiA1vKmgfZbY533ZgMwFKZ14S1DQNooQ":"1","tz1ie5CKdwKxCgy9MJXC3tGbHGMfG1ysVkhx":"1","tz28b4jh3DcaexkePr1zLsMTXfi8ty5mf1Mf":"1","tz28d99brERWWQbjafcQHYiLBRksk5RVQejR":"1","tz2ALu8Jxf2SMgzSZaZEwfiJQbogpUDPStwz":"1","tz2BdhegVkFaawi21NWf12EwWCadPKEew54y":"1","tz2H21wDMLHDJ4jcJwPr8cmhFatSv276Jama":"1","tz2HdbFWnzRZ7B9fM2xZCYdZv8rM5frGKDCo":"1","tz2JLeUYeS6wd1z2NPrZeFerv5Z1UYTDjKQV":"1","tz2Ly8tqFcTDFbxDV2ycYHuG69roVGLo6jKC":"1","tz2N8GmePNEack15CHaH5qWB7DjuiciRmPBf":"1","tz2PcNnB3GS7WuMq6VUgoE2HRaLfWxPFFZfH":"1","tz2RcBPrLSkq2ZytywdMWcLGxSCQpGxScSEU":"1","tz2Ri4r7kxpc3bFW4gCqP8pvh19iBtdQmEpU":"1","tz2UvEMSqhXeREANCQvhgHSpN2Lc4LEuKR6V":"1","tz2WKRK3i3zBjX8aAyFn3FVWmYDAHFudQgh2":"1"},"token_info":{"name":"Tezotopia Promo","description":"Claim this NFT for a chance to win 60 XTZ","tags":["contest","promo","virtualworld","tezotopia","gifgames"],"symbol":"OBJKT","artifactUri":"ipfs://QmY4FPJchrtLZFBa5peUee1WiC64VFYLdPp9V4oHaQEz7T","displayUri":"","creators":["tz1bKM4FRgAsGdDWzXs4o5HZdjBbLMbPBAA1"],"formats":[{"uri":"ipfs://QmY4FPJchrtLZFBa5peUee1WiC64VFYLdPp9V4oHaQEz7T","mimeType":"video/mp4"}],"thumbnailUri":"ipfs://QmNrhZHUaEqxhyLfqoq1mtHSipkWHeT31LNHb1QEbDHgnc","decimals":0,"isBooleanAmount":false,"shouldPreferSymbol":false}}}