{"objectId":"6855","ipfsHash":"QmTETp5dC2uacqE4d8UHJ2KjPDpAkdsHyVGeHmiVijsgsS","minter":"tz1KubYcTgcxcFePxhs1k5ENb4tP7z9VhKAm","swaps":[],"token_id":"6855","token_info":{"name":"Body in motion #01","description":"A series of experiments between traditional and digital media exploring the human body in motion.","tags":["drawing","digital","traditional","art","body","motion","3d","2d","glitch"],"symbol":"OBJKT","artifactUri":"ipfs://QmYwHGNpAEgVRYW9v4VYuwVcbeNHfNPrmMs8haLe1KpyGa","creators":["tz1KubYcTgcxcFePxhs1k5ENb4tP7z9VhKAm"],"formats":[{"uri":"ipfs://QmYwHGNpAEgVRYW9v4VYuwVcbeNHfNPrmMs8haLe1KpyGa","mimeType":"video/mp4"}],"thumbnailUri":"ipfs://QmNrhZHUaEqxhyLfqoq1mtHSipkWHeT31LNHb1QEbDHgnc","decimals":0,"isBooleanAmount":false,"shouldPreferSymbol":false}}