{"objectId":"16206","ipfsHash":"QmTafv39t8HpoBiKzHjZ8LYmkN7Pwa4GRDccyXmA3V5NVr","minter":"tz1PTiGJ674i1feGXvmH3a61uXjf8z8Tp3Et","swaps":[],"token_id":"16206","token_info":{"name":"Control The Soul #159","description":"Occult AI art collectible, each piece has one edition. [Series 1, #159/1000]; 2021 StyleGAN2 + CLIP 1024x1024","tags":["ai","art","collectible","controlthesoul"],"symbol":"OBJKT","artifactUri":"ipfs://Qmb2AqejpPuHE2r89MH7iggPZ2QjxJbbBDEBcMyS7Wzu4G","creators":["tz1PTiGJ674i1feGXvmH3a61uXjf8z8Tp3Et"],"formats":[{"uri":"ipfs://Qmb2AqejpPuHE2r89MH7iggPZ2QjxJbbBDEBcMyS7Wzu4G","mimeType":"image/png"}],"thumbnailUri":"ipfs://QmNrhZHUaEqxhyLfqoq1mtHSipkWHeT31LNHb1QEbDHgnc","decimals":0,"isBooleanAmount":false,"shouldPreferSymbol":false}}