{"objectId":"1914","ipfsHash":"QmSRCu9LF8hYqLEWQWvQBfDW6vHGJ5VYGwo1VJsAJjWyxi","minter":"tz1ZTREz5odePEKWXJujkfGEtdQvgt5651zx","swaps":[],"token_id":"1914","token_info":{"name":"080821 Justin Scordianos","description":"twitter: @j_u_s__ti_n","tags":[],"symbol":"OBJKT","artifactUri":"ipfs://QmYvznZvMC3gxAr9jUXyE851ZMNCJYX2Sn2xfFZM4ygGGi","creators":["tz1ZTREz5odePEKWXJujkfGEtdQvgt5651zx"],"formats":[{"uri":"ipfs://QmYvznZvMC3gxAr9jUXyE851ZMNCJYX2Sn2xfFZM4ygGGi","mimeType":"image/jpeg"}],"thumbnailUri":"ipfs://QmNrhZHUaEqxhyLfqoq1mtHSipkWHeT31LNHb1QEbDHgnc","decimals":0,"isBooleanAmount":false,"shouldPreferSymbol":false}}