{"result":{"objectId":26258,"ipfsHash":"QmR9PCnwUw1YmggChYdTdEJx1VNerHR32pJLTm1Hj5AveE","swaps":[],"token_id":26258,"total_amount":"3","owners":{"tz1burnburnburnburnburnburnburjAYjjX":"3"},"token_info":{"name":"Yoshinami Gods and divinities serie #12/15","description":"A serie of 15 God masks   #12/15","tags":["#thisisarobot","#hicetnunc2000","#hicetnunc","#digitalart","#digitalillustration","#tezos","#cleanNFT"],"symbol":"OBJKT","artifactUri":"ipfs://QmXdYSLA7o7KpPTrZ8v8e4E6zFgYnumJDp9MHR7SuYgfq5","displayUri":"","creators":["tz1aXcPJTeNdgyf8JiTaRDgbCaNd1bKxDfm4"],"formats":[{"uri":"ipfs://QmXdYSLA7o7KpPTrZ8v8e4E6zFgYnumJDp9MHR7SuYgfq5","mimeType":"image/png"}],"thumbnailUri":"ipfs://QmNrhZHUaEqxhyLfqoq1mtHSipkWHeT31LNHb1QEbDHgnc","decimals":0,"isBooleanAmount":false,"shouldPreferSymbol":false}}}