{"result":{"objectId":20621,"ipfsHash":"QmdPAhncFbXMFeDU9VkTStZcvBju9ZRcFsXWAKhNqMUDKF","swaps":[],"token_id":20621,"total_amount":"99","owners":{"tz1burnburnburnburnburnburnburjAYjjX":"99"},"token_info":{"name":"PIXEL ADAM","description":"Artist: Bjorn Calleja // Medium: Photoshop Pixel Art // Year: 2021","tags":["adam","pixeladam","pixelart","adamandeve","bjorncalleja","philippines","digitalart","fineart"],"symbol":"OBJKT","artifactUri":"ipfs://QmYpUfyg2Z7JTwG1x144kpmvnrgWKYey8oLNY8goUuXcmx","displayUri":"","creators":["tz2Hz4TVJZjoQVks4SfWgt38RfZTmrHmVH62"],"formats":[{"uri":"ipfs://QmYpUfyg2Z7JTwG1x144kpmvnrgWKYey8oLNY8goUuXcmx","mimeType":"image/jpeg"}],"thumbnailUri":"ipfs://QmNrhZHUaEqxhyLfqoq1mtHSipkWHeT31LNHb1QEbDHgnc","decimals":0,"isBooleanAmount":false,"shouldPreferSymbol":false}}}