{"result":{"objectId":18648,"ipfsHash":"QmUMrqdWTMn9gzUub2YkX8g41HYHe5P8hojDaEbwqh2xy8","swaps":[{"swap_id":"20495","issuer":"tz1bggJbsin2pHgdoxo1WuZNKvSufdEvCXET","objkt_amount":"77","xtz_per_objkt":"0"},{"swap_id":"28182","issuer":"tz1MH7vTRc4yXkttnoU93CYqiZfhEzk7C17a","objkt_amount":"1","xtz_per_objkt":"1000000"},{"swap_id":"30562","issuer":"tz1TBa2Me3L4C7RATgRtRRWpi9EP1gqJEvuq","objkt_amount":"1","xtz_per_objkt":"5000000"}],"token_id":18648,"total_amount":100,"owners":{"KT1Hkg5qeNhfwpKW4fXvq7HGZB9z2EnmCCA9":"79","tz1MjfmzHTLq5oJUx1FgkxSHFfhbetiknSqR":"1","tz1TG9d5ACUTVsyASTP2yi412VbW8hf2HUV6":"1","tz1THwbFPPPBHmBu4cmLV2SppLFrA5QfBhyF":"1","tz1TsHGGcE3hYi4omwSr9oeCpVbm8pyE78dd":"1","tz1UE2omGnq3NzmMdxADYp1dcgvRKFuoFmy7":"1","tz1XsNqf1TgBAbURxBAmLKdMS677RBSuFUvj":"1","tz1XtCd561U9n4vtVBkqbJD9MEiShcbt8t19":"1","tz1YNUNArBDYWu8evZj73HR9vE6y5FQkaj5M":"5","tz1YRG68NdqtAcsFEwTUw6FsSsiBb5kagEDo":"1","tz1ZcuMhavGgdA2qSS3JgMummVGZ2UtGKc4h":"1","tz1Ze1yDkdjswuNSstQ3hTLa6hnZmBBJ5oUQ":"1","tz1bxe2Tp3EqWZqZX5Kvmg9MxTmX8LBiUchk":"1","tz1cGdvL2YBEGi2ekBzeLa1vbeRUKgYiCmEu":"1","tz1d8Fx1eLFTeRoWTjXvs5W8hUMZEcnb9Mvg":"1","tz1eZkGoBrJGXtL1gRdL9ypjUAvzQvzUfqGj":"1","tz1gRDpbX5UTtJQ2uxAdWynuSnxwwhWsLUqH":"1","tz1hBYa9PA5rnC8R3QDhUid3bNZBibaRhAsT":"1"},"token_info":{"name":"brasil or no brazil","description":"brasil laranja","tags":["art","contemporary","digitalartist","forabolsonaro","digitalart","pcart","rageagainstthemachine"],"symbol":"OBJKT","artifactUri":"ipfs://QmTYzdFiPScQcdZ9HYarjdNYGf8dhn5k7dn3X25abfX8gX","displayUri":"","creators":["tz1bggJbsin2pHgdoxo1WuZNKvSufdEvCXET"],"formats":[{"uri":"ipfs://QmTYzdFiPScQcdZ9HYarjdNYGf8dhn5k7dn3X25abfX8gX","mimeType":"image/png"}],"thumbnailUri":"ipfs://QmNrhZHUaEqxhyLfqoq1mtHSipkWHeT31LNHb1QEbDHgnc","decimals":0,"isBooleanAmount":false,"shouldPreferSymbol":false}}}