{"objectId":"16528","ipfsHash":"QmaUeiFCXw9Mw8PLCC1GvEfm5qnhfDk9eXcVsjXqjBmXkG","minter":"tz1fS3jxQfAyPH4fqZyseVzDRJG3HHKcLMoC","swaps":[],"token_id":"16528","token_info":{"name":"orchis_1","description":"twitter + insta = @atelier_marion | https://www.marionguy.com","tags":["dots","flower","nature","pattern","texture","2D","animation","marionguy"],"symbol":"OBJKT","artifactUri":"ipfs://QmXSNfzATxPGpZbsJmefgb9WiBSwmeTS7ionxsoW2TJsza","displayUri":"","creators":["tz1fS3jxQfAyPH4fqZyseVzDRJG3HHKcLMoC"],"formats":[{"uri":"ipfs://QmXSNfzATxPGpZbsJmefgb9WiBSwmeTS7ionxsoW2TJsza","mimeType":"video/mp4"}],"thumbnailUri":"ipfs://QmNrhZHUaEqxhyLfqoq1mtHSipkWHeT31LNHb1QEbDHgnc","decimals":0,"isBooleanAmount":false,"shouldPreferSymbol":false}}