{"objectId":"14779","ipfsHash":"QmPTUUSjR7rqXpwbN94tvXQhdDspLSKh3LYYoS4HyBzwfQ","minter":"tz1PTiGJ674i1feGXvmH3a61uXjf8z8Tp3Et","swaps":[{"swap_id":"14779","objkt_id":"14570","amount":"1","xtz_per_objkt":"50000000"}],"token_id":"14779","token_info":{"name":"Control The Soul #357","description":"Occult AI art collectible, each piece has one edition. [Series 1, #357/1000]; 2021 StyleGAN2 + CLIP 1024x1024","tags":["ai","art","collectible","controlthesoul"],"symbol":"OBJKT","artifactUri":"ipfs://Qmbk7pGZZdbuepddSzRsbkZnQtDLhVTedg3toMRDT92yhi","creators":["tz1PTiGJ674i1feGXvmH3a61uXjf8z8Tp3Et"],"formats":[{"uri":"ipfs://Qmbk7pGZZdbuepddSzRsbkZnQtDLhVTedg3toMRDT92yhi","mimeType":"image/png"}],"thumbnailUri":"ipfs://QmNrhZHUaEqxhyLfqoq1mtHSipkWHeT31LNHb1QEbDHgnc","decimals":0,"isBooleanAmount":false,"shouldPreferSymbol":false}}