{"objectId":"15538","ipfsHash":"QmWEc4pbc3nj5YcL1EDKAsakdAV9NEMKmzEzfBtRxZ4NK2","minter":"tz1S6hgVFV7frVPvsQa5S99QZB2VmUgQGJES","swaps":[{"swap_id":"15538","objkt_id":"15188","amount":"1","xtz_per_objkt":"1000000000"}],"token_id":"15538","token_info":{"name":"‘untitled’, from LIBER AMÉRIKA series","description":"photoperformance, digital drawing on self-portrait, 1556 x 2046 pixels, JPEG Archive, 2019","tags":["liberamerika","drawing","self-portrait","photography","photoperformance","black-and-white","2019"],"symbol":"OBJKT","artifactUri":"ipfs://QmWrxrgfemWdiy9ETuUbWQsmuyZoqNQkPPJcs8VmmKU11H","displayUri":"","creators":["tz1S6hgVFV7frVPvsQa5S99QZB2VmUgQGJES"],"formats":[{"uri":"ipfs://QmWrxrgfemWdiy9ETuUbWQsmuyZoqNQkPPJcs8VmmKU11H","mimeType":"image/jpeg"}],"thumbnailUri":"ipfs://QmNrhZHUaEqxhyLfqoq1mtHSipkWHeT31LNHb1QEbDHgnc","decimals":0,"isBooleanAmount":false,"shouldPreferSymbol":false}}