{"objectId":"10852","ipfsHash":"QmXGKDr2cgJquVUV9ZibeerP3NdJwaaS7LCfhGgUCHuasS","minter":"tz1She4SQvRuhLZcjDzqL2fkaYAVaWdVNK5T","swaps":[{"swap_id":"10852","objkt_id":"10823","amount":"8","xtz_per_objkt":"3000000"}],"token_id":"10852","token_info":{"name":"The peeing man","description":"early art work, surprise drop, a rare collectible","tags":["#art#rare#ink#limited#numbred"],"symbol":"OBJKT","artifactUri":"ipfs://QmNr2SCbp4NghjwioEd43HUUkfGxcCUh2fAfKtNUk4eruK","creators":["tz1She4SQvRuhLZcjDzqL2fkaYAVaWdVNK5T"],"formats":[{"uri":"ipfs://QmNr2SCbp4NghjwioEd43HUUkfGxcCUh2fAfKtNUk4eruK","mimeType":"image/jpeg"}],"thumbnailUri":"ipfs://QmNrhZHUaEqxhyLfqoq1mtHSipkWHeT31LNHb1QEbDHgnc","decimals":0,"isBooleanAmount":false,"shouldPreferSymbol":false}}