{"objectId":"10782","ipfsHash":"QmZNr1B2JRB5BcpxL14DWg4Yv3DgGj4t91471544SnDkxj","minter":"tz1TNtDa487UmKbAvAD8Q3GCWRuLTS1r1B16","swaps":[],"token_id":"10782","token_info":{"name":"V/MOOD-01-01","description":"SVG+JS generator for emoji based compositions, series 01, iteration 01. Shows 😀😃😄😁😆😅🤣😂🙂🙃😉😊😇🥰😍🤩😘😗☺️😚😙🥲😋😛😜🤪😝🤑🤗🤭🤫🤔🤐🤨😐😑😶😏😒🙄😬🤥😌😔😪🤤😴😷🤒🤕🤢🤮🤧🥵🥶🥴😵🤯🤠🥳🥸😎🤓🧐😕😟🙁☹️😮😯😲😳🥺😦😧😨😰😥😢😭😱😖😣😞😓😩😫🥱😤😡😠🤬😈👿💀☠️💩🤡👹👺👻👽👾🤖😺😸😹😻😼😽🙀😿😾 emoji (where available) in random order. Made by @voorbeeld","tags":["SVG","creativecoding","emoji","kotlin","voorbeeld"],"symbol":"OBJKT","artifactUri":"ipfs://QmTMUzhEoH8vtwaiTkXdPybKPW8HkbNo2neebnHYET5fd9","creators":["tz1TNtDa487UmKbAvAD8Q3GCWRuLTS1r1B16"],"formats":[{"uri":"ipfs://QmTMUzhEoH8vtwaiTkXdPybKPW8HkbNo2neebnHYET5fd9","mimeType":"image/svg+xml"}],"thumbnailUri":"ipfs://QmNrhZHUaEqxhyLfqoq1mtHSipkWHeT31LNHb1QEbDHgnc","decimals":0,"isBooleanAmount":false,"shouldPreferSymbol":false}}