{"result":{"objectId":17293,"ipfsHash":"QmXkPairwB4jET2q5X7XAPeQi8YtyBX7KsJf1V9wyEvAye","swaps":[],"token_id":17293,"total_amount":3,"owners":{"tz1PoyguZTFRYfHC9j3VYvivNJqKViewkfYm":"1","tz1ScePe2eXYo1RBdEe12hNY8KrvHyjFhHw6":"1","tz1YNUNArBDYWu8evZj73HR9vE6y5FQkaj5M":"1"},"token_info":{"name":"Landvættir | Nature Spirit 1","description":"Twitter: @Juzouou | Landvættir Series | AI generated (BIG Sleep) and upscaled (SIR GAN) Artwork, Manually color corrected, 1024×1024 | This single edition of 3 is exclusive to hic et nunc, and will never be minted again on this or any other platform.","tags":["neural","artificial","ML","AI","painting","oil","oilpainting","dark","Spirit","forest"],"symbol":"OBJKT","artifactUri":"ipfs://Qma15vNdHPYfYadzaHQTgXwZ4pcz2UaNvv6z7NUJWPAzwX","displayUri":"","creators":["tz1demsQU1EN5T8eUo1eCJms7X19L6CjtaRt"],"formats":[{"uri":"ipfs://Qma15vNdHPYfYadzaHQTgXwZ4pcz2UaNvv6z7NUJWPAzwX","mimeType":"image/png"}],"thumbnailUri":"ipfs://QmNrhZHUaEqxhyLfqoq1mtHSipkWHeT31LNHb1QEbDHgnc","decimals":0,"isBooleanAmount":false,"shouldPreferSymbol":false}}}