{"objectId":"16085","ipfsHash":"QmSjHc2cu2YkQxPheG2fnCiv9ugCHyS8Da6HhYx9Ck36ES","minter":"tz1cL6BeFapdc87dd68Jj5ZaPUWsaX2UYzMN","swaps":[],"token_id":"16085","token_info":{"name":"Rainbow Kitty NFT🔥","description":"🌈Rainbow Kitty!🌈 🎨 by: @SolarKittyn 🌌","tags":["#NFT","#Pixel","#XTZ","#Tezos","#Animation","#Rainbow"],"symbol":"OBJKT","artifactUri":"ipfs://Qmf9WUnMYWf2NLUhCPh7w5Vhopf7Hvxyq3quBv1sujz76Z","displayUri":"","creators":["tz1cL6BeFapdc87dd68Jj5ZaPUWsaX2UYzMN"],"formats":[{"uri":"ipfs://Qmf9WUnMYWf2NLUhCPh7w5Vhopf7Hvxyq3quBv1sujz76Z","mimeType":"image/gif"}],"thumbnailUri":"ipfs://QmNrhZHUaEqxhyLfqoq1mtHSipkWHeT31LNHb1QEbDHgnc","decimals":0,"isBooleanAmount":false,"shouldPreferSymbol":false}}