{"result":{"objectId":25248,"ipfsHash":"QmTqKLeJ7Nz6Ai8G2uCbp4affxSyM8Jj2XfqHgQaetpurp","swaps":[{"swap_id":"31646","issuer":"tz1UuALqefVfukTFTnsm3Gu9BdeCUEFza3xg","objkt_amount":"9","xtz_per_objkt":"20000000"}],"token_id":25248,"total_amount":"9","owners":{"KT1Hkg5qeNhfwpKW4fXvq7HGZB9z2EnmCCA9":"9"},"token_info":{"name":"RED_009","description":"his is the second collage in the RED series, it measures 4,480x4,480px and was completed in May 2020. All my works carry and reflect strong concepts and expectations, this one in particular shows how confusing I was at that time @dela_ite","tags":["art","afrofuturismo","openart","opensource","gimp","colagem","collage","2020"],"symbol":"OBJKT","artifactUri":"ipfs://QmadHqfcuT9z4JZiPUcLDoNLFkk16k8yEjD7YqVeJhxcJh","displayUri":"","creators":["tz1UuALqefVfukTFTnsm3Gu9BdeCUEFza3xg"],"formats":[{"uri":"ipfs://QmadHqfcuT9z4JZiPUcLDoNLFkk16k8yEjD7YqVeJhxcJh","mimeType":"image/png"}],"thumbnailUri":"ipfs://QmNrhZHUaEqxhyLfqoq1mtHSipkWHeT31LNHb1QEbDHgnc","decimals":0,"isBooleanAmount":false,"shouldPreferSymbol":false}}}