{"result":{"objectId":29007,"ipfsHash":"QmdG4cAqJmyKHTFQmZmLPZmnCTg5mx4BF3ug5zqduF5Svs","swaps":[{"swap_id":"38704","issuer":"tz1Pv3MLA2iaRH2QmfzcofEf8HfJDZB64T6p","objkt_amount":"3","xtz_per_objkt":"3000000"}],"token_id":29007,"total_amount":4,"owners":{"KT1Hkg5qeNhfwpKW4fXvq7HGZB9z2EnmCCA9":"3","tz1Pv3MLA2iaRH2QmfzcofEf8HfJDZB64T6p":"1"},"token_info":{"name":"grtswrd","description":"","tags":[""],"symbol":"OBJKT","artifactUri":"ipfs://QmZT3fgfkA4RwHCBxKEmtYFfaWjppbTKXvvhX2PDw4R2J5","displayUri":"","thumbnailUri":"ipfs://QmNrhZHUaEqxhyLfqoq1mtHSipkWHeT31LNHb1QEbDHgnc","creators":["tz1Pv3MLA2iaRH2QmfzcofEf8HfJDZB64T6p"],"formats":[{"uri":"ipfs://QmZT3fgfkA4RwHCBxKEmtYFfaWjppbTKXvvhX2PDw4R2J5","mimeType":"image/jpeg"}],"decimals":0,"isBooleanAmount":false,"shouldPreferSymbol":false}}}