{"objectId":"15353","ipfsHash":"QmTK6vVV2aiSTqBdd3MM1i1QrqSzmNAoXL1q735hhq3rJ3","minter":"tz1dTFHgSNCBzReVKE6o6VMGhAf4MPRX9jFW","swaps":[],"token_id":"15353","token_info":{"name":"Ronda Rousey","description":"Dunha, 2021","tags":["MMA","ufc","rondarousey"],"symbol":"OBJKT","artifactUri":"ipfs://QmVgWDgMbzW7jbdNf21s8LBjreLNrgeuBc46iFyWa5wL8B","displayUri":null,"creators":["tz1dTFHgSNCBzReVKE6o6VMGhAf4MPRX9jFW"],"formats":[{"uri":"ipfs://QmVgWDgMbzW7jbdNf21s8LBjreLNrgeuBc46iFyWa5wL8B","mimeType":"image/jpeg"}],"thumbnailUri":"ipfs://QmNrhZHUaEqxhyLfqoq1mtHSipkWHeT31LNHb1QEbDHgnc","decimals":0,"isBooleanAmount":false,"shouldPreferSymbol":false}}