{"result":{"objectId":29400,"ipfsHash":"QmceXQmJrxSxLVvFks1gcfVBYvr3N2FtU9cKJqRWMeeLy5","swaps":[{"swap_id":"39666","issuer":"tz1RDamdzYLCVtau22LJLQsy8jUXTLcQk96o","objkt_amount":"5","xtz_per_objkt":"5000000"}],"token_id":29400,"total_amount":6,"owners":{"KT1Hkg5qeNhfwpKW4fXvq7HGZB9z2EnmCCA9":"5","tz1RDamdzYLCVtau22LJLQsy8jUXTLcQk96o":"1"},"token_info":{"name":"Forget-me-not","description":"Covid Isolation Flower Series. Made Spring 2020 @dkoblesky","tags":["animation","gif","flower","covid","@dkoblesky"],"symbol":"OBJKT","artifactUri":"ipfs://QmVDBXz13BeuNU6X7d4oNxvosJheJfBfoUUvFe2S9oKT38","displayUri":"","thumbnailUri":"ipfs://QmNrhZHUaEqxhyLfqoq1mtHSipkWHeT31LNHb1QEbDHgnc","creators":["tz1RDamdzYLCVtau22LJLQsy8jUXTLcQk96o"],"formats":[{"uri":"ipfs://QmVDBXz13BeuNU6X7d4oNxvosJheJfBfoUUvFe2S9oKT38","mimeType":"image/gif"}],"decimals":0,"isBooleanAmount":false,"shouldPreferSymbol":false}}}