{"objectId":"7317","ipfsHash":"QmfDeScmdQSFFcp1oQ8eAsUpyV9iDoCdipzRjhYu5Nhe6J","minter":"tz1aTBmaqn4saJA7oSdiWRETK8EKtApzd6Qb","swaps":[{"swap_id":"7317","objkt_id":"7217","amount":"4","xtz_per_objkt":"750000"}],"token_id":"7317","token_info":{"name":"United States Of Doge","description":"The People Have Spoken","tags":["Dogecoin"],"symbol":"OBJKT","artifactUri":"ipfs://QmdtkdwM5ebK85EATTpbgWHuBdLXpauYZcujYiCoPCGWCQ","creators":["tz1aTBmaqn4saJA7oSdiWRETK8EKtApzd6Qb"],"formats":[{"uri":"ipfs://QmdtkdwM5ebK85EATTpbgWHuBdLXpauYZcujYiCoPCGWCQ","mimeType":"image/jpeg"}],"thumbnailUri":"ipfs://QmNrhZHUaEqxhyLfqoq1mtHSipkWHeT31LNHb1QEbDHgnc","decimals":0,"isBooleanAmount":false,"shouldPreferSymbol":false}}