{"objectId":"14903","ipfsHash":"Qmao8tKCrhzzsLyTVD8RUBSUxUp2ers86WooguPPQRRvvR","minter":"tz1NSff9qnqyV7Afa5izXD6bcWq4YNzFGgJv","swaps":[],"token_id":"14903","token_info":{"name":"Raw Threshold","description":"@smallfly — 3D scan piece for the #OBJKT4OBJKT initiative to celebrate 10k #OBJKT mints on Hic Et Nunc. Export — 1920x1080s looping video.","tags":["OBJKT4OBJKT","PORTRAITS","3DSCAN","VOLUMETRICCAPTURE","POINTCLOUD","SMALLFLY"],"symbol":"OBJKT","artifactUri":"ipfs://QmPUinqNYFfPGTBkxhAVbdaUyGEqjYAJTV5ZjGFKiaTouR","displayUri":null,"creators":["tz1NSff9qnqyV7Afa5izXD6bcWq4YNzFGgJv"],"formats":[{"uri":"ipfs://QmPUinqNYFfPGTBkxhAVbdaUyGEqjYAJTV5ZjGFKiaTouR","mimeType":"video/mp4"}],"thumbnailUri":"ipfs://QmNrhZHUaEqxhyLfqoq1mtHSipkWHeT31LNHb1QEbDHgnc","decimals":0,"isBooleanAmount":false,"shouldPreferSymbol":false}}