{"objectId":"10444","ipfsHash":"QmW5ZvWSdSuuikGdnS9kXqdmENwQhFBPQ1k6XXC6jpSpyi","minter":"tz1aM5EVjRJfK3TRzWA3TJh5gdu3wivroGsk","swaps":[{"swap_id":"10444","objkt_id":"10390","amount":"3","xtz_per_objkt":"10240000"}],"token_id":"10444","token_info":{"name":"ISOLATION","description":"Short video to demonstrate the movement of the word \"isolation\" artist @gvb0digital","tags":["covid19","video","nftcollection","cryptoart","digitalart","brasil","gabrielmello"],"symbol":"OBJKT","artifactUri":"ipfs://QmWrgLSs722qRhv4HD1Pzt4dkKgGFCuezg3dQFG3wZsZqh","creators":["tz1aM5EVjRJfK3TRzWA3TJh5gdu3wivroGsk"],"formats":[{"uri":"ipfs://QmWrgLSs722qRhv4HD1Pzt4dkKgGFCuezg3dQFG3wZsZqh","mimeType":"video/mp4"}],"thumbnailUri":"ipfs://QmNrhZHUaEqxhyLfqoq1mtHSipkWHeT31LNHb1QEbDHgnc","decimals":0,"isBooleanAmount":false,"shouldPreferSymbol":false}}