{"objectId":"10413","ipfsHash":"QmVdJWFTpz6wRXjZMpkeNxy6zZK7U2ZoY1dF2PQw41cAry","minter":"tz1YrM4yYy1U9wCRN6MMaHRXbYcz58koWpgA","swaps":[{"swap_id":"10413","objkt_id":"10411","amount":"1","xtz_per_objkt":"3000000"}],"token_id":"10413","token_info":{"name":"Tracks by Mike Gordon - Chapter 1","description":"World's first e-book as an NFT Techo-thriller, Tracks by Mike Gordon, released chapter-by-chapter","tags":["ebook","tracks"],"symbol":"OBJKT","artifactUri":"ipfs://QmZX6NpVRbyXReqtpxzPqkRvodaedXmDADNW4mMEh9MyxP","creators":["tz1YrM4yYy1U9wCRN6MMaHRXbYcz58koWpgA"],"formats":[{"uri":"ipfs://QmZX6NpVRbyXReqtpxzPqkRvodaedXmDADNW4mMEh9MyxP","mimeType":"image/svg+xml"}],"thumbnailUri":"ipfs://QmNrhZHUaEqxhyLfqoq1mtHSipkWHeT31LNHb1QEbDHgnc","decimals":0,"isBooleanAmount":false,"shouldPreferSymbol":false}}