{"result":{"objectId":22759,"ipfsHash":"QmWrmBipKtLnKmX5tPnAuGGw6HXaLsns3jfxKPTUmFGkax","swaps":[{"swap_id":"27092","issuer":"tz1cN3VoQQYJpoDfHqM37Z7AdWUrBC9X6rT1","objkt_amount":"1","xtz_per_objkt":"20000000"}],"token_id":22759,"total_amount":"1","owners":{"KT1Hkg5qeNhfwpKW4fXvq7HGZB9z2EnmCCA9":"1"},"token_info":{"name":"Vibe Control ( Wonder Edition)","description":"https://www.projectanomalous.com/ - SHADOW","tags":["Anomalous","abstract","blackartist","vibrant","shadow"],"symbol":"OBJKT","artifactUri":"ipfs://QmQUxt2ttimKq9dCb1AtJ25Hzp915ZK3SMxYb3NngpYWCu","displayUri":"","creators":["tz1cN3VoQQYJpoDfHqM37Z7AdWUrBC9X6rT1"],"formats":[{"uri":"ipfs://QmQUxt2ttimKq9dCb1AtJ25Hzp915ZK3SMxYb3NngpYWCu","mimeType":"image/jpeg"}],"thumbnailUri":"ipfs://QmNrhZHUaEqxhyLfqoq1mtHSipkWHeT31LNHb1QEbDHgnc","decimals":0,"isBooleanAmount":false,"shouldPreferSymbol":false}}}