{"result":{"objectId":28587,"ipfsHash":"QmUS9TpZDdV4jd3F83Jhe4FN12D7zjPFPhJVjTKhq8ywKk","swaps":[{"swap_id":"37957","issuer":"tz1b1dtFGxGmZGNkDXU6qh7a3zt2Z1crz3GY","objkt_amount":"10","xtz_per_objkt":"4000000"}],"token_id":28587,"total_amount":"10","owners":{"KT1Hkg5qeNhfwpKW4fXvq7HGZB9z2EnmCCA9":"10"},"token_info":{"name":"Flow 02","description":"Animated pattern","tags":["Symmetry","flow","3d","pattern","light"],"symbol":"OBJKT","artifactUri":"ipfs://QmbrdXEvUrZCTJHnddoNmQBhEzMVmFxVR6DCqUcqA8ev8m","displayUri":"","thumbnailUri":"ipfs://QmNrhZHUaEqxhyLfqoq1mtHSipkWHeT31LNHb1QEbDHgnc","creators":["tz1b1dtFGxGmZGNkDXU6qh7a3zt2Z1crz3GY"],"formats":[{"uri":"ipfs://QmbrdXEvUrZCTJHnddoNmQBhEzMVmFxVR6DCqUcqA8ev8m","mimeType":"video/mp4"}],"decimals":0,"isBooleanAmount":false,"shouldPreferSymbol":false}}}