{"objectId":"13638","ipfsHash":"QmTsfkrSqoSTGHbNxBNMSCCdDp75SnLbtKkkc9efEyvdDo","minter":"tz1akLQDt7b2frRgtnKydD9mioALNNYfwLCv","swaps":[{"swap_id":"13638","objkt_id":"13602","amount":"3","xtz_per_objkt":"2000000"}],"token_id":"13638","token_info":{"name":"Happy Summer Music Crew","description":"PNG 3358 × 3483px www.twitter.com/james_clapham","tags":["jamesclapham","illustration","digitalart","happy","summer","music","animals","joy","png","handdrawn"],"symbol":"OBJKT","artifactUri":"ipfs://QmfTpHq4H9dy225raGUbSVtZi438e992gDn4oUabXipGHY","displayUri":null,"creators":["tz1akLQDt7b2frRgtnKydD9mioALNNYfwLCv"],"formats":[{"uri":"ipfs://QmfTpHq4H9dy225raGUbSVtZi438e992gDn4oUabXipGHY","mimeType":"image/png"}],"thumbnailUri":"ipfs://QmNrhZHUaEqxhyLfqoq1mtHSipkWHeT31LNHb1QEbDHgnc","decimals":0,"isBooleanAmount":false,"shouldPreferSymbol":false}}