{"objectId":"7194","ipfsHash":"Qma5bN21gDyQV4sptBQEyZYFfqjmnocU1nQajf4KJFCeYU","minter":"tz29mS5gdfemxdhTZbtksFj5atKKLfJ8JM3D","swaps":[],"token_id":"7194","token_info":{"name":"Surfing","description":"@v3ga // Made with Processing // PNG 3000x4242px // Printed with axidraw V3/A3 in october 2020 (A3 format) // If you buy this image, contact me to get it, shipping included // twitter @v3ga // photo @instagram.com/p/CGwvujrH1jX","tags":["processing","creativecoding","generativeart","grid","axidraw","plottertwitter"],"symbol":"OBJKT","artifactUri":"ipfs://QmP4qP5QH94hfQxFuBaptvKBSVLpzk3BicDQFG5iuhS3k4","creators":["tz29mS5gdfemxdhTZbtksFj5atKKLfJ8JM3D"],"formats":[{"uri":"ipfs://QmP4qP5QH94hfQxFuBaptvKBSVLpzk3BicDQFG5iuhS3k4","mimeType":"image/png"}],"thumbnailUri":"ipfs://QmNrhZHUaEqxhyLfqoq1mtHSipkWHeT31LNHb1QEbDHgnc","decimals":0,"isBooleanAmount":false,"shouldPreferSymbol":false}}