{"result":{"objectId":26872,"ipfsHash":"QmQMeQp7CjQ3aVpPCaVLGDquwq8JzpRBzocnmEWThusE1R","swaps":[{"swap_id":"34792","issuer":"tz1cXTbeSsxtCjQ5jqu3WubJQNvkSU9FzXji","objkt_amount":"5","xtz_per_objkt":"2000000"}],"token_id":26872,"total_amount":"5","owners":{"KT1Hkg5qeNhfwpKW4fXvq7HGZB9z2EnmCCA9":"5"},"token_info":{"name":"SdSdS collection - ovo cru - snippet 9","description":"a little piece of a little piece of \"Show do Sombrio da Silva\", a videoperformance act realized in 2020 featuring Sombrio da Silva and Fufy Dy Syrius","tags":["performance","videoperformance","experimental","noise","braziliannoise","noise","ovo","miojo"],"symbol":"OBJKT","artifactUri":"ipfs://QmZG4SQozfTyzPkTVweAabA9k2ECBCUqEuwAHECeAdheZ9","displayUri":"","creators":["tz1cXTbeSsxtCjQ5jqu3WubJQNvkSU9FzXji"],"formats":[{"uri":"ipfs://QmZG4SQozfTyzPkTVweAabA9k2ECBCUqEuwAHECeAdheZ9","mimeType":"video/mp4"}],"thumbnailUri":"ipfs://QmNrhZHUaEqxhyLfqoq1mtHSipkWHeT31LNHb1QEbDHgnc","decimals":0,"isBooleanAmount":false,"shouldPreferSymbol":false}}}