{"result":{"objectId":28568,"ipfsHash":"QmXwvdcwwYwk8z6QRtpQA2dviB4L8tn7nQpi9o6bVFY9hD","swaps":[],"token_id":28568,"total_amount":"1","owners":{"tz1fB4hPBy8oQyutbmSAHAiUQcugMbrFHstu":"1"},"token_info":{"name":"Glitch Skull 18","description":"This conceptual series takes the ram head symbol and associates it with your mind's intellectual traits, knowledge, and power. 640 x 640 pixels Animated gif.","tags":["Glitch","Glitchskull","intellect","power","knowledge","skull","decay","series","noise","distressed","animated","art","theme","concept","conceptual"],"symbol":"OBJKT","artifactUri":"ipfs://QmVZafqpPhC68gZzzsWoEAkU2hYt2nJJvXZew1d31Dtoe3","displayUri":"","thumbnailUri":"ipfs://QmNrhZHUaEqxhyLfqoq1mtHSipkWHeT31LNHb1QEbDHgnc","creators":["tz1W9ThvCcY7BDtEiSvdBuKPWuD9K8W89noh"],"formats":[{"uri":"ipfs://QmVZafqpPhC68gZzzsWoEAkU2hYt2nJJvXZew1d31Dtoe3","mimeType":"image/gif"}],"decimals":0,"isBooleanAmount":false,"shouldPreferSymbol":false}}}