{"objectId":"11740","ipfsHash":"QmNRLmN2s9tj3p7mNLkbudDWQF4GdFDgNV93gVGBwTUux8","minter":"tz1PHC68wsafdP9m6e8Jt5avrSehTK11A5sj","swaps":[{"swap_id":"11740","objkt_id":"11736","amount":"1","xtz_per_objkt":"1000000000"}],"token_id":"11740","token_info":{"name":"Dream","description":"","tags":[""],"symbol":"OBJKT","artifactUri":"ipfs://QmaPMKbyDcYNvdFRERf14sWFYcfThJFTokF5RdBvEJDUAL","creators":["tz1PHC68wsafdP9m6e8Jt5avrSehTK11A5sj"],"formats":[{"uri":"ipfs://QmaPMKbyDcYNvdFRERf14sWFYcfThJFTokF5RdBvEJDUAL","mimeType":"image/png"}],"thumbnailUri":"ipfs://QmNrhZHUaEqxhyLfqoq1mtHSipkWHeT31LNHb1QEbDHgnc","decimals":0,"isBooleanAmount":false,"shouldPreferSymbol":false}}