{"objectId":"14112","ipfsHash":"QmZhnYNgvdxRLdHxC6KCUtQAvbyTKq9RTGCa7FuC8Gb8oy","minter":"tz1Tk1MJDZ96bK85RLAqtKfnptZZyXsJ2jaq","swaps":[{"swap_id":"14112","objkt_id":"13953","amount":"5","xtz_per_objkt":"3000000"}],"token_id":"14112","token_info":{"name":"#3 of Waves series ","description":"Seamless abstract animation (1500x1500, 60 fps). Author: exsstas","tags":["abstract","generative","animation","perfectloop","seamless","colors","exsstas"],"symbol":"OBJKT","artifactUri":"ipfs://QmVj3rgvcmqvFLXcYg1rMFSSdhu9d3wcUE2YgZpDArbT7Y","displayUri":null,"creators":["tz1Tk1MJDZ96bK85RLAqtKfnptZZyXsJ2jaq"],"formats":[{"uri":"ipfs://QmVj3rgvcmqvFLXcYg1rMFSSdhu9d3wcUE2YgZpDArbT7Y","mimeType":"video/mp4"}],"thumbnailUri":"ipfs://QmNrhZHUaEqxhyLfqoq1mtHSipkWHeT31LNHb1QEbDHgnc","decimals":0,"isBooleanAmount":false,"shouldPreferSymbol":false}}