{"result":{"objectId":26034,"ipfsHash":"QmVSLo5MxuL5zxv2LdyMEMamyEEDr11ZMg17pFpGtSXjqm","swaps":[{"swap_id":"33113","issuer":"tz1XEJFTcKBmQrQHgAEsQ4UUWfk1FMnG5SeA","objkt_amount":"1","xtz_per_objkt":"16000000"}],"token_id":26034,"total_amount":"1","owners":{"KT1Hkg5qeNhfwpKW4fXvq7HGZB9z2EnmCCA9":"1"},"token_info":{"name":"Minhoca de metal","description":"Não se anda por onde gosta, mas por aqui não tem jeito todo mundo se encosta.","tags":["Rio","Routine","Work","Metro","Lights","Black","White","Photography"],"symbol":"OBJKT","artifactUri":"ipfs://QmPeiGnseY4DKEs69qQV1RNszGUgZzMHefeBiHqpKHmmkq","displayUri":"","creators":["tz1XEJFTcKBmQrQHgAEsQ4UUWfk1FMnG5SeA"],"formats":[{"uri":"ipfs://QmPeiGnseY4DKEs69qQV1RNszGUgZzMHefeBiHqpKHmmkq","mimeType":"image/jpeg"}],"thumbnailUri":"ipfs://QmNrhZHUaEqxhyLfqoq1mtHSipkWHeT31LNHb1QEbDHgnc","decimals":0,"isBooleanAmount":false,"shouldPreferSymbol":false}}}