{"result":{"objectId":22132,"ipfsHash":"QmNmXyLe5NbBHsqFDGDiV3BwBhAAc2JPwep3BKsQQawWkC","swaps":[{"swap_id":"26128","issuer":"tz1fwPp2ujUBoVAKwfJATx4nKmgsFhmdX96s","objkt_amount":"40","xtz_per_objkt":"1000000"}],"token_id":22132,"total_amount":50,"owners":{"KT1Hkg5qeNhfwpKW4fXvq7HGZB9z2EnmCCA9":"40","tz1fwPp2ujUBoVAKwfJATx4nKmgsFhmdX96s":"10"},"token_info":{"name":"ROM_#A0001","description":"Read Only Motion Series","tags":["Read","Only","Motion","Black","White","Graphic","Load","Repeat"],"symbol":"OBJKT","artifactUri":"ipfs://QmWAPtAaogdsemyUpvxL7j1nNxw2diRiFeqe2SqzUEk8kZ","displayUri":"","creators":["tz1fwPp2ujUBoVAKwfJATx4nKmgsFhmdX96s"],"formats":[{"uri":"ipfs://QmWAPtAaogdsemyUpvxL7j1nNxw2diRiFeqe2SqzUEk8kZ","mimeType":"image/gif"}],"thumbnailUri":"ipfs://QmNrhZHUaEqxhyLfqoq1mtHSipkWHeT31LNHb1QEbDHgnc","decimals":0,"isBooleanAmount":false,"shouldPreferSymbol":false}}}