{"objectId":"795","ipfsHash":"QmUUCMiaDrufPVZhcuz9eNaukdJEy1AUUh2yzbvLtUK6dX","minter":"tz1WidyAU8wuyG25Pd7b93bcx9hMu7W9Pea8","swaps":[],"token_id":"795","token_info":{"name":"Neurodream #7","description":"Number 7","tags":[],"symbol":"OBJKT","artifactUri":"ipfs://QmemQuxbuivFiyPifGGhCqZxcxHYNF2bQwAXWcPtj94as9","creators":["tz1WidyAU8wuyG25Pd7b93bcx9hMu7W9Pea8"],"formats":[{"uri":"ipfs://QmemQuxbuivFiyPifGGhCqZxcxHYNF2bQwAXWcPtj94as9","mimeType":"video/mp4"}],"thumbnailUri":"ipfs://QmNrhZHUaEqxhyLfqoq1mtHSipkWHeT31LNHb1QEbDHgnc","decimals":0,"isBooleanAmount":false,"shouldPreferSymbol":false}}