{"objectId":"2904","ipfsHash":"QmP4ZBxvasDmqGsT3TxfiLabKV7svtNgnpjMUFb3BLaDJU","minter":"tz2QBggikQp6AjBeGX5WkbHC69KcQdBSvUy6","swaps":[{"swap_id":"2904","objkt_id":"2995","amount":"1","xtz_per_objkt":"6000000"}],"token_id":"2904","token_info":{"name":"\"Colorful\"","description":"Acrylic pouring on canvas by the french artist Amandine Carbonell (2020). This NFT isn't just an image, it is related to a real painting. Buy this NFT and contact Amandine Carbonell on her website https://www.monatelierchic.fr/contact to receive the painting.","tags":["acrylicpouring","realpainting","abstract"],"symbol":"OBJKT","artifactUri":"ipfs://QmQQNni3nWX1z1scPxTda7Sjwjr661CGSkcKHqDJdvi5dg","creators":["tz2QBggikQp6AjBeGX5WkbHC69KcQdBSvUy6"],"formats":[{"uri":"ipfs://QmQQNni3nWX1z1scPxTda7Sjwjr661CGSkcKHqDJdvi5dg","mimeType":"image/jpeg"}],"thumbnailUri":"ipfs://QmNrhZHUaEqxhyLfqoq1mtHSipkWHeT31LNHb1QEbDHgnc","decimals":0,"isBooleanAmount":false,"shouldPreferSymbol":false}}