{"objectId":"8631","ipfsHash":"QmZviVG4pr1gKhTNkoj7cjspZV3ApFG3gEHBpdPbMAWYeD","minter":"tz1XB6ueJnWpKP3tuhhCDr9rseiqsHyS37s9","swaps":[{"swap_id":"8631","objkt_id":"8584","amount":"1","xtz_per_objkt":"25000000"}],"token_id":"8631","token_info":{"name":"J.J.","description":"Poor_traits Serie #8 J.J. This series reflects the person beyond the physical body, the person behind those eyes that reflect the soul. Crossing mental boundaries of race, politics, religion or sexuality, we must not forget there's always a person behind those eyes.","tags":["poortrait","bigotemyfriend","bitmoji","greennft"],"symbol":"OBJKT","artifactUri":"ipfs://QmNNGgyx5xz3FQnvPLwNMer4oGZBVkdA5kWUZLuDXnkjA7","creators":["tz1XB6ueJnWpKP3tuhhCDr9rseiqsHyS37s9"],"formats":[{"uri":"ipfs://QmNNGgyx5xz3FQnvPLwNMer4oGZBVkdA5kWUZLuDXnkjA7","mimeType":"image/jpeg"}],"thumbnailUri":"ipfs://QmNrhZHUaEqxhyLfqoq1mtHSipkWHeT31LNHb1QEbDHgnc","decimals":0,"isBooleanAmount":false,"shouldPreferSymbol":false}}