{"objectId":"6802","ipfsHash":"QmW8L7QpVZzjH4JrfnVomCNJNPq5gQRY6MtPPsBHV4UaH6","minter":"tz1fAfbSmKa9SLvpQmVnnvB7X8iei1hfn7NK","swaps":[{"swap_id":"6802","objkt_id":"6770","amount":"1","xtz_per_objkt":"249740000000"}],"token_id":"6802","token_info":{"name":"Wyrdbug","description":"Synthetic moire pattern.","tags":["grayscale","moire","abstract"],"symbol":"OBJKT","artifactUri":"ipfs://QmQicAf1NUCmroxVTtjzXSbxsmNzgVPzuQf7FiKsken5rB","creators":["tz1fAfbSmKa9SLvpQmVnnvB7X8iei1hfn7NK"],"formats":[{"uri":"ipfs://QmQicAf1NUCmroxVTtjzXSbxsmNzgVPzuQf7FiKsken5rB","mimeType":"image/jpeg"}],"thumbnailUri":"ipfs://QmNrhZHUaEqxhyLfqoq1mtHSipkWHeT31LNHb1QEbDHgnc","decimals":0,"isBooleanAmount":false,"shouldPreferSymbol":false}}