{"objectId":"9077","ipfsHash":"QmfRg5kZ3brWN3mBhkHterunLWmVnEAZYGF3jJaM6rVeT8","minter":"tz2KWYGRKpgcqebX1ExhXtW9coDvXLUmAjnM","swaps":[{"swap_id":"9077","objkt_id":"8873","amount":"3","xtz_per_objkt":"1000000"}],"token_id":"9077","token_info":{"name":"A.L.S. 2","description":"Medusa, time passed and you revealed yourself ","tags":["woman","medusa"],"symbol":"OBJKT","artifactUri":"ipfs://Qmc8KyCLZqwwVoWRZV7SsuhPK2GApn7r5KW6s2HMMRkQ4x","creators":["tz2KWYGRKpgcqebX1ExhXtW9coDvXLUmAjnM"],"formats":[{"uri":"ipfs://Qmc8KyCLZqwwVoWRZV7SsuhPK2GApn7r5KW6s2HMMRkQ4x","mimeType":"image/jpeg"}],"thumbnailUri":"ipfs://QmNrhZHUaEqxhyLfqoq1mtHSipkWHeT31LNHb1QEbDHgnc","decimals":0,"isBooleanAmount":false,"shouldPreferSymbol":false}}