{"result":{"objectId":24320,"ipfsHash":"QmScQdSBkvjBWKL6jGdLELP1M21qgcpZMrYAhL2anttrLg","swaps":[],"token_id":24320,"total_amount":"1","owners":{"tz1burnburnburnburnburnburnburjAYjjX":"1"},"token_info":{"name":"img_55.jpg","description":"http://www.sterlingcrispin.com/data-masks.html","tags":["data-masks","generative","faces","human","face","algorithm"],"symbol":"OBJKT","artifactUri":"ipfs://QmPqJg4c5FFYw2s33cGRmayKxEaFmDFqorLqdP56GeUyG8","displayUri":"","creators":["tz1MjZyBDq5hPNReKNf6YTVYBJv3jWHuBqph"],"formats":[{"uri":"ipfs://QmPqJg4c5FFYw2s33cGRmayKxEaFmDFqorLqdP56GeUyG8","mimeType":"image/jpeg"}],"thumbnailUri":"ipfs://QmNrhZHUaEqxhyLfqoq1mtHSipkWHeT31LNHb1QEbDHgnc","decimals":0,"isBooleanAmount":false,"shouldPreferSymbol":false}}}