{"objectId":"13053","ipfsHash":"QmZJH3mEfJtUVdfWepr5huniCBg8eR564L3yXXjLcVEKHz","minter":"tz1Usaw9rJVGPDJmfRuiq9QwDXEs643EKLxL","swaps":[],"token_id":"13053","token_info":{"name":"CypherEye #1","description":"CypherEye #1 - Seed: K9rwW5SUNcUfHNnDa6AnaNmF","tags":["CYPHEREYE","SPACE","EYE","RED","VIOLET"],"symbol":"OBJKT","artifactUri":"ipfs://QmZ8FJhvRZbLyWsNn6saYQa2jiEyCaUFA9V2rqxXAM4MQ8","displayUri":null,"creators":["tz1Usaw9rJVGPDJmfRuiq9QwDXEs643EKLxL"],"formats":[{"uri":"ipfs://QmZ8FJhvRZbLyWsNn6saYQa2jiEyCaUFA9V2rqxXAM4MQ8","mimeType":"image/jpeg"}],"thumbnailUri":"ipfs://QmNrhZHUaEqxhyLfqoq1mtHSipkWHeT31LNHb1QEbDHgnc","decimals":0,"isBooleanAmount":false,"shouldPreferSymbol":false}}