{"result":{"objectId":22923,"ipfsHash":"QmaWQWZnLzrVxY6xtnnehG4TJjDsn7ngTGabpFHwBPymUQ","swaps":[],"token_id":22923,"total_amount":"1","owners":{"tz1burnburnburnburnburnburnburjAYjjX":"1"},"token_info":{"name":"Lotus Flwer","description":"","tags":["glitchdigitalartcolors"],"symbol":"OBJKT","artifactUri":"ipfs://QmRhokE78eptTncTLq5qo7K689q9HAoKcg24T7ouH6p3V5","displayUri":"","creators":["tz1e14DKKVqCmUxYa1CE9yf8DodFGhuP2yFA"],"formats":[{"uri":"ipfs://QmRhokE78eptTncTLq5qo7K689q9HAoKcg24T7ouH6p3V5","mimeType":"video/mp4"}],"thumbnailUri":"ipfs://QmNrhZHUaEqxhyLfqoq1mtHSipkWHeT31LNHb1QEbDHgnc","decimals":0,"isBooleanAmount":false,"shouldPreferSymbol":false}}}