{"objectId":"6044","ipfsHash":"QmcQXmu5enAzHai9XBZwsGYcrrQ4F9iBb9XE5gdhkr43GN","minter":"tz1ejD1vdVefcBdD48o446Sju5Hya2MVHTj6","swaps":[{"swap_id":"6044","objkt_id":"5973","amount":"49","xtz_per_objkt":"1000000"}],"token_id":"6044","token_info":{"name":"Made of stars","description":"We all all made of stars. @cryptoart2084","tags":["abstract","human","stars",""],"symbol":"OBJKT","artifactUri":"ipfs://QmR3s7SExubyHbT1GnaytRaf577BT8wCgkx9PbK2jDq6cv","creators":["tz1ejD1vdVefcBdD48o446Sju5Hya2MVHTj6"],"formats":[{"uri":"ipfs://QmR3s7SExubyHbT1GnaytRaf577BT8wCgkx9PbK2jDq6cv","mimeType":"image/png"}],"thumbnailUri":"ipfs://QmNrhZHUaEqxhyLfqoq1mtHSipkWHeT31LNHb1QEbDHgnc","decimals":0,"isBooleanAmount":false,"shouldPreferSymbol":false}}