{"objectId":"5392","ipfsHash":"Qme91gyhzfCMDNvscZ3J9yfNsh4EUPVaojQjJM76CwUkxV","minter":"tz1h6LTcBAeZcLkHheUy2K7akLQEA9Zhazvc","swaps":[{"swap_id":"5392","objkt_id":"5112","amount":"1","xtz_per_objkt":"1000000"}],"token_id":"5392","token_info":{"name":"Vuori","description":"Kiss on the mountain","tags":["nft","cryptoart","digitalart","bubbles"],"symbol":"OBJKT","artifactUri":"ipfs://QmYroViCszsLv5cX5ZeUQx9vo7aMw7wZikmcxX1uHEGsDy","creators":["tz1h6LTcBAeZcLkHheUy2K7akLQEA9Zhazvc"],"formats":[{"uri":"ipfs://QmYroViCszsLv5cX5ZeUQx9vo7aMw7wZikmcxX1uHEGsDy","mimeType":"image/png"}],"thumbnailUri":"ipfs://QmNrhZHUaEqxhyLfqoq1mtHSipkWHeT31LNHb1QEbDHgnc","decimals":0,"isBooleanAmount":false,"shouldPreferSymbol":false}}