{"result":{"objectId":29379,"ipfsHash":"QmXEBi6NHNSZd6kmnMjwnwDnnAmLvWcQicgiUsLUMi33dd","swaps":[{"swap_id":"39380","issuer":"tz1bSxTGQpA4tvuX9fTD8is1n8wdURqGhJA7","objkt_amount":"43","xtz_per_objkt":"1000000"}],"token_id":29379,"total_amount":50,"owners":{"KT1Hkg5qeNhfwpKW4fXvq7HGZB9z2EnmCCA9":"43","tz1PoyguZTFRYfHC9j3VYvivNJqKViewkfYm":"1","tz1Pu8zRmNghAHzWxsT9Cy2qXHxkCrHcB3vc":"1","tz1QDunNSnWrqwCc78TqzHP86BMNXq1P7Jxb":"1","tz1Qq5n5GGBJi3uMx69yL6K1hpT9cNsWxBWH":"1","tz1TG9d5ACUTVsyASTP2yi412VbW8hf2HUV6":"1","tz1eMBi9Gu1ufDGE1KnoxnqfjeR1pfUuWbdR":"1","tz1h8CPQyhLvJWEgSjJPNvVZSQBeG1betFXh":"1"},"token_info":{"name":"Jaboticaba farm","description":"pixel art, from a series of eco-houses made in ms-paint made in 2016. 1478x12880 185kb .PNG, by Marcelo Pinel cybermysticgarden www.instagram.com/pinel.marcelo","tags":["pixelart","pixel","mspaint","ecohouses"],"symbol":"OBJKT","artifactUri":"ipfs://QmZAUWnnsoUySkQ8vdBD4W8MN6Ae7YEipAcKtgbxMXyDdu","displayUri":"","thumbnailUri":"ipfs://QmNrhZHUaEqxhyLfqoq1mtHSipkWHeT31LNHb1QEbDHgnc","creators":["tz1bSxTGQpA4tvuX9fTD8is1n8wdURqGhJA7"],"formats":[{"uri":"ipfs://QmZAUWnnsoUySkQ8vdBD4W8MN6Ae7YEipAcKtgbxMXyDdu","mimeType":"image/png"}],"decimals":0,"isBooleanAmount":false,"shouldPreferSymbol":false}}}