{"objectId":"7069","ipfsHash":"QmRySDvDnrbSo9ASRStWswqGMecGdCfiCYm7oyFdFhv3tj","minter":"tz1TA2GsoJmC6G57DZfMw9cj5Z8ztviGBzU7","swaps":[{"swap_id":"7069","objkt_id":"7027","amount":"1","xtz_per_objkt":"1000000"}],"token_id":"7069","token_info":{"name":"Noise Alphabet","description":"Noise Alphabet","tags":["noise","svg","alphabet"],"symbol":"OBJKT","artifactUri":"ipfs://QmPev3iCt4HR2nBK1pdmhDV4qTDXNws8SzFGtYY4DREJoa","creators":["tz1TA2GsoJmC6G57DZfMw9cj5Z8ztviGBzU7"],"formats":[{"uri":"ipfs://QmPev3iCt4HR2nBK1pdmhDV4qTDXNws8SzFGtYY4DREJoa","mimeType":"image/svg+xml"}],"thumbnailUri":"ipfs://QmNrhZHUaEqxhyLfqoq1mtHSipkWHeT31LNHb1QEbDHgnc","decimals":0,"isBooleanAmount":false,"shouldPreferSymbol":false}}