{"objectId":"1369","ipfsHash":"QmaMyEfXgJoEH9MipoayJvQcDq4EZvmKts1LpB5qna7Zxp","minter":"tz1VNAyq17Xpz8QpbxMepbfdrcqNkomeKP35","swaps":[],"token_id":"1369","token_info":{"name":"GLYPHIDIOM","description":"glyphcoin for proto hyper language","tags":[],"symbol":"OBJKT","artifactUri":"ipfs://QmWgXDaVnavZd3xUiV6MzMdMXBtvv8yWyJTtioQUDKdd4P","creators":["tz1VNAyq17Xpz8QpbxMepbfdrcqNkomeKP35"],"formats":[{"uri":"ipfs://QmWgXDaVnavZd3xUiV6MzMdMXBtvv8yWyJTtioQUDKdd4P","mimeType":"image/jpeg"}],"thumbnailUri":"ipfs://QmNrhZHUaEqxhyLfqoq1mtHSipkWHeT31LNHb1QEbDHgnc","decimals":0,"isBooleanAmount":false,"shouldPreferSymbol":false}}