{"result":{"objectId":21876,"ipfsHash":"QmdZ1krfw14njHM1MCJj2YyguM7Dd36yDbsyA7TsXt8hjc","swaps":[{"swap_id":"25586","issuer":"tz1h9p94C62JWpGTXxMxyvN7fW1EqFFcKpzh","objkt_amount":"1","xtz_per_objkt":"50000000"}],"token_id":21876,"total_amount":"1","owners":{"KT1Hkg5qeNhfwpKW4fXvq7HGZB9z2EnmCCA9":"1"},"token_info":{"name":"Somatic Journey - Phase 2 (3/4)","description":"An emotional journey through synthetic landscapes.   ML-generated artificial landscape. 1/1 unique edition in a series of 4. 1024x1024 PNG.   Original artwork by @eigenflow - a collaboration between @dianedrubay and @somaticbits","tags":["ML-ART","ARTIFICIALNATURE","METEO-SENSITIVE","PHOTOGRAPHY"],"symbol":"OBJKT","artifactUri":"ipfs://QmdW3YBFKzxeCQ1iJRvLiKRpm9DX8LFavF826PbeoppuJW","displayUri":"","creators":["tz1h9p94C62JWpGTXxMxyvN7fW1EqFFcKpzh"],"formats":[{"uri":"ipfs://QmdW3YBFKzxeCQ1iJRvLiKRpm9DX8LFavF826PbeoppuJW","mimeType":"image/png"}],"thumbnailUri":"ipfs://QmNrhZHUaEqxhyLfqoq1mtHSipkWHeT31LNHb1QEbDHgnc","decimals":0,"isBooleanAmount":false,"shouldPreferSymbol":false}}}