{"result":{"objectId":17505,"ipfsHash":"Qme5SgATDw25AEfr78FVLCYWRHLVgeYDZkrF1xMDuzFMDr","swaps":[],"token_id":17505,"total_amount":"1","owners":{"tz1MCaehYRvrhPWv7HiCYQKyi9WDXbAUZkwv":"1"},"token_info":{"name":"Geodésica","description":"path from scratch by @dead_marcelo, this rack was built with sequencers from the geodesics series, they are incredible, they are 2 lines of sequencers alternating in random propability generating the tone information","tags":["Modular","Music","Ambient","Dark",""],"symbol":"OBJKT","artifactUri":"ipfs://QmVTuFsKZTYdupbmd2yj9ygtFNaJxfhiCsnvdJRqHtbMMA","displayUri":"","creators":["tz1TG9d5ACUTVsyASTP2yi412VbW8hf2HUV6"],"formats":[{"uri":"ipfs://QmVTuFsKZTYdupbmd2yj9ygtFNaJxfhiCsnvdJRqHtbMMA","mimeType":"video/mp4"}],"thumbnailUri":"ipfs://QmNrhZHUaEqxhyLfqoq1mtHSipkWHeT31LNHb1QEbDHgnc","decimals":0,"isBooleanAmount":false,"shouldPreferSymbol":false}}}