{"objectId":"5957","ipfsHash":"Qme3dk36KYrAmK5BzwuKLGjRsjQFxo6YujiMzB9Prqaohg","minter":"tz1UecmgMghaWovhh9EYfqTrK9gTtaiMtbzs","swaps":[],"token_id":"5957","token_info":{"name":"ZEITSTRUDEL Blossom GREEN","description":"ZEITSTRUDEL is generative art made by nature and time – Exclusive Edition 10/10 # Pigments in Water + ZEITSTRUDEL # mp4 - 3840x2160px - 10 MBit - 17 seconds # 2021 # twitter.com/cryptemes","tags":["zeitstrudel","generativeart","edition","timelapse","time","dimension"],"symbol":"OBJKT","artifactUri":"ipfs://QmcCHTRerman6nhH8EkPw7mZMxNdpvsVq3xfA7tsye8R8d","creators":["tz1UecmgMghaWovhh9EYfqTrK9gTtaiMtbzs"],"formats":[{"uri":"ipfs://QmcCHTRerman6nhH8EkPw7mZMxNdpvsVq3xfA7tsye8R8d","mimeType":"video/mp4"}],"thumbnailUri":"ipfs://QmNrhZHUaEqxhyLfqoq1mtHSipkWHeT31LNHb1QEbDHgnc","decimals":0,"isBooleanAmount":false,"shouldPreferSymbol":false}}