{"objectId":"14450","ipfsHash":"QmQRcSBtieC4VM22p642mUnCJvgZJ7nxRTaAobp9WoAqgd","minter":"tz1UE2omGnq3NzmMdxADYp1dcgvRKFuoFmy7","swaps":[],"token_id":"14450","token_info":{"name":"N008 - HODL","description":"Generative art by MR.GREY. Part of Pinkcloud NFTs - serie : PRELUDE / All buyers can request download link of original high res and easter eggs on http://www.pinkcloud.ca/nfts/","tags":["MR.GREY","Generativeart","Pinkcloud","Pinkcloud_NFT","Prelude","HODL","BTC","Acid"],"symbol":"OBJKT","artifactUri":"ipfs://QmSy7BcMq64iYAKtYzXwoqEJwr4AborEcLiyUb5ffVm3QZ","displayUri":null,"creators":["tz1UE2omGnq3NzmMdxADYp1dcgvRKFuoFmy7"],"formats":[{"uri":"ipfs://QmSy7BcMq64iYAKtYzXwoqEJwr4AborEcLiyUb5ffVm3QZ","mimeType":"image/gif"}],"thumbnailUri":"ipfs://QmNrhZHUaEqxhyLfqoq1mtHSipkWHeT31LNHb1QEbDHgnc","decimals":0,"isBooleanAmount":false,"shouldPreferSymbol":false}}