{"objectId":"3704","ipfsHash":"QmQ7VAQXuG4tDQ42onaT4KWUYFxR1DwunoB1dWphaNe7BE","minter":"tz1hywxoonA3AAtyDtQDsh7RvGCFWoD7nXd1","swaps":[],"token_id":"3704","token_info":{"name":"Good Old Days","description":"","tags":[""],"symbol":"OBJKT","artifactUri":"ipfs://QmVGGRKHhPhRs8kn6PExRCVw2wbBeQt3M8euVJpa54F4ZW","creators":["tz1hywxoonA3AAtyDtQDsh7RvGCFWoD7nXd1"],"formats":[{"uri":"ipfs://QmVGGRKHhPhRs8kn6PExRCVw2wbBeQt3M8euVJpa54F4ZW","mimeType":"image/jpeg"}],"thumbnailUri":"ipfs://QmNrhZHUaEqxhyLfqoq1mtHSipkWHeT31LNHb1QEbDHgnc","decimals":0,"isBooleanAmount":false,"shouldPreferSymbol":false}}