{"objectId":"14057","ipfsHash":"QmQk8HHvZoiDL6eXCMk9nTmXEQBaBb2jKZzqALiiLdkrtS","minter":"tz1PVpuS8uoa6iHAcn844dNBM4pT52SYkbpy","swaps":[],"token_id":"14057","token_info":{"name":"BREATH SERIES","description":"BREATH#1: Drawing animation by Agnes Chavez @agneschavezart","tags":["newmedia","animation","drawing"],"symbol":"OBJKT","artifactUri":"ipfs://QmVEXDrYF9svq4aH8FY713G6yK7H27hSW2ZzUkFLWq83Xv","displayUri":null,"creators":["tz1PVpuS8uoa6iHAcn844dNBM4pT52SYkbpy"],"formats":[{"uri":"ipfs://QmVEXDrYF9svq4aH8FY713G6yK7H27hSW2ZzUkFLWq83Xv","mimeType":"video/quicktime"}],"thumbnailUri":"ipfs://QmNrhZHUaEqxhyLfqoq1mtHSipkWHeT31LNHb1QEbDHgnc","decimals":0,"isBooleanAmount":false,"shouldPreferSymbol":false}}