{"objectId":"12750","ipfsHash":"QmSLxEEaLi8fTKPQcEHz37cM6dy5iuxKaTgHfF2PVRHMUc","minter":"tz1NixwVxo7eVQhXnjVjVk8vb1RD5WXrCLan","swaps":[{"swap_id":"12750","objkt_id":"6185","amount":"1","xtz_per_objkt":"10000000"}],"token_id":"12750","token_info":{"name":"guy","description":"rendering of a rending based in jpeg artifacts","tags":["AI","jpeg","artifact"],"symbol":"OBJKT","artifactUri":"ipfs://QmTKzRd5dVix8RqpfuaBYKXJiE6APr6XUmaATQuVFzfpsN","displayUri":null,"creators":["tz1NixwVxo7eVQhXnjVjVk8vb1RD5WXrCLan"],"formats":[{"uri":"ipfs://QmTKzRd5dVix8RqpfuaBYKXJiE6APr6XUmaATQuVFzfpsN","mimeType":"image/jpeg"}],"thumbnailUri":"ipfs://QmNrhZHUaEqxhyLfqoq1mtHSipkWHeT31LNHb1QEbDHgnc","decimals":0,"isBooleanAmount":false,"shouldPreferSymbol":false}}