{"objectId":"3495","ipfsHash":"QmTsrrE4rJg2mbZzJfaq17E62Uguu5i2h76M4Ng1piSXNT","minter":"tz1f94uZ7SF2fLKnMjFzGQTbznd8qpAZ12is","swaps":[],"token_id":"3495","token_info":{"name":"vaporwave aesthetics #96","description":"unique vaporwave aesthetics piece generated by StyleGAN using collection of vaporwave artworks from bandcamp and aethetics from reddit","tags":["vaporwave","aesthetics","ml","stylegan","artwork","bandcamp","reddit"],"symbol":"OBJKT","artifactUri":"ipfs://QmRbx9Ryp7WREhtCkwYAHKrj7ZFFCvBYjyQgZwwvb46pyT","creators":["tz1f94uZ7SF2fLKnMjFzGQTbznd8qpAZ12is"],"formats":[{"uri":"ipfs://QmRbx9Ryp7WREhtCkwYAHKrj7ZFFCvBYjyQgZwwvb46pyT","mimeType":"image/png"}],"thumbnailUri":"ipfs://QmNrhZHUaEqxhyLfqoq1mtHSipkWHeT31LNHb1QEbDHgnc","decimals":0,"isBooleanAmount":false,"shouldPreferSymbol":false}}