{"result":{"objectId":29115,"ipfsHash":"QmUkLdPun5ErSnQWeFk9bWZ4zNsb4DKGSp6KtoxmepcPzf","swaps":[],"token_id":29115,"total_amount":"1","owners":{"tz1W7xzerUToPAXW8VrrJFo9cWvxfRNyHd9N":"1"},"token_info":{"name":"100 INVADERS #018","description":"1 of 1. Twitter: @ChrisRandallAr1 Insta: @chris.randall.art Web: chrisrandall.net","tags":["100INVADERSSPACEINVADERVIDEOGAMEPIXELARTPIXEL"],"symbol":"OBJKT","artifactUri":"ipfs://QmS8m2NZ93qnmW7kT9X2jYjwfSCdyAWsJc8no1G2FnmtMh","displayUri":"","thumbnailUri":"ipfs://QmNrhZHUaEqxhyLfqoq1mtHSipkWHeT31LNHb1QEbDHgnc","creators":["tz1QRK6K5LyEjdPCyeV6aSeBQ8z6Tk5musz5"],"formats":[{"uri":"ipfs://QmS8m2NZ93qnmW7kT9X2jYjwfSCdyAWsJc8no1G2FnmtMh","mimeType":"image/gif"}],"decimals":0,"isBooleanAmount":false,"shouldPreferSymbol":false}}}