{"objectId":"9889","ipfsHash":"QmRCea5NJ1gNRAv9p9dpKCPn7S6Qc77CqhHf7hfEKCkYFt","minter":"tz1PTiGJ674i1feGXvmH3a61uXjf8z8Tp3Et","swaps":[{"swap_id":"9889","objkt_id":"9844","amount":"1","xtz_per_objkt":"4000000"}],"token_id":"9889","token_info":{"name":"Control The Soul #76","description":"2021 StyleGAN2 + CLIP 1024x1024","tags":["ai","art","collectible","controlthesoul"],"symbol":"OBJKT","artifactUri":"ipfs://QmcAAHVvXAFpRtKFEbReJyv83VdZybm4sr1oc973Q3TBNZ","creators":["tz1PTiGJ674i1feGXvmH3a61uXjf8z8Tp3Et"],"formats":[{"uri":"ipfs://QmcAAHVvXAFpRtKFEbReJyv83VdZybm4sr1oc973Q3TBNZ","mimeType":"image/png"}],"thumbnailUri":"ipfs://QmNrhZHUaEqxhyLfqoq1mtHSipkWHeT31LNHb1QEbDHgnc","decimals":0,"isBooleanAmount":false,"shouldPreferSymbol":false}}