{"objectId":"3211","ipfsHash":"QmVtRjryVs192WdWZaymuuvytNQtCNuwy2LiSaRMVXhur6","minter":"tz2RWEzd5L7W3BDgvTWBujMShif4z3CF3X4f","swaps":[{"swap_id":"3211","objkt_id":"3278","amount":"3","xtz_per_objkt":"1200000"}],"token_id":"3211","token_info":{"name":"Monera Matsumoto - 8-bit Guardian","description":"\"I heard there is a $625,000 bounty on my head\" - Monera Matsumoto [Art by @criptera, message me on twitter to get HQ version & stills ;-)]","tags":["cryptoguardians","bitcoin","crypto","anime","8bit"],"symbol":"OBJKT","artifactUri":"ipfs://QmVfEgPboi8txoCF59E7Vgz4dH3YVYRiJzaAZdiZe3sWWA","creators":["tz2RWEzd5L7W3BDgvTWBujMShif4z3CF3X4f"],"formats":[{"uri":"ipfs://QmVfEgPboi8txoCF59E7Vgz4dH3YVYRiJzaAZdiZe3sWWA","mimeType":"image/png"}],"thumbnailUri":"ipfs://QmNrhZHUaEqxhyLfqoq1mtHSipkWHeT31LNHb1QEbDHgnc","decimals":0,"isBooleanAmount":false,"shouldPreferSymbol":false}}