{"objectId":"1410","ipfsHash":"QmT79NVBQ6jUAPc6EHcvSDvME55GTi7PfjRQDsgRFVwPsa","minter":"tz1W2zA8Cgif721rEvab6cRnMKZFWuMugbfU","swaps":[{"swap_id":"1410","objkt_id":"1631","amount":"9","xtz_per_objkt":"10000000"}],"token_id":"1410","token_info":{"name":"Rocket Moo N shine","description":"Rocket on Tezos Flying Moo","tags":[],"symbol":"OBJKT","artifactUri":"ipfs://QmWEZxS6yd35KB8c1zsXdwPPdx6NGs7wDHrXw84D7Zm3Us","creators":["tz1W2zA8Cgif721rEvab6cRnMKZFWuMugbfU"],"formats":[{"uri":"ipfs://QmWEZxS6yd35KB8c1zsXdwPPdx6NGs7wDHrXw84D7Zm3Us","mimeType":"image/png"}],"thumbnailUri":"ipfs://QmNrhZHUaEqxhyLfqoq1mtHSipkWHeT31LNHb1QEbDHgnc","decimals":0,"isBooleanAmount":false,"shouldPreferSymbol":false}}