{"objectId":"9165","ipfsHash":"QmdPytWR9kiY9PMzePSeFQttcdxss96HmfFH6aNqrjFTTe","minter":"tz1bJwj5KBMc3UFk3ijykA9c1sGDmw4FEy24","swaps":[],"token_id":"9165","token_info":{"name":"TRIANGLES","description":"Click to randomize the triangles! This is an interactive artwork that is random every time, it is based on '0002' on my Instagram @alexradomski. ","tags":["INTERACTIVE","SVG","GENERATIVEART","ALGORITHMICART","CODEART","LOOP"],"symbol":"OBJKT","artifactUri":"ipfs://QmchfRrdFxzRSNk44RYWB4xTrFCpuXS8euJ7uXZJ18V7Y4","creators":["tz1bJwj5KBMc3UFk3ijykA9c1sGDmw4FEy24"],"formats":[{"uri":"ipfs://QmchfRrdFxzRSNk44RYWB4xTrFCpuXS8euJ7uXZJ18V7Y4","mimeType":"image/svg+xml"}],"thumbnailUri":"ipfs://QmNrhZHUaEqxhyLfqoq1mtHSipkWHeT31LNHb1QEbDHgnc","decimals":0,"isBooleanAmount":false,"shouldPreferSymbol":false}}