{"objectId":"6101","ipfsHash":"QmW4WsS4ZwPKv9V6JFGxQwyA5WLHhnp7ebbBgbMsU8TV9K","minter":"tz1emc9Uto1fXZWfau8zWDCGL5e2PpnrRxqg","swaps":[{"swap_id":"6101","objkt_id":"6029","amount":"94","xtz_per_objkt":"100000"}],"token_id":"6101","token_info":{"name":"I have questions...","description":"Who? What? Where? When? Why? How?","tags":["graphic","typographic","designrobot"],"symbol":"OBJKT","artifactUri":"ipfs://QmZAtYopWV1eZVmcpMyk6KSe2FZS3gJ3tMv4UphwUnxFkE","creators":["tz1emc9Uto1fXZWfau8zWDCGL5e2PpnrRxqg"],"formats":[{"uri":"ipfs://QmZAtYopWV1eZVmcpMyk6KSe2FZS3gJ3tMv4UphwUnxFkE","mimeType":"image/png"}],"thumbnailUri":"ipfs://QmNrhZHUaEqxhyLfqoq1mtHSipkWHeT31LNHb1QEbDHgnc","decimals":0,"isBooleanAmount":false,"shouldPreferSymbol":false}}