{"result":{"objectId":18218,"ipfsHash":"QmcwaWKQtHzdbPh7h7q2MuQAVAp1zVYbDgPUwi9TUJ59gy","swaps":[{"swap_id":"19876","issuer":"tz1PTiGJ674i1feGXvmH3a61uXjf8z8Tp3Et","objkt_amount":"1","xtz_per_objkt":"4000000"}],"token_id":18218,"total_amount":"1","owners":{"KT1Hkg5qeNhfwpKW4fXvq7HGZB9z2EnmCCA9":"1"},"token_info":{"name":"Control The Soul #623","description":"Occult AI art collectible, each piece has one edition. [Series 1, #623/1000]; 2021 StyleGAN2 + CLIP 1024x1024","tags":["ai","art","collectible","controlthesoul"],"symbol":"OBJKT","artifactUri":"ipfs://QmTEcgFQnYFzgozqrgoz4ww8WvaxwiX1YGNs4UwmZP4k2g","creators":["tz1PTiGJ674i1feGXvmH3a61uXjf8z8Tp3Et"],"formats":[{"uri":"ipfs://QmTEcgFQnYFzgozqrgoz4ww8WvaxwiX1YGNs4UwmZP4k2g","mimeType":"image/png"}],"thumbnailUri":"ipfs://QmNrhZHUaEqxhyLfqoq1mtHSipkWHeT31LNHb1QEbDHgnc","decimals":0,"isBooleanAmount":false,"shouldPreferSymbol":false}}}