{"objectId":"12992","ipfsHash":"QmSRDpTUNv89UWwFfddkYHN7ToZXu2sXinmjafpRzwoiZa","minter":"tz1TSWEDs9wcBx2KiRzVzyzECsNpRiZaLJ1D","swaps":[],"token_id":"12992","token_info":{"name":"Assorted debris 006","description":"8000x8000 Generative geometry by Frederik Vanhoutte, @wblut","tags":["Processing","Creativecoding","Generativegeometry","@wblut"],"symbol":"OBJKT","artifactUri":"ipfs://QmVBFKkUv7B6pZbw9Z2rJrAGVVENMmJtZTZoAiRQAUf6iP","displayUri":null,"creators":["tz1TSWEDs9wcBx2KiRzVzyzECsNpRiZaLJ1D"],"formats":[{"uri":"ipfs://QmVBFKkUv7B6pZbw9Z2rJrAGVVENMmJtZTZoAiRQAUf6iP","mimeType":"image/png"}],"thumbnailUri":"ipfs://QmNrhZHUaEqxhyLfqoq1mtHSipkWHeT31LNHb1QEbDHgnc","decimals":0,"isBooleanAmount":false,"shouldPreferSymbol":false}}