{"result":{"objectId":29545,"ipfsHash":"QmZ26iWMifV9Abvkhkk1wmFCuX8EwXZphdnjJ8FoPRAi2H","swaps":[{"swap_id":"39704","issuer":"tz1UzxLRRKEyE18v86Wctf8a2Gc1qAnsq6L5","objkt_amount":"10","xtz_per_objkt":"10000000"}],"token_id":29545,"total_amount":"10","owners":{"KT1Hkg5qeNhfwpKW4fXvq7HGZB9z2EnmCCA9":"10"},"token_info":{"name":"met·a·mor·pho·sis","description":"A smorgasbord of change","tags":["whales","bombs","people","earth","animals","insects"],"symbol":"OBJKT","artifactUri":"ipfs://QmUzbDYKm2KE7arzyAZHqKXWvx2vVMr5g3yXjCwZBFxYm9","displayUri":"","thumbnailUri":"ipfs://QmNrhZHUaEqxhyLfqoq1mtHSipkWHeT31LNHb1QEbDHgnc","creators":["tz1UzxLRRKEyE18v86Wctf8a2Gc1qAnsq6L5"],"formats":[{"uri":"ipfs://QmUzbDYKm2KE7arzyAZHqKXWvx2vVMr5g3yXjCwZBFxYm9","mimeType":"video/mp4"}],"decimals":0,"isBooleanAmount":false,"shouldPreferSymbol":false}}}