{"result":{"objectId":17339,"ipfsHash":"QmUtLcB8JNp1PA2gp4JkRXDBG8Dk9Gk1rzfAuf18UfR7Nm","swaps":[{"swap_id":"18409","issuer":"tz1dKy8pMCFpPnBmmcjcbRdp9Ys57etvEXmZ","objkt_amount":"3","xtz_per_objkt":"2000000"}],"token_id":17339,"total_amount":10,"owners":{"KT1Hkg5qeNhfwpKW4fXvq7HGZB9z2EnmCCA9":"3","tz1MH7vTRc4yXkttnoU93CYqiZfhEzk7C17a":"1","tz1QsX4VJjty6oKrKnLmXWvyakAXCgx7FaqR":"1","tz1Rwx6G3MFW5VCeSd4bJQphXuUR3Q56omLW":"1","tz1SYXXE38aAbmz9Ti7K6WmVkrXKZQkebZse":"1","tz1aXcPJTeNdgyf8JiTaRDgbCaNd1bKxDfm4":"1","tz1dKy8pMCFpPnBmmcjcbRdp9Ys57etvEXmZ":"1","tz1hvfkpf7HbnE1Rroi7JbyegVjZzu97Yqw6":"1"},"token_info":{"name":"Paro Zoot","description":"Walking In Another Dimension | By @Zootghost","tags":["Zootghost","Paro","Trippy","Animation","Weird"],"symbol":"OBJKT","artifactUri":"ipfs://QmT9e1MgNDA351yj1Mh5esCqR9P72pRaNK5R35DKSUd19H","displayUri":"","creators":["tz1dKy8pMCFpPnBmmcjcbRdp9Ys57etvEXmZ"],"formats":[{"uri":"ipfs://QmT9e1MgNDA351yj1Mh5esCqR9P72pRaNK5R35DKSUd19H","mimeType":"image/gif"}],"thumbnailUri":"ipfs://QmNrhZHUaEqxhyLfqoq1mtHSipkWHeT31LNHb1QEbDHgnc","decimals":0,"isBooleanAmount":false,"shouldPreferSymbol":false}}}