{"result":{"objectId":31122,"ipfsHash":"QmXFRxBy9hRh1LGUWQgedA7Lb3LRrfEJpmzFyRHHMW5VMU","swaps":[{"swap_id":"42563","issuer":"tz1bggmAF2TV8mRsywLpui2nKge3hgKSpwi1","objkt_amount":"3","xtz_per_objkt":"1500000"}],"token_id":31122,"total_amount":"3","owners":{"KT1Hkg5qeNhfwpKW4fXvq7HGZB9z2EnmCCA9":"3"},"token_info":{"name":"ED-A4A-2012jul9 : Explosion","description":"This is ETIENNE DOUCET from the Pinkcloud Crew ! https://linktr.ee/PinkcloudNFT -  The series is called Art4Art Daily, where I created 1 new artwork each day for a year.  This series will be composed of 365 items, and we'll also post a few extra new artwork, so we've created an account just for it.  Interview/video on A4A Daily : https://bit.ly/3saxk8z Pinkcloud main account : tz1UE2omGnq3NzmMdxADYp1dcgvRKFuoFmy7","tags":["ETIENNEDOUCET","A4A","AFORA","DailyArt","PINKCLOUD","PINKCLOUD_NFT","Artwork"],"symbol":"OBJKT","artifactUri":"ipfs://QmRh8xtuy1MxaFNqhayehM79tKqCMwnq5YpfzGzXXv1Yxq","displayUri":"","thumbnailUri":"ipfs://QmNrhZHUaEqxhyLfqoq1mtHSipkWHeT31LNHb1QEbDHgnc","creators":["tz1bggmAF2TV8mRsywLpui2nKge3hgKSpwi1"],"formats":[{"uri":"ipfs://QmRh8xtuy1MxaFNqhayehM79tKqCMwnq5YpfzGzXXv1Yxq","mimeType":"image/jpeg"}],"decimals":0,"isBooleanAmount":false,"shouldPreferSymbol":false}}}