{"objectId":"5812","ipfsHash":"QmVs7oJUF8SGpFQ6sqcgsi5Jz9NjQ5KycRBpZkoJKVA88A","minter":"tz1SqiVJVUsfxxgs23ZMd8mziATNrtTdc7P5","swaps":[{"swap_id":"5812","objkt_id":"5760","amount":"10","xtz_per_objkt":"1000000"}],"token_id":"5812","token_info":{"name":"Engrenage à l'utilité incertaine #3","description":"Generative art | made in processing | dimension: 4331 x 6125 pixels | format: PNG | author: @entropismes","tags":["generativeart","generative","graph"],"symbol":"OBJKT","artifactUri":"ipfs://QmRDdYFmnuh2JZagWhvErcuTuRQnzBcRKTg3rLMVESBxfZ","creators":["tz1SqiVJVUsfxxgs23ZMd8mziATNrtTdc7P5"],"formats":[{"uri":"ipfs://QmRDdYFmnuh2JZagWhvErcuTuRQnzBcRKTg3rLMVESBxfZ","mimeType":"image/png"}],"thumbnailUri":"ipfs://QmNrhZHUaEqxhyLfqoq1mtHSipkWHeT31LNHb1QEbDHgnc","decimals":0,"isBooleanAmount":false,"shouldPreferSymbol":false}}