{"objectId":"12357","ipfsHash":"QmQVKbReeXQ8Bqbvr8JVsf64EsWxPfhgxP9Y53Q4L69GXk","minter":"tz1SqXf7JVizfgok4qmEFb8ePQ2xhRrboHa2","swaps":[{"swap_id":"12357","objkt_id":"12375","amount":"1","xtz_per_objkt":"50000000"}],"token_id":"12357","token_info":{"name":"Sad Sole 1","description":"3d low poly animation about loneliness","tags":["3d","lowpoly","animation","loneliness","subway"],"symbol":"OBJKT","artifactUri":"ipfs://QmYwKWywRG9GrhD7kCf6CWDUFQessdbYoCAPhZ4nEFF8Br","displayUri":null,"creators":[null],"formats":[{"uri":"ipfs://QmYwKWywRG9GrhD7kCf6CWDUFQessdbYoCAPhZ4nEFF8Br","mimeType":"video/mp4"}],"thumbnailUri":"ipfs://QmNrhZHUaEqxhyLfqoq1mtHSipkWHeT31LNHb1QEbDHgnc","decimals":0,"isBooleanAmount":false,"shouldPreferSymbol":false}}