{"objectId":"7205","ipfsHash":"QmQYekZyYKkwZ8NTpcGjak2hRzwZCPowYPKDSKTDcUBPFh","minter":"tz1XuPRJJEdEumLcuJc4pdzejqs58qBFJSCW","swaps":[{"swap_id":"7205","objkt_id":"7173","amount":"1","xtz_per_objkt":"10000000"}],"token_id":"7205","token_info":{"name":"M3DIT∆T1ØN T3CHN1C ØF D1RTY M1ND","description":"FUTURE MONK","tags":["FUTURE","MANTRA","MEDITATION","TECHNICS","METODODEROSE","MINDFULLY","MONGE","VR"],"symbol":"OBJKT","artifactUri":"ipfs://QmY6mxbrMVZ4MYppgDLPnWEcHjuQSqarUEJeX1fdRUEnsS","creators":["tz1XuPRJJEdEumLcuJc4pdzejqs58qBFJSCW"],"formats":[{"uri":"ipfs://QmY6mxbrMVZ4MYppgDLPnWEcHjuQSqarUEJeX1fdRUEnsS","mimeType":"image/jpeg"}],"thumbnailUri":"ipfs://QmNrhZHUaEqxhyLfqoq1mtHSipkWHeT31LNHb1QEbDHgnc","decimals":0,"isBooleanAmount":false,"shouldPreferSymbol":false}}