{"objectId":"1017","ipfsHash":"QmZxmX8rn3XZk6FE7J6y7pndvH7RcL4yCpPisYBLnQCjxk","minter":"tz1KyMb5TpWm3ED8WUbt5xDHVBkDhiQbKk1W","swaps":[],"token_id":"1017","token_info":{"name":"PIG 'Clown'","description":"Pixel_Art","tags":[],"symbol":"OBJKT","artifactUri":"ipfs://QmZLMER8W2SHWQf7VcaYj3CnDi2j7du157jJPeWrNSXahv","creators":["tz1KyMb5TpWm3ED8WUbt5xDHVBkDhiQbKk1W"],"formats":[{"uri":"ipfs://QmZLMER8W2SHWQf7VcaYj3CnDi2j7du157jJPeWrNSXahv","mimeType":"image/png"}],"thumbnailUri":"ipfs://QmNrhZHUaEqxhyLfqoq1mtHSipkWHeT31LNHb1QEbDHgnc","decimals":0,"isBooleanAmount":false,"shouldPreferSymbol":false}}