{"result":{"objectId":30621,"ipfsHash":"QmZxGjjApk8HseZ7Bo7SdEHLcetvRac1XFXHGoR8iCMRDA","swaps":[{"swap_id":"42347","issuer":"tz1TwGmzqHQJPZSfwmCGg2uiinFDDRZntsDi","objkt_amount":"11","xtz_per_objkt":"1000000"}],"token_id":30621,"total_amount":150,"owners":{"KT1Hkg5qeNhfwpKW4fXvq7HGZB9z2EnmCCA9":"11","tz1TwGmzqHQJPZSfwmCGg2uiinFDDRZntsDi":"139"},"token_info":{"name":"inacabado","description":"digital collage made on paint, 2017","tags":["gay","soulmates","desktop","horror","COLLAGE","SCAN","ARTISTS","NFTSARTIST","LGBTQIA+","BRAZILIANART","CLEANNFT","CRYPTOART","NFTART","NFTCOLLECTOR","NFTARTISTS","TEZO","BRAZILIANARTIST","BRAZIL","LATINOAMERICA","CRIPTOARTEBRASIL","beleite","belork","bilork"],"symbol":"OBJKT","artifactUri":"ipfs://QmYKpkY5hpJTffGZ2APiufvXaTydAgwnwiLoamsUwxJUMP","displayUri":"","thumbnailUri":"ipfs://QmNrhZHUaEqxhyLfqoq1mtHSipkWHeT31LNHb1QEbDHgnc","creators":["tz1TwGmzqHQJPZSfwmCGg2uiinFDDRZntsDi"],"formats":[{"uri":"ipfs://QmYKpkY5hpJTffGZ2APiufvXaTydAgwnwiLoamsUwxJUMP","mimeType":"image/jpeg"}],"decimals":0,"isBooleanAmount":false,"shouldPreferSymbol":false}}}