{"objectId":"5404","ipfsHash":"Qmd5HgwwV1Wgceb2Ht2JpAcpYZY5v5AoSCZa8t6xSybbeL","minter":"tz1WWnwWZVGEGdP6r6BicgbwnDp1zPYp2Fg3","swaps":[{"swap_id":"5404","objkt_id":"5391","amount":"3","xtz_per_objkt":"2000000"}],"token_id":"5404","token_info":{"name":"#37","description":"","tags":["J.S."],"symbol":"OBJKT","artifactUri":"ipfs://QmUW4MHm8hYFvg6JeX4bXP5iimxxGwi1aVRaLspLC54FwS","creators":["tz1WWnwWZVGEGdP6r6BicgbwnDp1zPYp2Fg3"],"formats":[{"uri":"ipfs://QmUW4MHm8hYFvg6JeX4bXP5iimxxGwi1aVRaLspLC54FwS","mimeType":"image/png"}],"thumbnailUri":"ipfs://QmNrhZHUaEqxhyLfqoq1mtHSipkWHeT31LNHb1QEbDHgnc","decimals":0,"isBooleanAmount":false,"shouldPreferSymbol":false}}