{"objectId":"8148","ipfsHash":"Qmb9CGG6jNkcrGPm6eVyZYk4PySq3KLsr1LEfERAWPseWc","minter":"tz1hRaCZStnTFK8KHkcgEX7e2irkuvbc4mPC","swaps":[{"swap_id":"8148","objkt_id":"8191","amount":"1","xtz_per_objkt":"10000000"}],"token_id":"8148","token_info":{"name":"dwitter.net/d/2442","description":"c.width|=b=50;h=b-S(t)*b*4;for(e=6.283;e>0;x.lineTo(d*C(e-=.01)+h*C(s=d/b*e)+960,(d)*S(e)-h*S(s)+960))d=300-b;x.fill(\"evenodd\")","tags":["dwitter","canvas","roulette","hypotrochoid","codegolf"],"symbol":"OBJKT","artifactUri":"ipfs://QmQKEKjZhoJVsJyy82T3L8FdzvF7D7N1rLwkLHAD1rDcaY","creators":["tz1hRaCZStnTFK8KHkcgEX7e2irkuvbc4mPC"],"formats":[{"uri":"ipfs://QmQKEKjZhoJVsJyy82T3L8FdzvF7D7N1rLwkLHAD1rDcaY","mimeType":"image/svg+xml"}],"thumbnailUri":"ipfs://QmNrhZHUaEqxhyLfqoq1mtHSipkWHeT31LNHb1QEbDHgnc","decimals":0,"isBooleanAmount":false,"shouldPreferSymbol":false}}