{"result":{"objectId":20363,"ipfsHash":"QmahxAVdyLzAEg7ZPGSDfNpWNEYawgDAbUuDh3Ev69NBbQ","swaps":[{"swap_id":"23074","issuer":"tz1URr8y6ZAWBiLptRibc9afx5G1mmmpqyaK","objkt_amount":"9","xtz_per_objkt":"500000"}],"token_id":20363,"total_amount":10,"owners":{"KT1Hkg5qeNhfwpKW4fXvq7HGZB9z2EnmCCA9":"9","tz1URr8y6ZAWBiLptRibc9afx5G1mmmpqyaK":"1"},"token_info":{"name":"Baby David","description":"Baby David... Butter wouldn't melt in his mouth!","tags":["Baby","David"],"symbol":"OBJKT","artifactUri":"ipfs://QmSLkmufP2G5X9FWgKnPNcR3HDXczNjyAJaBUgitXJPJom","displayUri":"","creators":["tz1URr8y6ZAWBiLptRibc9afx5G1mmmpqyaK"],"formats":[{"uri":"ipfs://QmSLkmufP2G5X9FWgKnPNcR3HDXczNjyAJaBUgitXJPJom","mimeType":"image/jpeg"}],"thumbnailUri":"ipfs://QmNrhZHUaEqxhyLfqoq1mtHSipkWHeT31LNHb1QEbDHgnc","decimals":0,"isBooleanAmount":false,"shouldPreferSymbol":false}}}