{"result":{"objectId":17944,"ipfsHash":"QmbNbYhZUEx9nBe6uYzfuobwBYfzMH5joCq5VgBCXx3CcQ","swaps":[{"swap_id":"19494","issuer":"tz1PTiGJ674i1feGXvmH3a61uXjf8z8Tp3Et","objkt_amount":"1","xtz_per_objkt":"3000000"}],"token_id":17944,"total_amount":"1","owners":{"KT1Hkg5qeNhfwpKW4fXvq7HGZB9z2EnmCCA9":"1"},"token_info":{"name":"Control The Soul #590","description":"Occult AI art collectible, each piece has one edition. [Series 1, #590/1000]; 2021 StyleGAN2 + CLIP 1024x1024","tags":["ai","art","collectible","controlthesoul"],"symbol":"OBJKT","artifactUri":"ipfs://QmZ9CrdE16ACjMYKxw3Xn6WiYn2xcqYGShzJywHJwNqUvb","creators":["tz1PTiGJ674i1feGXvmH3a61uXjf8z8Tp3Et"],"formats":[{"uri":"ipfs://QmZ9CrdE16ACjMYKxw3Xn6WiYn2xcqYGShzJywHJwNqUvb","mimeType":"image/png"}],"thumbnailUri":"ipfs://QmNrhZHUaEqxhyLfqoq1mtHSipkWHeT31LNHb1QEbDHgnc","decimals":0,"isBooleanAmount":false,"shouldPreferSymbol":false}}}