{"result":{"objectId":27275,"ipfsHash":"QmZZb8n6vqcvz5aVtHtde5LsrsUuzctGeFMCEB1XwqRd3m","swaps":[{"swap_id":"39309","issuer":"tz2T5pohqgjT7vh3BtkNTRJsmmUJ1w99VDHf","objkt_amount":"4","xtz_per_objkt":"10000000"}],"token_id":27275,"total_amount":10,"owners":{"KT1Hkg5qeNhfwpKW4fXvq7HGZB9z2EnmCCA9":"4","tz1Pu8zRmNghAHzWxsT9Cy2qXHxkCrHcB3vc":"1","tz1Ym9Ued9v2N2wwsrtQ52HRGGn7qDmzuUZU":"1","tz1Zv63dC5nkVBbPz3BvdmWGqDw9cvahvm3s":"1","tz1fGCaSEF4SBPzcDoAC3PmbCL7pewYqi7F2":"1","tz1hb9PiWxQEf6J9xevPsUM6dkuCLnhDMvsp":"1","tz1hhG3vN2NCoPZepvEbKHBFQ5denwNJwHXP":"1"},"token_info":{"name":"Planetoid I","description":"Generated from a self-made semi-automatic painting program where the ‘brush’ is a user-guided 3D morphing object with a video stream 'projected' onto it.  Made specially for a WIRED magazine article called 'Painting by Numbers' (03/2008 issue). Artwork by Paul Prudence @MrPrudence  → transphormetic.com","tags":["generative","Wired","planetoid","painting","paulprudence"],"symbol":"OBJKT","artifactUri":"ipfs://QmUZNoTcpzounvQkLageBjVQN96CgeKU9nwAADWdi7hWf1","displayUri":"","creators":["tz2T5pohqgjT7vh3BtkNTRJsmmUJ1w99VDHf"],"formats":[{"uri":"ipfs://QmUZNoTcpzounvQkLageBjVQN96CgeKU9nwAADWdi7hWf1","mimeType":"image/png"}],"thumbnailUri":"ipfs://QmNrhZHUaEqxhyLfqoq1mtHSipkWHeT31LNHb1QEbDHgnc","decimals":0,"isBooleanAmount":false,"shouldPreferSymbol":false}}}