{"result":{"objectId":27760,"ipfsHash":"QmVxqH94ViS8FDYXVtpw8Dva637fJviuchx3qDsxSRdJwq","swaps":[{"swap_id":"37336","issuer":"tz1hM6Pz2e5vJbd1YYkYHcj5RL7tXhcn59Xr","objkt_amount":"1","xtz_per_objkt":"5000000"},{"swap_id":"38095","issuer":"tz1PfirGv1Qk9vK3eMnMkARudeRVwFx5ZZRF","objkt_amount":"1","xtz_per_objkt":"4000000"},{"swap_id":"38591","issuer":"tz1NBCMcKJkYq3rYz3cJd9NvVk1ESvvxrLTa","objkt_amount":"1","xtz_per_objkt":"3000000"}],"token_id":27760,"total_amount":20,"owners":{"KT1Hkg5qeNhfwpKW4fXvq7HGZB9z2EnmCCA9":"3","tz1NBCMcKJkYq3rYz3cJd9NvVk1ESvvxrLTa":"3","tz1NGDuYTuuB1geX1K5b88cqa8JinFLdd3d5":"1","tz1NPrC8JkfsqPtFRMXCFXeSn4P14XhUpDUQ":"1","tz1Pu8zRmNghAHzWxsT9Cy2qXHxkCrHcB3vc":"1","tz1TvzpZnC1WM4nZJuc9WW7YFP7tnETzCVpu":"1","tz1UE2omGnq3NzmMdxADYp1dcgvRKFuoFmy7":"1","tz1VLyW483Xza4WHHQyRKVp7WoBcN9mhiuQW":"1","tz1YokFzMR1hX4m4aBqgutxLSUKFDdNoYGEN":"1","tz1Yw5DLFR4PMMbvbGo1hMMpThm1vwN6ZFqF":"1","tz1bvHicmPajFP7HvTgePjGAH4WLn6roktoS":"1","tz1bxe2Tp3EqWZqZX5Kvmg9MxTmX8LBiUchk":"1","tz1esEY2yNUNAFnescGecqbiEjuB7W5uvJNE":"1","tz1fb6jz7rh4H7AojLShvhiXKaSNDyvkH7sM":"1","tz1hkv5Dw13NoPKPmbrvx2Rs2tn7CANubSHL":"1","tz1hzFpuxrUFBcMcbgJhVb5Q2exhFnudLjFP":"1"},"token_info":{"name":"Two Fishes","description":"A little gift to the awesome HEN community. ","tags":[""],"symbol":"OBJKT","artifactUri":"ipfs://QmUef72sX4QmLDr9xKM8G2t2p7c9uVt8DSeVyCZPupcGDp","displayUri":"","creators":["tz1NPrC8JkfsqPtFRMXCFXeSn4P14XhUpDUQ"],"formats":[{"uri":"ipfs://QmUef72sX4QmLDr9xKM8G2t2p7c9uVt8DSeVyCZPupcGDp","mimeType":"image/jpeg"}],"thumbnailUri":"ipfs://QmNrhZHUaEqxhyLfqoq1mtHSipkWHeT31LNHb1QEbDHgnc","decimals":0,"isBooleanAmount":false,"shouldPreferSymbol":false}}}