{"result":{"objectId":30676,"ipfsHash":"QmcKH5xEYW7QUvox9nEXDvJHDEEe5ZJjmtLgZ3iF8sPpDc","swaps":[],"token_id":30676,"total_amount":"500","owners":{"tz1gtTVJHBm5RXHPD6T38mfnGA6tcZGNhJHQ":"500"},"token_info":{"name":"0004","description":"The research points to the complexity and indeterminate nature of landscape systems, breaking previous paradigms of complex simulation and monolithic infrastructure. In this sense, the work raises questions about how we will design landscapes that never look the same and visions of a future that is at best unpredictable.","tags":["INDETERMINACY","GEOMORPHOLOGY","LANDSCAPE"],"symbol":"OBJKT","artifactUri":"ipfs://QmSvQnhtufTBn57jnDXoJrLUHAxRNNe5V9TFnWGjVghw6u","displayUri":"","thumbnailUri":"ipfs://QmNrhZHUaEqxhyLfqoq1mtHSipkWHeT31LNHb1QEbDHgnc","creators":["tz1gtTVJHBm5RXHPD6T38mfnGA6tcZGNhJHQ"],"formats":[{"uri":"ipfs://QmSvQnhtufTBn57jnDXoJrLUHAxRNNe5V9TFnWGjVghw6u","mimeType":"video/mp4"}],"decimals":0,"isBooleanAmount":false,"shouldPreferSymbol":false}}}