{"objectId":"1851","ipfsHash":"QmWXU6fR1mNxkGnPiAYgNkFncxqW5ohe67opAeaCk96XVC","minter":"tz1Rw2JoU2AK2TNdfhcd4h918CdTGSNh5Gnw","swaps":[],"token_id":"1851","token_info":{"name":"Toy World I","description":"The Beige","tags":[],"symbol":"OBJKT","artifactUri":"ipfs://QmNPM3KaVSiToqsqaGhaZenRGFuacM7K9R87xqPWmvebVm","creators":["tz1Rw2JoU2AK2TNdfhcd4h918CdTGSNh5Gnw"],"formats":[{"uri":"ipfs://QmNPM3KaVSiToqsqaGhaZenRGFuacM7K9R87xqPWmvebVm","mimeType":"image/jpeg"}],"thumbnailUri":"ipfs://QmNrhZHUaEqxhyLfqoq1mtHSipkWHeT31LNHb1QEbDHgnc","decimals":0,"isBooleanAmount":false,"shouldPreferSymbol":false}}