{"objectId":"4645","ipfsHash":"Qmar3Jvu1tvq56hGnZJeCrocnZiWGptSqrdoeyFpTEwgqn","minter":"tz1cjTb6ijvnPrJBfaTEFphxDovW9xQbkmDK","swaps":[],"token_id":"4645","token_info":{"name":"Ad Astra","description":"A character by https://twitter.com/windspiek || Created in VR","tags":["Space","Sci-Fi","Character","Astronaut","Fiction"],"symbol":"OBJKT","artifactUri":"ipfs://Qmc8sfF2fWfRtdq9LFSmjUEfmXs3WiuSkHn7qYT9AJzLay","creators":["tz1cjTb6ijvnPrJBfaTEFphxDovW9xQbkmDK"],"formats":[{"uri":"ipfs://Qmc8sfF2fWfRtdq9LFSmjUEfmXs3WiuSkHn7qYT9AJzLay","mimeType":"video/mp4"}],"thumbnailUri":"ipfs://QmNrhZHUaEqxhyLfqoq1mtHSipkWHeT31LNHb1QEbDHgnc","decimals":0,"isBooleanAmount":false,"shouldPreferSymbol":false}}