{"result":{"objectId":22974,"ipfsHash":"QmTy4fRrUCE6r95tzJhWEdyQ2qen7R1xq7XFwSPqDsqfim","swaps":[{"swap_id":"27442","issuer":"tz1ZdMfzmWLb8mu22jE7rZ8Y3t9iKezM68cq","objkt_amount":"8","xtz_per_objkt":"1000000"}],"token_id":22974,"total_amount":20,"owners":{"KT1Hkg5qeNhfwpKW4fXvq7HGZB9z2EnmCCA9":"8","tz1LTepZpT3TfWGAyroTfgDSdV4sAYhdnuGY":"1","tz1MCaehYRvrhPWv7HiCYQKyi9WDXbAUZkwv":"2","tz1Mc1eC61daN2TQCZQCWE3Y9ypdHWcxva7H":"1","tz1SY8NZwLaESSfZKHNDBGuxVureCd8CQU4L":"1","tz1TQcXkpNSFoQHX86WuNmTqJmwDwg2cAjhx":"1","tz1U2wsJgebEvS6CZYXn1mjErRU5mSZ2ZS1Z":"1","tz1b6dv77kTVSzcd3DfiB219dci6RgcZkTZh":"1","tz1fCW9QFdfpptUfAQ3Dz7W39GjYm3tWormF":"1","tz1fUZ5pMP1gUjuJsp5V631cXmA87Kxm3cuZ":"1","tz2G5SBeAJVbiE1icji3P59Lx8EvcwMLEHp3":"1","tz2TjNbYAhXWC2nzRJxqoAeqmwhh8r1dRFzv":"1"},"token_info":{"name":"Rain is comming","description":"RUN!","tags":["🏃🏿💨"],"symbol":"OBJKT","artifactUri":"ipfs://Qmdk3fwQo9f1PJG1RRPxMv9iZpboTwTaiX6aNupzSBspNK","displayUri":"","creators":["tz1ZdMfzmWLb8mu22jE7rZ8Y3t9iKezM68cq"],"formats":[{"uri":"ipfs://Qmdk3fwQo9f1PJG1RRPxMv9iZpboTwTaiX6aNupzSBspNK","mimeType":"model/gltf-binary"}],"thumbnailUri":"ipfs://QmNrhZHUaEqxhyLfqoq1mtHSipkWHeT31LNHb1QEbDHgnc","decimals":0,"isBooleanAmount":false,"shouldPreferSymbol":false}}}