{"result":{"objectId":24459,"ipfsHash":"QmWZcgBgFmtS4wT5e9Q4njE2qiFwQ3ivgzHk8fueF7YPXj","swaps":[{"swap_id":"30230","issuer":"tz1LLtQZLDk5xRFWyLcxbjstQRtDCuyvNTka","objkt_amount":"3","xtz_per_objkt":"1000000"}],"token_id":24459,"total_amount":20,"owners":{"KT1Hkg5qeNhfwpKW4fXvq7HGZB9z2EnmCCA9":"3","tz1LLtQZLDk5xRFWyLcxbjstQRtDCuyvNTka":"10","tz1UgqnXhXSnN8f8Ydt2nXbdDhreAwuu24Sx":"1","tz1Uva3ynPUXqpAsWJ3CxcXVPG7HEXB19rzU":"1","tz1YViEQY3qyVbbKHDGGgT7aMgaAnZ9WVF4v":"1","tz1ZLPbUr9de1Heuw2ey95wqd45MZzhFDWWz":"1","tz1dfpCnRnjJLvbrnZBHpr7ndJVQmMKohy9X":"1","tz1f94uZ7SF2fLKnMjFzGQTbznd8qpAZ12is":"1","tz1g6JRCpsEnD2BLiAzPNK3GBD1fKicV9rCx":"1"},"token_info":{"name":"Digital Ceramics | Curvy Vase | Black","description":"Part of the Digital Ceramics series, available in 3 colours to suit any digital decor. 1920 x 1920. www.jasondrew.co.uk","tags":["3D","illustration","digitalart","ceramic","pottery","vase","interior","CG","jasondrew"],"symbol":"OBJKT","artifactUri":"ipfs://QmYiYtG7tAVcvwNPVSCc4P2MrsYeCq6rAm1CTsVuk8JMWd","displayUri":"","creators":["tz1LLtQZLDk5xRFWyLcxbjstQRtDCuyvNTka"],"formats":[{"uri":"ipfs://QmYiYtG7tAVcvwNPVSCc4P2MrsYeCq6rAm1CTsVuk8JMWd","mimeType":"image/jpeg"}],"thumbnailUri":"ipfs://QmNrhZHUaEqxhyLfqoq1mtHSipkWHeT31LNHb1QEbDHgnc","decimals":0,"isBooleanAmount":false,"shouldPreferSymbol":false}}}