{"objectId":"1040","ipfsHash":"QmVMiU2qxcw7uzxmjhtSSuku7TVUvXEiR9x57qx6PosKhk","minter":"tz1WXK2yWvAhaFdXEjsXuHenfgfDr9mqWiBw","swaps":[{"swap_id":"1040","objkt_id":"1226","amount":"1","xtz_per_objkt":"50000000"}],"token_id":"1040","token_info":{"name":"Room","description":"Amiga Computer Imagine 5D generated CGI","tags":[],"symbol":"OBJKT","artifactUri":"ipfs://QmZF62o2tKtX32VRXGuLjs9BULFvmyWPHyoD3CSCQ5E6cy","creators":["tz1WXK2yWvAhaFdXEjsXuHenfgfDr9mqWiBw"],"formats":[{"uri":"ipfs://QmZF62o2tKtX32VRXGuLjs9BULFvmyWPHyoD3CSCQ5E6cy","mimeType":"image/jpeg"}],"thumbnailUri":"ipfs://QmNrhZHUaEqxhyLfqoq1mtHSipkWHeT31LNHb1QEbDHgnc","decimals":0,"isBooleanAmount":false,"shouldPreferSymbol":false}}