{"result":{"objectId":27737,"ipfsHash":"QmeZ6EU3GHJyPV7NZGQQFzUuTZiwetrwbcGEjzqrMEM5tS","swaps":[{"swap_id":"36427","issuer":"tz1dngsyrqgmdeNxuQk1VBJwKwo5rCSsczKB","objkt_amount":"3","xtz_per_objkt":"4000000"},{"swap_id":"37014","issuer":"tz1dngsyrqgmdeNxuQk1VBJwKwo5rCSsczKB","objkt_amount":"1","xtz_per_objkt":"2000000"},{"swap_id":"37082","issuer":"tz1dngsyrqgmdeNxuQk1VBJwKwo5rCSsczKB","objkt_amount":"1","xtz_per_objkt":"1000000"}],"token_id":27737,"total_amount":20,"owners":{"KT1Hkg5qeNhfwpKW4fXvq7HGZB9z2EnmCCA9":"5","tz1LGa2ePYGgWuxKF9z4Ps341N1M4xuUm6Nb":"1","tz1SGLEydAbC5ZqQY2NDPNFsFQ63w4XidaYk":"1","tz1UBEESNXbM8vYxt39TyPWZjdpKDVZ5D7qe":"1","tz1dngsyrqgmdeNxuQk1VBJwKwo5rCSsczKB":"12"},"token_info":{"name":"Phattie 001","description":"@AngeloCreates A character named Phattie before applying skin. Phattie is from the planet Quarb, a place where all of the inhabitants are thick and juicy. I love hanging out with Phattie on the weekends, we roller blade, hangout at the beach and swap makeup tips. More coming from them soon.","tags":["phatthie","pretty","hot","andtempting"],"symbol":"OBJKT","artifactUri":"ipfs://QmXQ9UeUAjkFThgZq1aWXjqbSmf8SjcTs1muqjAfpdwWNQ","displayUri":"","creators":["tz1dngsyrqgmdeNxuQk1VBJwKwo5rCSsczKB"],"formats":[{"uri":"ipfs://QmXQ9UeUAjkFThgZq1aWXjqbSmf8SjcTs1muqjAfpdwWNQ","mimeType":"image/png"}],"thumbnailUri":"ipfs://QmNrhZHUaEqxhyLfqoq1mtHSipkWHeT31LNHb1QEbDHgnc","decimals":0,"isBooleanAmount":false,"shouldPreferSymbol":false}}}