{"objectId":"12245","ipfsHash":"QmR1GtfEMMRjAC49vNwp1cTy8jPDpt8QSNDbB8J5HAiX1R","minter":"tz1ejdUbFg9Nx5jCjEnQH6UCPLrvSPfZSkDa","swaps":[{"swap_id":"12245","objkt_id":"12262","amount":"10","xtz_per_objkt":"1990000"}],"token_id":"12245","token_info":{"name":"the lake tree","description":"The photo was taken in a hidden lake that only individuals reach","tags":["#tree#nature#lake#photo#nofilter"],"symbol":"OBJKT","artifactUri":"ipfs://QmVU6TdUcXk3GkxBuzK1zLWSkefiuBYvkTu2qg6QcBscdT","creators":["tz1ejdUbFg9Nx5jCjEnQH6UCPLrvSPfZSkDa"],"formats":[{"uri":"ipfs://QmVU6TdUcXk3GkxBuzK1zLWSkefiuBYvkTu2qg6QcBscdT","mimeType":"image/jpeg"}],"thumbnailUri":"ipfs://QmNrhZHUaEqxhyLfqoq1mtHSipkWHeT31LNHb1QEbDHgnc","decimals":0,"isBooleanAmount":false,"shouldPreferSymbol":false}}