{"objectId":"9427","ipfsHash":"QmTPgeLLZZaMfvrFG1WBTKPubLcBpJkwSQeNbbPWsCwbtD","minter":"tz1iKhLbwBuqDC6bnbSeWfuauafQLqryMNdQ","swaps":[{"swap_id":"9427","objkt_id":"9444","amount":"29","xtz_per_objkt":"3500000"}],"token_id":"9427","token_info":{"name":"#Scooterpunks - 360 Track Tutorial Day1","description":"I am a 12 year old scooterpunk. This shot is real and right before my first 360. My dad helped me with my first NFT and to set it up for sale. I am hope to afford my next scooter with my art. I am on tezos because its clean and i care about the environment i am growing up in.","tags":["scooterpunks","rider","360","cleannft","digitalart","genesis","tezos","xtz"],"symbol":"OBJKT","artifactUri":"ipfs://QmNsUBAs7w19gYD7yz1KHu7YAjC3xHGkDyjGjxf9NjThkn","creators":["tz1iKhLbwBuqDC6bnbSeWfuauafQLqryMNdQ"],"formats":[{"uri":"ipfs://QmNsUBAs7w19gYD7yz1KHu7YAjC3xHGkDyjGjxf9NjThkn","mimeType":"image/jpeg"}],"thumbnailUri":"ipfs://QmNrhZHUaEqxhyLfqoq1mtHSipkWHeT31LNHb1QEbDHgnc","decimals":0,"isBooleanAmount":false,"shouldPreferSymbol":false}}