{"result":{"objectId":27808,"ipfsHash":"Qmb689JSqBm2aBbiW856YM6dYEuiLYjdTkcet1bTxQD7tj","swaps":[{"swap_id":"36533","issuer":"tz1VFZqg4Q573vXzgTTeuRCTS2X4iayGJLYM","objkt_amount":"1","xtz_per_objkt":"7000000"}],"token_id":27808,"total_amount":"1","owners":{"KT1Hkg5qeNhfwpKW4fXvq7HGZB9z2EnmCCA9":"1"},"token_info":{"name":"Elderling Finds #1","description":"He stumbled across the jagged and broken landscape, seeking the monument to a forgotten world.","tags":["3D","Rofo","snake","skull","titan"],"symbol":"OBJKT","artifactUri":"ipfs://QmSi1GGrxoPKhz8qBdDvBBpBgteq7TA5WgWCHFeBbDFKVH","displayUri":"","thumbnailUri":"ipfs://QmNrhZHUaEqxhyLfqoq1mtHSipkWHeT31LNHb1QEbDHgnc","creators":["tz1VFZqg4Q573vXzgTTeuRCTS2X4iayGJLYM"],"formats":[{"uri":"ipfs://QmSi1GGrxoPKhz8qBdDvBBpBgteq7TA5WgWCHFeBbDFKVH","mimeType":"image/png"}],"decimals":0,"isBooleanAmount":false,"shouldPreferSymbol":false}}}