{"result":{"objectId":25862,"ipfsHash":"QmdxcNNyAS55NKTJZNSgMTb4hteTwA3Fw8G4McsQex2E5r","swaps":[],"token_id":25862,"total_amount":"20","owners":{"tz1burnburnburnburnburnburnburjAYjjX":"20"},"token_info":{"name":"Pattern","description":"reaction diffusion pattern ","tags":["Reaction_Diffusion"],"symbol":"OBJKT","artifactUri":"ipfs://QmdZ11kaQvm8z7f36XnFcq4149kM1xVzgfY7C8mudvDkLv","displayUri":"","creators":["tz1XeLQHJH7oQJoyd4NvcM5X8MfohMakV5yo"],"formats":[{"uri":"ipfs://QmdZ11kaQvm8z7f36XnFcq4149kM1xVzgfY7C8mudvDkLv","mimeType":"image/gif"}],"thumbnailUri":"ipfs://QmNrhZHUaEqxhyLfqoq1mtHSipkWHeT31LNHb1QEbDHgnc","decimals":0,"isBooleanAmount":false,"shouldPreferSymbol":false}}}