{"result":{"objectId":28092,"ipfsHash":"QmRTTdxex7RD5f9bzJJvXUABn4qGfmEuyYoNfpLzG7UZqD","swaps":[{"swap_id":"37026","issuer":"tz1gGSTJH8ADixZuyxVFwZLoDnZQGvnbr4oL","objkt_amount":"3","xtz_per_objkt":"7000000"}],"token_id":28092,"total_amount":"3","owners":{"KT1Hkg5qeNhfwpKW4fXvq7HGZB9z2EnmCCA9":"3"},"token_info":{"name":"Angel Wing","description":"Audiovisual artwork with music made by artist Moonth","tags":["generative","ambient","calm","generative","touchdesigner","newmedia"],"symbol":"OBJKT","artifactUri":"ipfs://QmTujFgn3jP9pqmF3m5DxxLGVHeGW8rCV75a1WpJQUBVdL","displayUri":"","thumbnailUri":"ipfs://QmNrhZHUaEqxhyLfqoq1mtHSipkWHeT31LNHb1QEbDHgnc","creators":["tz1gGSTJH8ADixZuyxVFwZLoDnZQGvnbr4oL"],"formats":[{"uri":"ipfs://QmTujFgn3jP9pqmF3m5DxxLGVHeGW8rCV75a1WpJQUBVdL","mimeType":"video/mp4"}],"decimals":0,"isBooleanAmount":false,"shouldPreferSymbol":false}}}