{"objectId":"9470","ipfsHash":"QmXEcPUiKpovbKD3ptHpT4pfzFYcFrFjQ4xsAcAbq4YiLV","minter":"tz1KyMb5TpWm3ED8WUbt5xDHVBkDhiQbKk1W","swaps":[{"swap_id":"9470","objkt_id":"9485","amount":"4","xtz_per_objkt":"1000000"}],"token_id":"9470","token_info":{"name":"DOG 'STRAWBERRY'","description":"I am a strawberry.","tags":["PIXELART","DOG","STRAWBERRY","KONOGATARI"],"symbol":"OBJKT","artifactUri":"ipfs://QmTnmy8ZheJiyTxUw9ZhT1eAYdoVd5NHLzCRdgXnD9qFvA","creators":["tz1KyMb5TpWm3ED8WUbt5xDHVBkDhiQbKk1W"],"formats":[{"uri":"ipfs://QmTnmy8ZheJiyTxUw9ZhT1eAYdoVd5NHLzCRdgXnD9qFvA","mimeType":"image/png"}],"thumbnailUri":"ipfs://QmNrhZHUaEqxhyLfqoq1mtHSipkWHeT31LNHb1QEbDHgnc","decimals":0,"isBooleanAmount":false,"shouldPreferSymbol":false}}