{"result":{"objectId":19059,"ipfsHash":"QmUYRLYUHhxGP6jKZeWy3wBRqbGRARAfJCbCrrJbLEguwJ","swaps":[],"token_id":19059,"total_amount":10000,"owners":{"tz1MoHS72xDMarrEG4y33UFmqPs4uzzARnry":"1","tz1hD7VdzRpWG3nmYpCyW2gNc8mQNs3TCgxu":"4","tz28Ut52pmMyvFkFd83brYodwgB1UPw6MNUa":"1","tz28d99brERWWQbjafcQHYiLBRksk5RVQejR":"3","tz2957AcdW3xj2AG2Vw7E2JLpmMu9PEGpYhK":"1","tz29FNDLBcMLpz5ZE8PM8x5pkWfZ2bnLYBLh":"1","tz29KctMPZuVGnxFvi2dbtYRt776FA7bFm8b":"1","tz29WDSoyEgQgNNqw7NLLNvsJxQVnxWuAzz7":"4","tz29kppgFUuB6beyjWeme6vpNRSuNFQj3YFu":"1","tz29xumgmGi9VYvsVVwJG53bW9Kn3UrAhosX":"3","tz2ALu8Jxf2SMgzSZaZEwfiJQbogpUDPStwz":"3","tz2Bpzws4sZFYBwfQ7eNUbhizHzmyPTdqTR4":"1","tz2CKXri3qLEmzHepeQ66Ya4qZq2SpyYahuZ":"1","tz2CViVEHsVsWj1uiPhiCjJcCMQrDwxfJk6V":"9893","tz2D6sYza1ghbxte8firzTwyVi98hpdBnoKj":"1","tz2DhzKvix4cu4DoT1k6CpKK522tC7NuB28R":"1","tz2E4cGRexNFZ1w4vpUUoGtLP5ePEDMosvP9":"1","tz2E7cgULGvNixKRwZaK7GqhRdgFiPkMDiGo":"1","tz2EXWVQ4hisDkifNmGombCgswRdJHZKCZM1":"1","tz2Epe9ih5BxZ8ufAnL5A8wchm4VNeFLWJQK":"3","tz2F7TAvC1jMBnfUZw26rpz5WkwrzWDHKuW7":"1","tz2FU4JnQ31SYxrR7dfmq7wD199KmwFWxzSD":"1","tz2FxhuEVxbHgmZnCcambt9au8btT3WTchVe":"3","tz2G5z6zePnhp7m5JcsHe9X9A4EmprimsEd4":"3","tz2GKkEHWawc9C3PL2dLBJTxFV3jQtYJNfM2":"3","tz2Gfu9C56cFY4ef1mbsxkHNcQqm8f8Pp3ew":"1","tz2Gg25ywMuJw5UWv1gTi5CYbaWvLUbHThiC":"1","tz2Gm8HmSyGUZVcCSNi29mbpFwnyFiA5YXLT":"1","tz2GxBsFrSbBUYJaByTS8agtqmiQHdKz6yhk":"1","tz2H21wDMLHDJ4jcJwPr8cmhFatSv276Jama":"1","tz2H4X3uCbkVcWzBwAvqCmeGzUNZ53CzBLc7":"1","tz2H7rPMda4uTEcGfcar227R1ozdRLtyx8fD":"3","tz2HGysnSAQAetSyFYCa7SoH6XXVwbVqMHnM":"1","tz2HdbFWnzRZ7B9fM2xZCYdZv8rM5frGKDCo":"1","tz2Hpq5CNUHGYSpz1pjPRXgwskra4Xg4FMq9":"1","tz2J5VbTiwAfwTwyDUkgiPsTUB3aEhxt3PTD":"1","tz2JLeUYeS6wd1z2NPrZeFerv5Z1UYTDjKQV":"1","tz2KQ21bSUEYeFparVM1DJvAeXjwY8Zq7Xnp":"1","tz2LYELYe16viwVBaRjZc8GsauKRsxTGPvB1":"1","tz2LuYAUynx5CTGqtZ7WDcx4HwPi1zsYMBU8":"1","tz2MRhfAKUyNZDKH8XBzmXyCwd2h5ySbgZJJ":"4","tz2Mo8yNjbctTA6sHVBcSbB6XsR9D6YP46r5":"1","tz2NN2wHZXuSRDCsCBiiMVS1GBpv7xiDUmgV":"4","tz2NXn1uhqMbfwSJ3w2Q6ymrPQkF45BxPu9L":"3","tz2Nf8m4huH33oPmrHaZRQGk7ohYwPjEkH4V":"1","tz2NiEJa8qiWaZir2fB7Q1AcCcw5RzoywZLE":"1","tz2NiT7RcXB3KiquAbRmJgfXri33TKqDC7kB":"1","tz2PUBCC4KVk2M7bbgZzJA2e8E7pbfVP7inT":"1","tz2PVpxUJ7HxT6LmB3uNZB2PT3RUDVLbRAWW":"1","tz2PpTrqCYUHfgHSMkBVRyATaFuzyTNLWeNp":"1","tz2PsPRLTf3NPp43MqnHvWz1Q2URYQtisxs2":"3","tz2QBggikQp6AjBeGX5WkbHC69KcQdBSvUy6":"1","tz2QFcjymuoPxdRfpvyNR9bzcM2TcQJE2ZJA":"1","tz2RTqYzmfhGhamMkXojVfNuQaUbE2mwXZ8Q":"3","tz2STP22NcPHozyuG3cW2PwqzVNyvyihnKxP":"1","tz2SVNGk9ssVoK2Kg1xaZdCnVWfgCm2FfZyS":"1","tz2TKWXrsZcofW6eCrJXnSj6Ac68gKMjXgcK":"1","tz2TkMUby3atkrVo4fTMkuBrjryES5qPP6jq":"1","tz2TsQvPCy5WCxk2tfmbTQziGgnd13q7fEXZ":"1","tz2UnPpvWtKNxdsNFSD1ayqvnmUwxtq3D2ai":"1","tz2UvEMSqhXeREANCQvhgHSpN2Lc4LEuKR6V":"3","tz2VCuFqeecy9nhbwvQjQWHzFRocRNXxV99F":"1","tz2VJBDjAESEJVPZ24YaMV5rW6MzJmTMUZWg":"1","tz2W3hPrzFLNH3gEU7Fr3CcjJkssRDUse2fN":"1","tz2WkWQA4QyEebSyBs6M7JT4CiCXtHwS78C4":"3","tz2XHh71fEVGvUYmsAcjkw58EbCrQA2hpahy":"1","tz2XJ7add9u2wAdSLb4UrXa8gvho4Vi8JRA8":"1","tz2XVNZHDJR9J2TbtSpjyjpLm14p7dp3BGVs":"3"},"token_info":{"name":"Beavers!","description":"Bearish Beavers","tags":[""],"symbol":"OBJKT","artifactUri":"ipfs://QmQ9Xb6WRasUE3Av2BsiH2e1sCM8cPfZTzpRiBvG6CMzPk","displayUri":"","creators":["tz1LZcYyuk4wZTvLGRTvvqVgi3MSQ7Vp5w9N"],"formats":[{"uri":"ipfs://QmQ9Xb6WRasUE3Av2BsiH2e1sCM8cPfZTzpRiBvG6CMzPk","mimeType":"image/jpeg"}],"thumbnailUri":"ipfs://QmNrhZHUaEqxhyLfqoq1mtHSipkWHeT31LNHb1QEbDHgnc","decimals":0,"isBooleanAmount":false,"shouldPreferSymbol":false}}}