{"objectId":"10278","ipfsHash":"QmcqQoCiUkm6N6xvHvDrtmJfgN3fKQC6H1fei1Tk7CodLa","minter":"tz1QWFRpbN4rA8vABvxPAREtuffu6F1VKFTB","swaps":[],"token_id":"10278","token_info":{"name":"Hexagon clock I :: Pink/Grey/Turquoise","description":"Just look at the time! Where's it hexagon?!","tags":["JS","clock","SVG"],"symbol":"OBJKT","artifactUri":"ipfs://QmXcWLMDRVP2LAyn5BcNwKh5dV7w1GoqAotdz5NyjX4rcv","creators":["tz1QWFRpbN4rA8vABvxPAREtuffu6F1VKFTB"],"formats":[{"uri":"ipfs://QmXcWLMDRVP2LAyn5BcNwKh5dV7w1GoqAotdz5NyjX4rcv","mimeType":"image/svg+xml"}],"thumbnailUri":"ipfs://QmNrhZHUaEqxhyLfqoq1mtHSipkWHeT31LNHb1QEbDHgnc","decimals":0,"isBooleanAmount":false,"shouldPreferSymbol":false}}