{"result":{"objectId":25566,"ipfsHash":"QmP1hKXjNg8AfqZV3QuSLaKH5Zy59C47Tx24zU3E5Ea7q7","swaps":[{"swap_id":"32271","issuer":"tz1P4mszuU2TKQfhQnpK1ZnwXM3pEZSqnf1p","objkt_amount":"78","xtz_per_objkt":"500000"}],"token_id":25566,"total_amount":100,"owners":{"KT1Hkg5qeNhfwpKW4fXvq7HGZB9z2EnmCCA9":"78","tz1P4mszuU2TKQfhQnpK1ZnwXM3pEZSqnf1p":"18","tz1Up2nmJXyjKV7HFk2hrHzGcRRe5y5SphiQ":"1","tz1cth5a1Q4cRT7UVZJPaYttPUu5YKAnwT5N":"1","tz1fQtjHnwCtAGYp1tikz5u5dcS8PR81kZ58":"1","tz1gez3dFmyYCgyw8PnZ2UJbW7utysomtAHo":"1"},"token_info":{"name":"Why buy a jpg i can just save it to my computer NFTs are stupid","description":"Really strong argument on how NFTs are likely a scam","tags":["meme","gif","glitch","internet","scam","vapor"],"symbol":"OBJKT","artifactUri":"ipfs://Qmdayqj1rZrkX1b3e8XryvcR2KCpDMADyz1cQgkdQZtV95","displayUri":"","creators":["tz1P4mszuU2TKQfhQnpK1ZnwXM3pEZSqnf1p"],"formats":[{"uri":"ipfs://Qmdayqj1rZrkX1b3e8XryvcR2KCpDMADyz1cQgkdQZtV95","mimeType":"image/gif"}],"thumbnailUri":"ipfs://QmNrhZHUaEqxhyLfqoq1mtHSipkWHeT31LNHb1QEbDHgnc","decimals":0,"isBooleanAmount":false,"shouldPreferSymbol":false}}}