{"objectId":"957","ipfsHash":"QmSvQrEqNQ3WKFTDGXKuAbPBAaxDPeT6QPawnUBJFaTh6g","minter":"tz1iyFi4WjSttoja7Vi1EJYMEKKSebQyMkF9","swaps":[],"token_id":"957","token_info":{"name":"Why Am I Bleeding?","description":"Original Painting By Adam Eivy","tags":[],"symbol":"OBJKT","artifactUri":"ipfs://QmNmvZrbYwmnVP4zvV8Cmx5Sp6yLqkrW2Du1SoNdqJCiwD","creators":["tz1iyFi4WjSttoja7Vi1EJYMEKKSebQyMkF9"],"formats":[{"uri":"ipfs://QmNmvZrbYwmnVP4zvV8Cmx5Sp6yLqkrW2Du1SoNdqJCiwD","mimeType":"image/jpeg"}],"thumbnailUri":"ipfs://QmNrhZHUaEqxhyLfqoq1mtHSipkWHeT31LNHb1QEbDHgnc","decimals":0,"isBooleanAmount":false,"shouldPreferSymbol":false}}