{"result":{"objectId":30226,"ipfsHash":"QmeCfNf7GCvtNBB6xjomKdfDd9AKao3HtJxrDEd9sK2HW8","swaps":[{"swap_id":"40989","issuer":"tz1NWWVGtLTC88EPFiRrvMrGzqTcXxYE3UNv","objkt_amount":"1","xtz_per_objkt":"1618000"}],"token_id":30226,"total_amount":3,"owners":{"KT1Hkg5qeNhfwpKW4fXvq7HGZB9z2EnmCCA9":"1","tz1NWWVGtLTC88EPFiRrvMrGzqTcXxYE3UNv":"2"},"token_info":{"name":"RGB Laser Diffraction","description":"Simple composite photo of three laser beams diffracted by vitreous objects and projected in a darkened room. PNG, 1920x1920px.","tags":["laser","photo","rgb","dark","opticaleffect","diffraction"],"symbol":"OBJKT","artifactUri":"ipfs://Qmf86t8n5th3YEYzyZLZaseuwVAGF5aCrYdX6Dp4C43dEo","displayUri":"","thumbnailUri":"ipfs://QmNrhZHUaEqxhyLfqoq1mtHSipkWHeT31LNHb1QEbDHgnc","creators":["tz1NWWVGtLTC88EPFiRrvMrGzqTcXxYE3UNv"],"formats":[{"uri":"ipfs://Qmf86t8n5th3YEYzyZLZaseuwVAGF5aCrYdX6Dp4C43dEo","mimeType":"image/png"}],"decimals":0,"isBooleanAmount":false,"shouldPreferSymbol":false}}}