{"result":{"objectId":23666,"ipfsHash":"QmNuMK8s324SXd8EGU1JnyJEbUpUtsbkQAzRquZsWGpa4X","swaps":[],"token_id":23666,"total_amount":"1","owners":{"tz2UZdhySg9evy3aPcbjDWvi8tXUdPBW4hDF":"1"},"token_info":{"name":"Life Drawing - Geometry - 04.04.2021","description":"Drawn from a 5-minute pose in a life drawing session using iPad Procreate. Only one copy minted.","tags":["art","lifedrawing"],"symbol":"OBJKT","artifactUri":"ipfs://QmdX3tqfQqkZKUxCvYYcpYFu7iXZ4yAaKYSLx9EuBamkre","displayUri":"","creators":["tz1Xh1J9JRQqh37HB2C1eFtjFpf21vXsBaMu"],"formats":[{"uri":"ipfs://QmdX3tqfQqkZKUxCvYYcpYFu7iXZ4yAaKYSLx9EuBamkre","mimeType":"image/png"}],"thumbnailUri":"ipfs://QmNrhZHUaEqxhyLfqoq1mtHSipkWHeT31LNHb1QEbDHgnc","decimals":0,"isBooleanAmount":false,"shouldPreferSymbol":false}}}