{"objectId":"5453","ipfsHash":"QmTJrtsqvwskMUZaYeksV7Je7cFzDt8riGEYVmsnh9MeSa","minter":"tz1gNKnwjUNRKa9RK9dTs6VjhCsnfFw2Gm65","swaps":[],"token_id":"5453","token_info":{"name":"Seaside","description":"","tags":[""],"symbol":"OBJKT","artifactUri":"ipfs://QmRCZC7wXQtkp8G18K54tHvRsEKSrYk9xXqy3xCfHC9Tgo","creators":["tz1gNKnwjUNRKa9RK9dTs6VjhCsnfFw2Gm65"],"formats":[{"uri":"ipfs://QmRCZC7wXQtkp8G18K54tHvRsEKSrYk9xXqy3xCfHC9Tgo","mimeType":"image/jpeg"}],"thumbnailUri":"ipfs://QmNrhZHUaEqxhyLfqoq1mtHSipkWHeT31LNHb1QEbDHgnc","decimals":0,"isBooleanAmount":false,"shouldPreferSymbol":false}}