{"result":{"objectId":24377,"ipfsHash":"QmYs7v9NhsJR9eVs8ET2FtCz1n5TQwyZgptTmwnY2krxUT","swaps":[{"swap_id":"30050","issuer":"tz1fzYXXbFXr2sttbngRPWj3XCKzNxm8fduj","objkt_amount":"3","xtz_per_objkt":"2000000"}],"token_id":24377,"total_amount":10,"owners":{"KT1Hkg5qeNhfwpKW4fXvq7HGZB9z2EnmCCA9":"3","tz1LwY9B47RjxyzfQu3hi3ruJV3EA1CZcHeV":"1","tz1UAYfFWmaTrQTYMptaGCw6LrXK5Yv84VnQ":"1","tz1fCW9QFdfpptUfAQ3Dz7W39GjYm3tWormF":"1","tz1fUZ5pMP1gUjuJsp5V631cXmA87Kxm3cuZ":"1","tz2Hz4TVJZjoQVks4SfWgt38RfZTmrHmVH62":"1","tz2PsPRLTf3NPp43MqnHvWz1Q2URYQtisxs2":"1","tz2UZdhySg9evy3aPcbjDWvi8tXUdPBW4hDF":"1"},"token_info":{"name":"CryptoClay #002","description":"A portrait collection of 128 clay actors","tags":["#clay#stopmotion#handmade"],"symbol":"OBJKT","artifactUri":"ipfs://QmXm3GNWbnxhXy9hysopb8Mo49d7U3oTwFWppPwoKRPnvv","displayUri":"","creators":["tz1fzYXXbFXr2sttbngRPWj3XCKzNxm8fduj"],"formats":[{"uri":"ipfs://QmXm3GNWbnxhXy9hysopb8Mo49d7U3oTwFWppPwoKRPnvv","mimeType":"image/jpeg"}],"thumbnailUri":"ipfs://QmNrhZHUaEqxhyLfqoq1mtHSipkWHeT31LNHb1QEbDHgnc","decimals":0,"isBooleanAmount":false,"shouldPreferSymbol":false}}}