{"objectId":"6443","ipfsHash":"QmTW3uy2cYMsNQeNPhF5wbFtNYvrwpg3kdcRVvAdNKyZRo","minter":"tz1TA2GsoJmC6G57DZfMw9cj5Z8ztviGBzU7","swaps":[{"swap_id":"6443","objkt_id":"6073","amount":"1","xtz_per_objkt":"15000000"}],"token_id":"6443","token_info":{"name":"Untitled","description":"Random Pattern","tags":["Pattern","Code","Random","Color"],"symbol":"OBJKT","artifactUri":"ipfs://QmY74QX8EQCxA2zCeFWYDCm5WY6WyZvRevPFGAjCdAyoYU","creators":["tz1TA2GsoJmC6G57DZfMw9cj5Z8ztviGBzU7"],"formats":[{"uri":"ipfs://QmY74QX8EQCxA2zCeFWYDCm5WY6WyZvRevPFGAjCdAyoYU","mimeType":"video/mp4"}],"thumbnailUri":"ipfs://QmNrhZHUaEqxhyLfqoq1mtHSipkWHeT31LNHb1QEbDHgnc","decimals":0,"isBooleanAmount":false,"shouldPreferSymbol":false}}