{"objectId":"11486","ipfsHash":"Qmb1EvfiYXqSjaYA9Yg3BexQLyMuR3AynhXqY43Ff48N1v","minter":"tz1dwdnBikFY2v3vYzFe7PTUFdA5mauTz3by","swaps":[{"swap_id":"11486","objkt_id":"11470","amount":"1","xtz_per_objkt":"4000000"}],"token_id":"11486","token_info":{"name":"1x1 White Pixel","description":"@GAwesomeBE - Just a 1x1 white pixel. Nothing more nothing less.","tags":["vecsei","1x1","white","pixel","white-pixel","nothing-more-nothing-less","single-pixel"],"symbol":"OBJKT","artifactUri":"ipfs://QmQR53JQMVBdGfZ4pChKqGGuEfRWijqQSmY3cwEcJBbFCx","creators":["tz1dwdnBikFY2v3vYzFe7PTUFdA5mauTz3by"],"formats":[{"uri":"ipfs://QmQR53JQMVBdGfZ4pChKqGGuEfRWijqQSmY3cwEcJBbFCx","mimeType":"image/png"}],"thumbnailUri":"ipfs://QmNrhZHUaEqxhyLfqoq1mtHSipkWHeT31LNHb1QEbDHgnc","decimals":0,"isBooleanAmount":false,"shouldPreferSymbol":false}}