{"result":{"objectId":17155,"ipfsHash":"QmVRGcmYCNZv7BH53QUXxEuMbxZ7z8fcjAjpbBoc5ezJ5P","swaps":[],"token_id":17155,"total_amount":"197","owners":{"tz1burnburnburnburnburnburnburjAYjjX":"197"},"token_info":{"name":"Mini Fabric Comics. Heroes Collection. [Card04]","description":"This cryptoart is part of a series with differents mini comic cartoons cards. Complete your collection.","tags":["#NFTART","#HERO","#HULK","#CARTOONS","#TEZOS","#NFT","#CRYPTOART","#COMICS"],"symbol":"OBJKT","artifactUri":"ipfs://QmZ3WzNT5KrhKdQThvzT69WYi1qmkWVpdMm8qXPD5GHVsD","displayUri":"","creators":["tz1SJwZAowPiZSqz84BShWsijXP9T6uziMrM"],"formats":[{"uri":"ipfs://QmZ3WzNT5KrhKdQThvzT69WYi1qmkWVpdMm8qXPD5GHVsD","mimeType":"video/mp4"}],"thumbnailUri":"ipfs://QmNrhZHUaEqxhyLfqoq1mtHSipkWHeT31LNHb1QEbDHgnc","decimals":0,"isBooleanAmount":false,"shouldPreferSymbol":false}}}