{"result":{"objectId":24265,"ipfsHash":"QmdkmNB9XWkruJi1fVbYfZB4nHuqr6sxBs3MPNBdzRbmS7","swaps":[{"swap_id":"29884","issuer":"tz1e47gtbq3capDJixNXvNGeZFJtvGvEaqDv","objkt_amount":"2","xtz_per_objkt":"500000"}],"token_id":24265,"total_amount":5,"owners":{"KT1Hkg5qeNhfwpKW4fXvq7HGZB9z2EnmCCA9":"2","tz1e47gtbq3capDJixNXvNGeZFJtvGvEaqDv":"2","tz2TAG35KHW9Ae4qqwUnutTtu33jritXcoyZ":"1"},"token_info":{"name":"Infinity Swirl","description":"Abstract","tags":["Abstract","Shaike","Art","IamArt"],"symbol":"OBJKT","artifactUri":"ipfs://Qmcc4ZCKAHetAPsM4MrdYPsEx4JdgU9syFq2CCWz2yjaz1","displayUri":"","creators":["tz1e47gtbq3capDJixNXvNGeZFJtvGvEaqDv"],"formats":[{"uri":"ipfs://Qmcc4ZCKAHetAPsM4MrdYPsEx4JdgU9syFq2CCWz2yjaz1","mimeType":"image/jpeg"}],"thumbnailUri":"ipfs://QmNrhZHUaEqxhyLfqoq1mtHSipkWHeT31LNHb1QEbDHgnc","decimals":0,"isBooleanAmount":false,"shouldPreferSymbol":false}}}