{"result":{"objectId":17856,"ipfsHash":"QmY4Q94RWzo6utycfR4s6VLX4mUV2EnWVKezUW9A5EvxZC","swaps":[],"token_id":17856,"total_amount":"1","owners":{"tz1PLUAH1zhTYPHH8DdJ1hCe63bSymyJjF6h":"1"},"token_info":{"name":"TezDonut #27 (Grape)","description":"One of the 99 donuts from TezDonutCollection by FUX (@Fearof_SALD)","tags":["TezDonut"],"symbol":"OBJKT","artifactUri":"ipfs://QmRdgQbAQSZeUo44qC9WLPrRAvGQJxtfE9cHPY6aFBDfPq","displayUri":"","creators":["tz2DwheXFyyXs3CkruSpkkEnqYb7yWkhnneC"],"formats":[{"uri":"ipfs://QmRdgQbAQSZeUo44qC9WLPrRAvGQJxtfE9cHPY6aFBDfPq","mimeType":"image/gif"}],"thumbnailUri":"ipfs://QmNrhZHUaEqxhyLfqoq1mtHSipkWHeT31LNHb1QEbDHgnc","decimals":0,"isBooleanAmount":false,"shouldPreferSymbol":false}}}