{"result":{"objectId":18998,"ipfsHash":"Qmb25VwTtGyAD7U8LS5AjzEVQULY8MmSN3K67Lvhkn3Qgm","swaps":[{"swap_id":"21214","issuer":"tz1WJpBDRGfa21un4yQDKTGXZw561nsGg7Qe","objkt_amount":"3","xtz_per_objkt":"4000000"}],"token_id":18998,"total_amount":"3","owners":{"KT1Hkg5qeNhfwpKW4fXvq7HGZB9z2EnmCCA9":"3"},"token_info":{"name":"våren i københavn","description":"springtime flower in copenhagen, denmark. colour series green 3/3","tags":["photography","curated","lifetime","travel","art","artist","colours","color","series","photographer","learning","green","denmark","danmark","copenhagen","travel","spring.time","grass"],"symbol":"OBJKT","artifactUri":"ipfs://QmNtyRcwK2V2Mq7sbgZw5Qmey7v9VPcR6zJHRprhjgwqVT","displayUri":"","creators":["tz1Q3W9U6wbsNd3teTCQhpYNHKUEC4YH3jyZ"],"formats":[{"uri":"ipfs://QmNtyRcwK2V2Mq7sbgZw5Qmey7v9VPcR6zJHRprhjgwqVT","mimeType":"image/jpeg"}],"thumbnailUri":"ipfs://QmNrhZHUaEqxhyLfqoq1mtHSipkWHeT31LNHb1QEbDHgnc","decimals":0,"isBooleanAmount":false,"shouldPreferSymbol":false}}}