{"result":{"objectId":27625,"ipfsHash":"Qmc9cNtSgyUZeZv4mezwgMBcsuL97zjmrD5XDxnYMwpMw3","swaps":[{"swap_id":"38975","issuer":"tz2TjNbYAhXWC2nzRJxqoAeqmwhh8r1dRFzv","objkt_amount":"1","xtz_per_objkt":"20000000"},{"swap_id":"40120","issuer":"tz1WXvKRJ5PUyJdHvoSwNsHYateEeyMk5Z6L","objkt_amount":"1","xtz_per_objkt":"20000000"},{"swap_id":"41282","issuer":"tz2R5HKksKhdN93jsKqgeweDf4ws3qB89r6H","objkt_amount":"1","xtz_per_objkt":"1000000"},{"swap_id":"42373","issuer":"tz2WKRK3i3zBjX8aAyFn3FVWmYDAHFudQgh2","objkt_amount":"1","xtz_per_objkt":"400000"}],"token_id":27625,"total_amount":100,"owners":{"KT1Hkg5qeNhfwpKW4fXvq7HGZB9z2EnmCCA9":"4","tz1KojLMYHQZW9BCS6skDYV9BSaYh3hk3aKJ":"1","tz1KyczCGKimsZEvvT8PAAWgpmyRkxBZUZJT":"1","tz1LGa2ePYGgWuxKF9z4Ps341N1M4xuUm6Nb":"1","tz1LLSwj6gGNX1eFHAvnt4tkC8WQryeRBpPW":"2","tz1MCi2heQtHqfHMttiWSZUgL1sVUbdEzZpH":"2","tz1MfxyKqCihhSAcP6Foqfd3dY1LQSPKGf17":"1","tz1MrfUXBCvxcqhJzU973PBRobAXAKMo9eyA":"1","tz1Pu8zRmNghAHzWxsT9Cy2qXHxkCrHcB3vc":"1","tz1QRXxx7R8fAnCESAkDWzShRYkmPJnUztYU":"1","tz1QsAEFCkNnkHt3TsWdTyQbszby7w5kUCMx":"1","tz1S6hgVFV7frVPvsQa5S99QZB2VmUgQGJES":"1","tz1TG9d5ACUTVsyASTP2yi412VbW8hf2HUV6":"2","tz1TvzpZnC1WM4nZJuc9WW7YFP7tnETzCVpu":"1","tz1UrDEtGctXGYn3f2pnqRgnVe27FdFMPXWX":"1","tz1Vkoqo2ZQsVXBniYJDfX6F2NMfH5RoEuGn":"1","tz1WAoPTMuXwCZ4eeVXUc6Tx4gdwHUYgSnMX":"1","tz1X9JDjS9De8UZtyKAM5VNX435ZASX4JahZ":"1","tz1XtkVwKTHmJGYrKrJsPJMvyobf1o83tUwW":"1","tz1YNUNArBDYWu8evZj73HR9vE6y5FQkaj5M":"9","tz1ZjRqWghjKJuTgaCJTDn22E87hZUbfE2tu":"1","tz1a1PwG4xYe8EpD2EGCWnfaFKt3xmkUT4Vj":"1","tz1a7by2HMBv9QA8WT3t5fhu3E4XPofzcukg":"1","tz1amFSYicyGmXq4xLRnCRYUKfouHdzVWFGV":"1","tz1bxe2Tp3EqWZqZX5Kvmg9MxTmX8LBiUchk":"1","tz1dbEYErcKFf2oKzrsVSJ5j7FXFP3Ge2uMY":"2","tz1dfpCnRnjJLvbrnZBHpr7ndJVQmMKohy9X":"1","tz1fCW9QFdfpptUfAQ3Dz7W39GjYm3tWormF":"1","tz1fCneWVBD13jV3Tuz2KjyfXb7BLzxM4wz9":"1","tz1fJVFShdoNHeSm13tx2WZSL5jWMtaQxfDF":"1","tz1hM6Pz2e5vJbd1YYkYHcj5RL7tXhcn59Xr":"1","tz1iZ9yHJzgvC4oBvHsrNmtL8GHPqtwqshAi":"1","tz1isUkFmwZvUqrBPLnfTn9hVqMcNzKCdCp3":"1","tz2HjaGttSfPt2pvpd8ZTcdB5V2MkwgVTuJ5":"1","tz2LCAZfxijTE5KCeRpFWaJNbRuzE5KLLprQ":"1","tz2R5HKksKhdN93jsKqgeweDf4ws3qB89r6H":"49","tz2VG86MBg1rwqXmwj4yXTLNJJarVoUEUKiE":"1"},"token_info":{"name":"Hicetnunc Glyph Board","description":"Artist: Griz Goddard / @grizgb","tags":["conceptual","minimal","hicetnunc"],"symbol":"OBJKT","artifactUri":"ipfs://QmWScY7B2JEouLbbcAef4wBctikS4TMUcv4eKShgGnqeaN","displayUri":"","creators":["tz2R5HKksKhdN93jsKqgeweDf4ws3qB89r6H"],"formats":[{"uri":"ipfs://QmWScY7B2JEouLbbcAef4wBctikS4TMUcv4eKShgGnqeaN","mimeType":"image/png"}],"thumbnailUri":"ipfs://QmNrhZHUaEqxhyLfqoq1mtHSipkWHeT31LNHb1QEbDHgnc","decimals":0,"isBooleanAmount":false,"shouldPreferSymbol":false}}}