{"result":{"objectId":28883,"ipfsHash":"QmShw3LQWqL8acA6b7spCErAFwfFAq5RAK1BxuyREWXFiH","swaps":[{"swap_id":"38504","issuer":"tz1WDJV8EC2WRegrn2W6A68RmZLyfZP8tzwJ","objkt_amount":"1","xtz_per_objkt":"30000000"}],"token_id":28883,"total_amount":"1","owners":{"KT1Hkg5qeNhfwpKW4fXvq7HGZB9z2EnmCCA9":"1"},"token_info":{"name":"Rome, Interpolation Body #2 (2021)","description":"This is a single edition in a series of 20 digital images of interpolation bodies created using a GAN model of all building footprints in Rome. Format: Digital png image, 3000 x 4000 pixels. @erikswahn","tags":["CRYPTOARCHITECTURE","ARCHITECTURE","GAN","MESH","SCULPTURE"],"symbol":"OBJKT","artifactUri":"ipfs://QmSe5bKkN5e14ocJ3WDaHcJ7jeCfYaqrzLE3VpRDhtWHUc","displayUri":"","thumbnailUri":"ipfs://QmNrhZHUaEqxhyLfqoq1mtHSipkWHeT31LNHb1QEbDHgnc","creators":["tz1WDJV8EC2WRegrn2W6A68RmZLyfZP8tzwJ"],"formats":[{"uri":"ipfs://QmSe5bKkN5e14ocJ3WDaHcJ7jeCfYaqrzLE3VpRDhtWHUc","mimeType":"image/png"}],"decimals":0,"isBooleanAmount":false,"shouldPreferSymbol":false}}}