{"objectId":"4242","ipfsHash":"QmNfbfwvoDLrwadBHiRFH8VuwsadrZc3WTSA1FYVpDWmQF","minter":"tz1PQ2coxEG2ThYveJPe61ntw2S7WMy4pN3g","swaps":[],"token_id":"4242","token_info":{"name":"Amigo Punk","description":"Inspirado na musica Amigo Punk - Graforréia Xilarmônica    //    https://www.instagram.com/gab_mojo/","tags":["Ilustraçãodigital"],"symbol":"OBJKT","artifactUri":"ipfs://QmYh9jibMN3UwwfxwkhRWxn1qhCsEFVmc5LvwrciSskQoj","creators":["tz1PQ2coxEG2ThYveJPe61ntw2S7WMy4pN3g"],"formats":[{"uri":"ipfs://QmYh9jibMN3UwwfxwkhRWxn1qhCsEFVmc5LvwrciSskQoj","mimeType":"image/jpeg"}],"thumbnailUri":"ipfs://QmNrhZHUaEqxhyLfqoq1mtHSipkWHeT31LNHb1QEbDHgnc","decimals":0,"isBooleanAmount":false,"shouldPreferSymbol":false}}