{"result":{"objectId":24727,"ipfsHash":"Qmc8JN2DryuevmBZpdNW5C1qbgM8W7ZLar6NVTmmdXmorG","swaps":[],"token_id":24727,"total_amount":"1","owners":{"tz1burnburnburnburnburnburnburjAYjjX":"1"},"token_info":{"name":"Wallet Constellation - 7","description":"A constellation based on a specific wallet address. This is the constellation of tz1Pv3MLA2iaRH2QmfzcofEf8HfJDZB64T6p.","tags":["HTML","INTERACTIVE","GENERATIVE","3D","ANIMATION"],"symbol":"OBJKT","artifactUri":"ipfs://QmZbwKgm1ajvt7DBjJBicXUpeZCPh15MG8ZEELt4JEPQqa","displayUri":"","creators":["tz1fUmgqttdH9eJ17FRdyeTSZ7eLBDajRN1Q"],"formats":[{"uri":"ipfs://QmZbwKgm1ajvt7DBjJBicXUpeZCPh15MG8ZEELt4JEPQqa","mimeType":"application/x-directory"}],"thumbnailUri":"ipfs://QmNrhZHUaEqxhyLfqoq1mtHSipkWHeT31LNHb1QEbDHgnc","decimals":0,"isBooleanAmount":false,"shouldPreferSymbol":false}}}