{"result":{"objectId":28753,"ipfsHash":"QmR5RWnEcFkM2XoPm4QcWBeCxBdPtfuKfCGrW7mq2Qyg7Z","swaps":[{"swap_id":"38268","issuer":"tz1QfBC68HuuJSDA9yJWoWCbF8RoqtW1joDC","objkt_amount":"20","xtz_per_objkt":"1000000"}],"token_id":28753,"total_amount":50,"owners":{"KT1Hkg5qeNhfwpKW4fXvq7HGZB9z2EnmCCA9":"20","tz1QfBC68HuuJSDA9yJWoWCbF8RoqtW1joDC":"30"},"token_info":{"name":"Lost In Whispers","description":"Part of The Recursive Series a collection of digital arts inspired by the illustrations of the artist M.C.Escher and mystery noire TV shows from the early 20th century. A bizarre and surprising universe created using recursive algorithms in old photos and movie frames, generating a contemporary look from the past.  Artist: Luiz André Gama  Artist Official Website: www.luizandregama.com  Date of Creation: 2018  Size: 2390x2970px","tags":["recursion","recursive","Vuoflow","Noire","bizarre","blackandwhite","digitalart","dark","surreal","horror"],"symbol":"OBJKT","artifactUri":"ipfs://QmNRiE99DHk5UJWbpGnfvoWL3K7fhrqKDw2cdM7W4KdH8s","displayUri":"","thumbnailUri":"ipfs://QmNrhZHUaEqxhyLfqoq1mtHSipkWHeT31LNHb1QEbDHgnc","creators":["tz1QfBC68HuuJSDA9yJWoWCbF8RoqtW1joDC"],"formats":[{"uri":"ipfs://QmNRiE99DHk5UJWbpGnfvoWL3K7fhrqKDw2cdM7W4KdH8s","mimeType":"image/png"}],"decimals":0,"isBooleanAmount":false,"shouldPreferSymbol":false}}}