{"result":{"objectId":21572,"ipfsHash":"QmQRZ8iXCyeE8xBRubX6qdAPAJhGZpSvCzh1HiGPyJUdU3","swaps":[{"swap_id":"25069","issuer":"tz1NS4ZXnzYBPJpspW2svbqdjGsgBsGZchzV","objkt_amount":"1","xtz_per_objkt":"400000"}],"token_id":21572,"total_amount":3,"owners":{"KT1Hkg5qeNhfwpKW4fXvq7HGZB9z2EnmCCA9":"1","tz1NS4ZXnzYBPJpspW2svbqdjGsgBsGZchzV":"1","tz1XYkmAHtkZFjZLdWNoL2BTqUws4oD4H1PR":"1"},"token_info":{"name":"alignment","description":"Individuality in the frame","tags":["periwinkle"],"symbol":"OBJKT","artifactUri":"ipfs://Qmf1fmEJRjbxAzYA6kan9nunS2Km2yVRSoWeWvHMkrG2pz","displayUri":"","creators":["tz1NS4ZXnzYBPJpspW2svbqdjGsgBsGZchzV"],"formats":[{"uri":"ipfs://Qmf1fmEJRjbxAzYA6kan9nunS2Km2yVRSoWeWvHMkrG2pz","mimeType":"image/png"}],"thumbnailUri":"ipfs://QmNrhZHUaEqxhyLfqoq1mtHSipkWHeT31LNHb1QEbDHgnc","decimals":0,"isBooleanAmount":false,"shouldPreferSymbol":false}}}