{"objectId":"516","ipfsHash":"QmT1eq142xLEQ47Qe21CTNSymsYvwiazsQJJ12zmZZmBLQ","minter":"tz2FRZpH4XSqCoyHv7cLwp8wvBBBZ6Z1LCeW","swaps":[],"token_id":"516","token_info":{"name":"bitcoin gensis_block","description":"bitcoin gensis_block","tags":[],"symbol":"OBJKT","artifactUri":"ipfs://Qmadpo8sT1LBHdw2REHXAQjgvx8g5bFKb5DdAdSJQB7L3i","creators":["tz2FRZpH4XSqCoyHv7cLwp8wvBBBZ6Z1LCeW"],"formats":[{"uri":"ipfs://Qmadpo8sT1LBHdw2REHXAQjgvx8g5bFKb5DdAdSJQB7L3i","mimeType":"image/jpeg"}],"thumbnailUri":"ipfs://QmNrhZHUaEqxhyLfqoq1mtHSipkWHeT31LNHb1QEbDHgnc","decimals":0,"isBooleanAmount":false,"shouldPreferSymbol":false}}