{"objectId":"13511","ipfsHash":"QmRuUepABgY6WyreRAfiBjijsESdH3JchmeWuXxD4gMJKk","minter":"tz1Kp19QyYUnXuE6cxuXxsfQZbyqv5JtKPku","swaps":[{"swap_id":"13511","objkt_id":"13502","amount":"4","xtz_per_objkt":"6000000"}],"token_id":"13511","token_info":{"name":"Apres","description":"","tags":["painting","colors","lines"],"symbol":"OBJKT","artifactUri":"ipfs://QmYut98PLqV3ZH131ARwzbZAz8XXRvvd3DQwnP1ZTHbhL4","displayUri":null,"creators":["tz1Kp19QyYUnXuE6cxuXxsfQZbyqv5JtKPku"],"formats":[{"uri":"ipfs://QmYut98PLqV3ZH131ARwzbZAz8XXRvvd3DQwnP1ZTHbhL4","mimeType":"image/png"}],"thumbnailUri":"ipfs://QmNrhZHUaEqxhyLfqoq1mtHSipkWHeT31LNHb1QEbDHgnc","decimals":0,"isBooleanAmount":false,"shouldPreferSymbol":false}}