{"objectId":"4887","ipfsHash":"QmbEUjMg6gEwMf5zCKDtC8Rt9amETUyfELrnrUBhUuJ3sC","minter":"tz1Y46PTieC9Hm7nZDdWDr6ycV7X6XbygrBs","swaps":[{"swap_id":"4887","objkt_id":"4880","amount":"98","xtz_per_objkt":"1000000"}],"token_id":"4887","token_info":{"name":"Hai Art","description":"A 4200x4818 drawing of a laughing troll. A partial copy of Ingres. https://twitter.com/benclarkson","tags":["drawing","troll","art","pencil","black","white"],"symbol":"OBJKT","artifactUri":"ipfs://Qmbw8DQXM6ZpDfdxTL8WjG9vBCvDF9RPv5ASu3JoK3PVZS","creators":["tz1Y46PTieC9Hm7nZDdWDr6ycV7X6XbygrBs"],"formats":[{"uri":"ipfs://Qmbw8DQXM6ZpDfdxTL8WjG9vBCvDF9RPv5ASu3JoK3PVZS","mimeType":"image/jpeg"}],"thumbnailUri":"ipfs://QmNrhZHUaEqxhyLfqoq1mtHSipkWHeT31LNHb1QEbDHgnc","decimals":0,"isBooleanAmount":false,"shouldPreferSymbol":false}}