{"result":{"objectId":21067,"ipfsHash":"QmNXdoXdbu69K9xEh3NF8UzUZ7mVGYWnxWTaTswbemz86c","swaps":[{"swap_id":"24224","issuer":"tz1arU7FDwSA1nHKXHepyzPyaqJMDMEtxnfU","objkt_amount":"1","xtz_per_objkt":"1000000"}],"token_id":21067,"total_amount":"1","owners":{"KT1Hkg5qeNhfwpKW4fXvq7HGZB9z2EnmCCA9":"1"},"token_info":{"name":"Ensoñaciones n.8","description":"Anotaciones de sueños justo antes de que se desvanezcan / Dreams noted before they disappear","tags":["sueños","dreams","sueño","dream","malaventura"],"symbol":"OBJKT","artifactUri":"ipfs://QmazNDLq774xxSENUUH582EFriptNLsxzayy7kmPacKiiD","displayUri":"","creators":["tz1arU7FDwSA1nHKXHepyzPyaqJMDMEtxnfU"],"formats":[{"uri":"ipfs://QmazNDLq774xxSENUUH582EFriptNLsxzayy7kmPacKiiD","mimeType":"video/mp4"}],"thumbnailUri":"ipfs://QmNrhZHUaEqxhyLfqoq1mtHSipkWHeT31LNHb1QEbDHgnc","decimals":0,"isBooleanAmount":false,"shouldPreferSymbol":false}}}