{"objectId":"4491","ipfsHash":"QmaJY4v1xBQhEzcqvPeHEZqRKnVAkYoBWMUkqyGi9cMzc4","minter":"tz1UDwFTsdKxJaXuHE9eavD4MUvyAk185wEx","swaps":[{"swap_id":"4491","objkt_id":"4485","amount":"3","xtz_per_objkt":"1000000"}],"token_id":"4491","token_info":{"name":"abstract dreamy aesthetics #33","description":"This is a unique piece from an abstract dreamy aesthetics collection. Total 33 NFT are minted, each in 3 copies.","tags":["aesthetics","abstract","stylegan","artwork","neuralnetwork","machinelearning"],"symbol":"OBJKT","artifactUri":"ipfs://QmPBgybDDqH3NsUCKAt9bRcVAVyxnwqNyY2ywnmycyMmj5","creators":["tz1UDwFTsdKxJaXuHE9eavD4MUvyAk185wEx"],"formats":[{"uri":"ipfs://QmPBgybDDqH3NsUCKAt9bRcVAVyxnwqNyY2ywnmycyMmj5","mimeType":"image/png"}],"thumbnailUri":"ipfs://QmNrhZHUaEqxhyLfqoq1mtHSipkWHeT31LNHb1QEbDHgnc","decimals":0,"isBooleanAmount":false,"shouldPreferSymbol":false}}