{"objectId":"3180","ipfsHash":"QmQ4KNzF8Zn5Ty91KmxbbK6gDLYp8d7UxGY5B9Z3YwtTyL","minter":"tz1cTCRtMscjEyS37TxVq6iV6NDTUQQLHgj1","swaps":[{"swap_id":"3180","objkt_id":"1932","amount":"3","xtz_per_objkt":"5000000"}],"token_id":"3180","token_info":{"name":"Brasília's Skys Series - 05","description":"Digital art by Renato Moll","tags":["Brasilia","Brazil","DigitalArt","Sky","Clouds","Colors"],"symbol":"OBJKT","artifactUri":"ipfs://Qmc6kWuWZk5enKsfexhcX5kFqicgw4SaW3rECq7uBcXQmf","creators":["tz1cTCRtMscjEyS37TxVq6iV6NDTUQQLHgj1"],"formats":[{"uri":"ipfs://Qmc6kWuWZk5enKsfexhcX5kFqicgw4SaW3rECq7uBcXQmf","mimeType":"image/jpeg"}],"thumbnailUri":"ipfs://QmNrhZHUaEqxhyLfqoq1mtHSipkWHeT31LNHb1QEbDHgnc","decimals":0,"isBooleanAmount":false,"shouldPreferSymbol":false}}