{"objectId":"6228","ipfsHash":"QmbT7SgiKTUdXqW3JQ9DjYfn3L7LCFRcHTmzeaWKyXoFvr","minter":"tz1MV2hVfMmYURzmtNvrZ5CCG625Bg2qSLAZ","swaps":[{"swap_id":"6228","objkt_id":"6137","amount":"1","xtz_per_objkt":"4000000"}],"token_id":"6228","token_info":{"name":"Philosophy Blue","description":"A cool colored version of the symbol that represents philosophy to me. There are many positions but only one truth and only one direct path to it from anywhere. ","tags":["philosophy","geometric","blue",""],"symbol":"OBJKT","artifactUri":"ipfs://QmPdXhcyWzwqW17XWq3gnzKDRt9gha7PQf2XWRDnj6We89","creators":["tz1MV2hVfMmYURzmtNvrZ5CCG625Bg2qSLAZ"],"formats":[{"uri":"ipfs://QmPdXhcyWzwqW17XWq3gnzKDRt9gha7PQf2XWRDnj6We89","mimeType":"image/svg+xml"}],"thumbnailUri":"ipfs://QmNrhZHUaEqxhyLfqoq1mtHSipkWHeT31LNHb1QEbDHgnc","decimals":0,"isBooleanAmount":false,"shouldPreferSymbol":false}}