{"objectId":"2683","ipfsHash":"QmbFFJ6yufUD3dpPr2Ux9fEk91DMGaJtNrCkSpkFaP1cUp","minter":"tz1KxKjU9P3TyTvapyxypqmQXVCUPizXEwMU","swaps":[],"token_id":"2683","token_info":{"name":"MIRABELL","description":"Underpinned catalpa bignonia by marble pillar at Mirabellgarten, Salzburg","tags":["mirabell","tree","space","garden","marble","pillar","graffiti","wood","stone","park","salzburg","mozart"],"symbol":"OBJKT","artifactUri":"ipfs://Qmd8LkfvdajYApPiaBWuQJeTUknQpG7CK4mcBft9HTsq27","creators":["tz1KxKjU9P3TyTvapyxypqmQXVCUPizXEwMU"],"formats":[{"uri":"ipfs://Qmd8LkfvdajYApPiaBWuQJeTUknQpG7CK4mcBft9HTsq27","mimeType":"image/jpeg"}],"thumbnailUri":"ipfs://QmNrhZHUaEqxhyLfqoq1mtHSipkWHeT31LNHb1QEbDHgnc","decimals":0,"isBooleanAmount":false,"shouldPreferSymbol":false}}