{"result":{"objectId":28303,"ipfsHash":"Qmcrd6DwdTqF7ACXhVDT6zbFSLFNuHHXqjDtwPdBLsd6TK","swaps":[{"swap_id":"37456","issuer":"tz1NzZB8EdvW5Uppth48tbajc77Uk3iXTmkg","objkt_amount":"1","xtz_per_objkt":"1000000"}],"token_id":28303,"total_amount":5,"owners":{"KT1Hkg5qeNhfwpKW4fXvq7HGZB9z2EnmCCA9":"1","tz1NzZB8EdvW5Uppth48tbajc77Uk3iXTmkg":"2","tz1QYhLWMsToRm22TqkBiKFVJhdy17jyjPp8":"1","tz1Woa7TcGnZhstJSc24GgL8TYY22ncgeoXv":"1"},"token_info":{"name":"meltdown","description":"nr.01 on 'displaced' series","tags":["generative","displacement","creativecoding","processing","surreal","digital","portrait"],"symbol":"OBJKT","artifactUri":"ipfs://QmVb5sxMeQNnK3zjDSTFD9cxWV3de6wa2nTxWyMD3ahtPB","displayUri":"","thumbnailUri":"ipfs://QmNrhZHUaEqxhyLfqoq1mtHSipkWHeT31LNHb1QEbDHgnc","creators":["tz1NzZB8EdvW5Uppth48tbajc77Uk3iXTmkg"],"formats":[{"uri":"ipfs://QmVb5sxMeQNnK3zjDSTFD9cxWV3de6wa2nTxWyMD3ahtPB","mimeType":"video/mp4"}],"decimals":0,"isBooleanAmount":false,"shouldPreferSymbol":false}}}