{"result":{"objectId":19848,"ipfsHash":"QmQnKSDQFeDewSXptxecpUe3KuHxY3g4Ug8DWY3SguqfM9","swaps":[],"token_id":19848,"total_amount":4,"owners":{"tz1QDunNSnWrqwCc78TqzHP86BMNXq1P7Jxb":"1","tz1fCHiWZ3ReGqvhxkMejVzcnXYz1rnsJpow":"1","tz1hb9PiWxQEf6J9xevPsUM6dkuCLnhDMvsp":"1","tz2BzwVtwa2mTbspW1qqdiA2UtctbGntxAGi":"1"},"token_info":{"name":"mmz 2104020214","description":"This “Digital Stitch” is the result of a large number of boundaries being woven. this is something I arrived at during my work on the theme of “worms that can hear music”. So this is the inside of an earthworm. ...Have you ever seen a dancing worm? - Qubibi ( more info bit.ly/3cvGyI4 ) 3181 x 4500px png","tags":["digitalstitch","generative","procedural","algorithm","helloworld","earthworm","musicworm","qubibi"],"symbol":"OBJKT","artifactUri":"ipfs://QmXfweDRw3zCfuKBFsucUR4dPoCJHP2rQpSF4jeW5ber5w","displayUri":"","creators":["tz1hR8HJW8eSpvfCMi2YJD6uc7YkFTnbD1V3"],"formats":[{"uri":"ipfs://QmXfweDRw3zCfuKBFsucUR4dPoCJHP2rQpSF4jeW5ber5w","mimeType":"image/png"}],"thumbnailUri":"ipfs://QmNrhZHUaEqxhyLfqoq1mtHSipkWHeT31LNHb1QEbDHgnc","decimals":0,"isBooleanAmount":false,"shouldPreferSymbol":false}}}