{"objectId":"15703","ipfsHash":"QmSss3R7kD9aSiKAFh2PeCEcMvbLMHawdm6fibhosELF4p","minter":"tz1YCc5xu8yP7m6Tv4apj1CGGdExHNTdMrzQ","swaps":[{"swap_id":"15703","objkt_id":"11838","amount":"1","xtz_per_objkt":"10000000"}],"token_id":"15703","token_info":{"name":"Dreams Come True","description":" Hi Res File 3363x4463px - Ed of 1, never will be mintend again.","tags":["dream","dreams","2D","graffiti","lettering","maestrokant","rap","hiphop","tagging"],"symbol":"OBJKT","artifactUri":"ipfs://QmZ7yZh6Mx4ae4QTkEskufqWkr9KqWfqSTaQXHqs1hb7L2","displayUri":"","creators":["tz1YCc5xu8yP7m6Tv4apj1CGGdExHNTdMrzQ"],"formats":[{"uri":"ipfs://QmZ7yZh6Mx4ae4QTkEskufqWkr9KqWfqSTaQXHqs1hb7L2","mimeType":"image/jpeg"}],"thumbnailUri":"ipfs://QmNrhZHUaEqxhyLfqoq1mtHSipkWHeT31LNHb1QEbDHgnc","decimals":0,"isBooleanAmount":false,"shouldPreferSymbol":false}}