{"objectId":"16656","ipfsHash":"QmYH2pSAxR3vfbMx2ykiwVJrWMx9XosJ2g5B9quqfkAbqu","minter":"tz1QoM6pKsWo92Bsmuw8kEtULJYnEEVqnWKp","swaps":[{"swap_id":"16656","objkt_id":"16086","amount":"10","xtz_per_objkt":"12000000"}],"token_id":"16656","token_info":{"name":"SL","description":"2007 go","tags":["generative","bigdick"],"symbol":"OBJKT","artifactUri":"ipfs://QmTSMd6XqBKNRdvxFzVoB4JY9kCLgD8sj5BAbcvWX1fttd","displayUri":"","creators":["tz1QoM6pKsWo92Bsmuw8kEtULJYnEEVqnWKp"],"formats":[{"uri":"ipfs://QmTSMd6XqBKNRdvxFzVoB4JY9kCLgD8sj5BAbcvWX1fttd","mimeType":"image/gif"}],"thumbnailUri":"ipfs://QmNrhZHUaEqxhyLfqoq1mtHSipkWHeT31LNHb1QEbDHgnc","decimals":0,"isBooleanAmount":false,"shouldPreferSymbol":false}}