{"result":{"objectId":21749,"ipfsHash":"QmeLyTPWUSdZZg6uQmPVatGRrpj2vcYMdzQh1hbBoH7mYr","swaps":[{"swap_id":"34005","issuer":"tz1i7fDupvRU8AWoQgPtqJvKivXnyvuvTLYN","objkt_amount":"1","xtz_per_objkt":"50000000"}],"token_id":21749,"total_amount":50,"owners":{"KT1Hkg5qeNhfwpKW4fXvq7HGZB9z2EnmCCA9":"1","tz1MwgPYtc8uccvYgEH4gixazzLLgayRipze":"1","tz1PNTRdzsoDhqEQMcGn2aURyCpetnjB1uAJ":"1","tz1QpvURES6sBsL6gGh4aeBRtw6ShcAjYj6u":"1","tz1ZidyafG6wNXxpXmMqYSGGBn9qBdqwguoJ":"43","tz1dEF5ZMTnBSkz2ZQPvpJjwyfeUUyGjeMtf":"1","tz1dRwvV7imGaKqMnzeiaTwbDBzXoJa4QF6n":"1","tz1gdfmT4beiaUZ8kPetqVe6e4hab6dfDYmF":"1"},"token_info":{"name":"QUADtree 02","description":"Glitching Madness","tags":["glitch","quadtree","blackandwhite"],"symbol":"OBJKT","artifactUri":"ipfs://QmP9zxmcXFv7U7Sd3SCuqbzxN2LwJEWA3ANc2R43CMFwrD","displayUri":"","creators":["tz1ZidyafG6wNXxpXmMqYSGGBn9qBdqwguoJ"],"formats":[{"uri":"ipfs://QmP9zxmcXFv7U7Sd3SCuqbzxN2LwJEWA3ANc2R43CMFwrD","mimeType":"video/mp4"}],"thumbnailUri":"ipfs://QmNrhZHUaEqxhyLfqoq1mtHSipkWHeT31LNHb1QEbDHgnc","decimals":0,"isBooleanAmount":false,"shouldPreferSymbol":false}}}