{"objectId":"6013","ipfsHash":"QmexKkpuhadAwSQsJbobbvEEF4dh4KxEnqoH1Ke8mdwm6K","minter":"tz1UvaXwFrGuNKsXvJb1HD7ALPqrBEv7CgWB","swaps":[{"swap_id":"6013","objkt_id":"5943","amount":"5","xtz_per_objkt":"40000000"}],"token_id":"6013","token_info":{"name":"Mistice 6/88","description":"M. Toussain - @Mistice3 - www.twitter.com/Mistice3","tags":["comic","illustration"],"symbol":"OBJKT","artifactUri":"ipfs://QmWvy4YVX5ao7Z5cUnxKiWW75VMwAcrJAjkzqk5x28KxP3","creators":["tz1UvaXwFrGuNKsXvJb1HD7ALPqrBEv7CgWB"],"formats":[{"uri":"ipfs://QmWvy4YVX5ao7Z5cUnxKiWW75VMwAcrJAjkzqk5x28KxP3","mimeType":"image/jpeg"}],"thumbnailUri":"ipfs://QmNrhZHUaEqxhyLfqoq1mtHSipkWHeT31LNHb1QEbDHgnc","decimals":0,"isBooleanAmount":false,"shouldPreferSymbol":false}}