{"objectId":"14684","ipfsHash":"QmZ4dxsfBSXK6xMJMpcyU5UyCPU8KL2EEdUg6MR8c3WAyB","minter":"tz1dGiGKB7RdMQ51sQbu4dFePoD283L7DaPU","swaps":[{"swap_id":"14684","objkt_id":"14485","amount":"10","xtz_per_objkt":"5000000"}],"token_id":"14684","token_info":{"name":"Reiki","description":"Created by Menote Cordeiro Instagram: @ mc.nft   (click to activate animation and sound)","tags":["Reiki","Mandala","MenoteCordeiro","NFT","NFTart","CryptoArt","HicetNunc","ecoNFT",""],"symbol":"OBJKT","artifactUri":"ipfs://QmThtwkVSEkpEneZ3gpECSUKc7Zg9V1brMgitdSRPMXZXd","displayUri":null,"creators":["tz1dGiGKB7RdMQ51sQbu4dFePoD283L7DaPU"],"formats":[{"uri":"ipfs://QmThtwkVSEkpEneZ3gpECSUKc7Zg9V1brMgitdSRPMXZXd","mimeType":"video/mp4"}],"thumbnailUri":"ipfs://QmNrhZHUaEqxhyLfqoq1mtHSipkWHeT31LNHb1QEbDHgnc","decimals":0,"isBooleanAmount":false,"shouldPreferSymbol":false}}