{"objectId":"2284","ipfsHash":"QmPp6JCVJ7Cpiji28Pas6ZtivnczyeURhnKK6WSktvFVgH","minter":"tz1hGQXCoiQGTwcrPYdmAFhbPDZnv31igbWR","swaps":[{"swap_id":"2284","objkt_id":"2422","amount":"18","xtz_per_objkt":"4000000"}],"token_id":"2284","token_info":{"name":"Sail at sea","description":"40х50cm oil on canvas","tags":["#sea","#oil","#picture","#zhannata_art"],"symbol":"OBJKT","artifactUri":"ipfs://QmWUu7Qb3xC3fzxN45vYjBbmUujTsdPEEd1moPq11h6NNx","creators":["tz1hGQXCoiQGTwcrPYdmAFhbPDZnv31igbWR"],"formats":[{"uri":"ipfs://QmWUu7Qb3xC3fzxN45vYjBbmUujTsdPEEd1moPq11h6NNx","mimeType":"image/jpeg"}],"thumbnailUri":"ipfs://QmNrhZHUaEqxhyLfqoq1mtHSipkWHeT31LNHb1QEbDHgnc","decimals":0,"isBooleanAmount":false,"shouldPreferSymbol":false}}