{"result":{"objectId":27222,"ipfsHash":"Qma2wPZJmkFjAzvKkiu38Z6jkGEyCULPTDfGV554Ks7BfT","swaps":[{"swap_id":"35469","issuer":"tz1arU7FDwSA1nHKXHepyzPyaqJMDMEtxnfU","objkt_amount":"10","xtz_per_objkt":"500000"}],"token_id":27222,"total_amount":20,"owners":{"KT1Hkg5qeNhfwpKW4fXvq7HGZB9z2EnmCCA9":"10","tz1arU7FDwSA1nHKXHepyzPyaqJMDMEtxnfU":"10"},"token_info":{"name":"Chamaeleonidae II","description":"A generative a/v hypnotic loop poem. The music you hear generate a visual response forming shapes and colors. The result is post-processed to gif format to add some crunchy pixelated patterns to the top","tags":["generative","audiovisual","loop","hypnotic","trance","malaventura"],"symbol":"OBJKT","artifactUri":"ipfs://QmVEfoWd5GQoYXFGBJGHp6eKSUcWfabmgXJwwE8EHqKUXD","displayUri":"","creators":["tz1arU7FDwSA1nHKXHepyzPyaqJMDMEtxnfU"],"formats":[{"uri":"ipfs://QmVEfoWd5GQoYXFGBJGHp6eKSUcWfabmgXJwwE8EHqKUXD","mimeType":"video/mp4"}],"thumbnailUri":"ipfs://QmNrhZHUaEqxhyLfqoq1mtHSipkWHeT31LNHb1QEbDHgnc","decimals":0,"isBooleanAmount":false,"shouldPreferSymbol":false}}}