{"result":{"objectId":25024,"ipfsHash":"QmQp2sjPaxF4narw9D5pjstn2XLPUSbJRUjLfU91oKRrAh","swaps":[{"swap_id":"31160","issuer":"tz1Tk1MJDZ96bK85RLAqtKfnptZZyXsJ2jaq","objkt_amount":"9","xtz_per_objkt":"1000000"}],"token_id":25024,"total_amount":29,"owners":{"KT1Hkg5qeNhfwpKW4fXvq7HGZB9z2EnmCCA9":"9","tz1THwbFPPPBHmBu4cmLV2SppLFrA5QfBhyF":"1","tz1Tk1MJDZ96bK85RLAqtKfnptZZyXsJ2jaq":"19"},"token_info":{"name":"Imaginary landscape #2: Artist's teeth","description":"Artistic interpretation of dental x-ray. 29 teeth = 29 copies. All proceeds will be used for dental treatment :) 5700x3800 JPG. Artist: exsstas","tags":["raytracing","render","landscape","x-ray","exsstas"],"symbol":"OBJKT","artifactUri":"ipfs://Qmd9QdxdrVpwZHGFgpJzTawfT3WpV3W8biZRJuXuDhVm5R","displayUri":"","creators":["tz1Tk1MJDZ96bK85RLAqtKfnptZZyXsJ2jaq"],"formats":[{"uri":"ipfs://Qmd9QdxdrVpwZHGFgpJzTawfT3WpV3W8biZRJuXuDhVm5R","mimeType":"image/jpeg"}],"thumbnailUri":"ipfs://QmNrhZHUaEqxhyLfqoq1mtHSipkWHeT31LNHb1QEbDHgnc","decimals":0,"isBooleanAmount":false,"shouldPreferSymbol":false}}}