{"objectId":"4700","ipfsHash":"QmZtKPTh9pWSzcvv8eX6tiu5NxaDXKDYsjNNxVj7Nc3qER","minter":"tz2CfkugMdcxSmz45cyWsLmKrzNisKem5sWg","swaps":[],"token_id":"4700","token_info":{"name":"Ventás #3","description":"A photography from the series \"Tempos\" by owae.ga ","tags":["artwork","photography","galicia","switzerland","lausanne","yverdon","Coverdesign","design","cover","art","paint","digitalpainting","square","circles","layers","texture","concept","idea","series","designer"],"symbol":"OBJKT","artifactUri":"ipfs://QmVN9Fd8FWhezJy5aZRSqWM9becsBzqCiDdBBzjArpKDV2","creators":["tz2CfkugMdcxSmz45cyWsLmKrzNisKem5sWg"],"formats":[{"uri":"ipfs://QmVN9Fd8FWhezJy5aZRSqWM9becsBzqCiDdBBzjArpKDV2","mimeType":"image/jpeg"}],"thumbnailUri":"ipfs://QmNrhZHUaEqxhyLfqoq1mtHSipkWHeT31LNHb1QEbDHgnc","decimals":0,"isBooleanAmount":false,"shouldPreferSymbol":false}}