{"objectId":"8324","ipfsHash":"QmaumapAtm5fMc1Tq667ocwXPLCbjD66CR1hdx8jbGQkkD","minter":"tz1YrD36cYUpg58t1icY5AaUTvsHJkHnFYze","swaps":[{"swap_id":"8324","objkt_id":"6779","amount":"3","xtz_per_objkt":"15000000"}],"token_id":"8324","token_info":{"name":"Baby Baby","description":"This Baby is rollin, baby by kappy","tags":["Penandink","pencil","watercolor","characters","silly","fun"],"symbol":"OBJKT","artifactUri":"ipfs://QmPZFM5pVJJRCRzwNuLdppRrDWzPN3pdiNwuJjzf7puevE","creators":["tz1YrD36cYUpg58t1icY5AaUTvsHJkHnFYze"],"formats":[{"uri":"ipfs://QmPZFM5pVJJRCRzwNuLdppRrDWzPN3pdiNwuJjzf7puevE","mimeType":"image/gif"}],"thumbnailUri":"ipfs://QmNrhZHUaEqxhyLfqoq1mtHSipkWHeT31LNHb1QEbDHgnc","decimals":0,"isBooleanAmount":false,"shouldPreferSymbol":false}}