{"result":{"objectId":20226,"ipfsHash":"QmWX2fBz3mfcopjcNEC1ZskMJvb6nLvv3Y15gc265XEGzN","swaps":[{"swap_id":"22869","issuer":"tz1VgpmwW66LCbskjudK54Zp96vKn2cHjpGN","objkt_amount":"3","xtz_per_objkt":"2000000"}],"token_id":20226,"total_amount":5,"owners":{"KT1Hkg5qeNhfwpKW4fXvq7HGZB9z2EnmCCA9":"3","tz1MCaehYRvrhPWv7HiCYQKyi9WDXbAUZkwv":"1","tz1VgpmwW66LCbskjudK54Zp96vKn2cHjpGN":"1"},"token_info":{"name":"Bezier Dot No. 2","description":"3600x3600 Generative art written in Java with Processing, by @__orderandchaos. 1 of 4","tags":["CreativeCoding","Generative","Processing","Java","Circle","Bezier"],"symbol":"OBJKT","artifactUri":"ipfs://QmSSntEqzkN29RbXtT6qoioVh4n5m75tfYi3q3rgotiPnK","displayUri":"","creators":["tz1VgpmwW66LCbskjudK54Zp96vKn2cHjpGN"],"formats":[{"uri":"ipfs://QmSSntEqzkN29RbXtT6qoioVh4n5m75tfYi3q3rgotiPnK","mimeType":"image/png"}],"thumbnailUri":"ipfs://QmNrhZHUaEqxhyLfqoq1mtHSipkWHeT31LNHb1QEbDHgnc","decimals":0,"isBooleanAmount":false,"shouldPreferSymbol":false}}}