{"result":{"objectId":18832,"ipfsHash":"QmZcgdxT8TsKqW4FFYBhq3VNRis5s1EZeK4ikPM8b94Q6G","swaps":[{"swap_id":"20957","issuer":"tz1hUUicPGzKyEDZDzgnj8YUxXgXAjhGC7ez","objkt_amount":"14","xtz_per_objkt":"1000000"}],"token_id":18832,"total_amount":22,"owners":{"KT1Hkg5qeNhfwpKW4fXvq7HGZB9z2EnmCCA9":"14","tz1P5Za1TUMsDejgzMM5iMNfHAxDUpPCHiwZ":"1","tz1QeWGaxvPy8Cxj8Dvm3i6xG6mwyjCpwYzu":"1","tz1R5aLedcRQb9kYyNBS1UXzHR6aQQ3Z5qoq":"1","tz1RnsQi6BaYpm6sMMTkVqGk5Jk6BKpmTp8C":"1","tz1SckgstpaKyQ8VHwcpKTGv6P8m4SHQ3LPt":"1","tz1U72EG4beo6ZztyheWMQ4tKR2EqjPYTBoq":"1","tz1bXDshJxvHhvj8Bv77rBzjx24LrTbQ6tDq":"1","tz1cxTJQtdGf1PaEQGTPvrDvH46uTbesPi5w":"1"},"token_info":{"name":"A4P01_Ant_House","description":"\"The first brick of the Ant House\"","tags":["NATURE","ANTS","MINIMALISM","GLITCH","WATER","PHOTOGRAPHY","CLIMATECHANGE","FUTURE","DESOLATE","WAFFLE"],"symbol":"OBJKT","artifactUri":"ipfs://QmZUU1kJybZQZbZBGs8cAAE7Vd2GCtt9vZ7CQvML8D1jrM","displayUri":"","creators":["tz1hUUicPGzKyEDZDzgnj8YUxXgXAjhGC7ez"],"formats":[{"uri":"ipfs://QmZUU1kJybZQZbZBGs8cAAE7Vd2GCtt9vZ7CQvML8D1jrM","mimeType":"image/png"}],"thumbnailUri":"ipfs://QmNrhZHUaEqxhyLfqoq1mtHSipkWHeT31LNHb1QEbDHgnc","decimals":0,"isBooleanAmount":false,"shouldPreferSymbol":false}}}