{"result":{"objectId":26063,"ipfsHash":"QmacWnBTWA7X4w3ub5d9brbYU8qHYA87CjreWgENhEBeE4","swaps":[{"swap_id":"33295","issuer":"tz1boioU6sPvbHyaaA7Gno8XRB4X1BjaRdQt","objkt_amount":"5","xtz_per_objkt":"500000"}],"token_id":26063,"total_amount":15,"owners":{"KT1Hkg5qeNhfwpKW4fXvq7HGZB9z2EnmCCA9":"5","tz1LR1DfSdhTRvox1mUJpZohpBpdny6L6bfu":"1","tz1NBZbCJG5rvVPW83LcD53UPg11vZug8FRc":"1","tz1Pu8zRmNghAHzWxsT9Cy2qXHxkCrHcB3vc":"1","tz1Rwx6G3MFW5VCeSd4bJQphXuUR3Q56omLW":"1","tz1SFtjkE8StRbxR4ueq1SE6DobqvVF9K5Cr":"1","tz1UDwFTsdKxJaXuHE9eavD4MUvyAk185wEx":"1","tz1bxe2Tp3EqWZqZX5Kvmg9MxTmX8LBiUchk":"1","tz1ds9bfuQ2G4yHXeLnT65z5Ubb3AwoGyKLM":"1","tz1iZxMR89mLzZGAYSwk5uHauw384YCeYsJZ":"1","tz2LCAZfxijTE5KCeRpFWaJNbRuzE5KLLprQ":"1"},"token_info":{"name":"BROKEN - 010","description":"This is MR.GREY from the Pinkcloud Crew !  https://linktr.ee/PinkcloudNFT -   The series is called BROKEN ( Because I broke my back and lost my job...to stay sane, I've poured myself into my creations!)     I've been a videos artist for a while, but I'm trying something new here!    This series will be composed of 999 items, so I've created a 2nd account just for it. Our main account : tz1UE2omGnq3NzmMdxADYp1dcgvRKFuoFmy7 --------- P.L.U.R. ❤","tags":["MR.GREY","GENERATIVEART","PINKCLOUD","PINKCLOUDNFTS","Broken","Texture","Trippy","Colors"],"symbol":"OBJKT","artifactUri":"ipfs://QmUUGPxAF8AUjckHy6sL5bziJCTqoSdHu7kzyet45YC8SH","displayUri":"","creators":["tz1boioU6sPvbHyaaA7Gno8XRB4X1BjaRdQt"],"formats":[{"uri":"ipfs://QmUUGPxAF8AUjckHy6sL5bziJCTqoSdHu7kzyet45YC8SH","mimeType":"image/jpeg"}],"thumbnailUri":"ipfs://QmNrhZHUaEqxhyLfqoq1mtHSipkWHeT31LNHb1QEbDHgnc","decimals":0,"isBooleanAmount":false,"shouldPreferSymbol":false}}}