{"objectId":"16590","ipfsHash":"QmXTcfGhRHdxfEqdTXTBhFeMikxNjtHyfGr3rFQ3fCPoSg","minter":"tz1YBb4YWq8XpDf73PCa3stsiSiSw6xqFcic","swaps":[{"swap_id":"16590","objkt_id":"13642","amount":"1","xtz_per_objkt":"10000000"}],"token_id":"16590","token_info":{"name":"cig","description":"made this in aseprite, i priced at 10 xtz to represent the 10 years cigarette smokers die earlier than non smokers.","tags":["pixel","art","TEKAC","rare","kool","aid"],"symbol":"OBJKT","artifactUri":"ipfs://QmPV3KJ4yKXrpF9JBSPqQX93khjDAmJw9u8tHkbfp167gD","displayUri":"","creators":["tz1YBb4YWq8XpDf73PCa3stsiSiSw6xqFcic"],"formats":[{"uri":"ipfs://QmPV3KJ4yKXrpF9JBSPqQX93khjDAmJw9u8tHkbfp167gD","mimeType":"image/gif"}],"thumbnailUri":"ipfs://QmNrhZHUaEqxhyLfqoq1mtHSipkWHeT31LNHb1QEbDHgnc","decimals":0,"isBooleanAmount":false,"shouldPreferSymbol":false}}