{"objectId":"17047","ipfsHash":"QmXgchzMGqKCkWtH2NnJ7NcL2C4dLjQz39zVUbGyX8taQf","minter":"tz1SJwZAowPiZSqz84BShWsijXP9T6uziMrM","swaps":[],"token_id":"17047","token_info":{"name":"Mini Fabric Comics. Heroes Collection. [Card02]","description":"This cryptoart is part of a series with differents mini comic cartoons cards. Complete your collection.","tags":["#NFTART","#HERO","#IRONMAN","#CARTOONS","#TEZOS","#NFT","#CRYPTOART","#COMICS"],"symbol":"OBJKT","artifactUri":"ipfs://QmYu6E4dxGBHkMTmDbornhC2dwmRHLjSAohiBDK6RRPgab","displayUri":"","creators":["tz1SJwZAowPiZSqz84BShWsijXP9T6uziMrM"],"formats":[{"uri":"ipfs://QmYu6E4dxGBHkMTmDbornhC2dwmRHLjSAohiBDK6RRPgab","mimeType":"video/mp4"}],"thumbnailUri":"ipfs://QmNrhZHUaEqxhyLfqoq1mtHSipkWHeT31LNHb1QEbDHgnc","decimals":0,"isBooleanAmount":false,"shouldPreferSymbol":false}}