{"result":{"objectId":20271,"ipfsHash":"QmSWqHwhsFFRDqdq4B2sbuooLqDrGi9vP2RZxFCopcAMMc","swaps":[{"swap_id":"22952","issuer":"tz1PTiGJ674i1feGXvmH3a61uXjf8z8Tp3Et","objkt_amount":"1","xtz_per_objkt":"5000000"}],"token_id":20271,"total_amount":"1","owners":{"KT1Hkg5qeNhfwpKW4fXvq7HGZB9z2EnmCCA9":"1"},"token_info":{"name":"Control The Soul #800","description":"Occult AI art collectible, each piece has one edition. [Series 1, #800/1000]; 2021 StyleGAN2 + CLIP 1024x1024","tags":["ai","art","collectible","controlthesoul"],"symbol":"OBJKT","artifactUri":"ipfs://QmU9JcjriiD1o3CGHkwZWnNhdvcRKu9YGkovcEDQbRAtZt","creators":["tz1PTiGJ674i1feGXvmH3a61uXjf8z8Tp3Et"],"formats":[{"uri":"ipfs://QmU9JcjriiD1o3CGHkwZWnNhdvcRKu9YGkovcEDQbRAtZt","mimeType":"image/png"}],"thumbnailUri":"ipfs://QmNrhZHUaEqxhyLfqoq1mtHSipkWHeT31LNHb1QEbDHgnc","decimals":0,"isBooleanAmount":false,"shouldPreferSymbol":false}}}