{"objectId":"4215","ipfsHash":"QmVkMCrJvGnkqbm33JbHvnKNVTupPVEt8uHXKPqpxH7jbk","minter":"tz1bTm85NEor6iHwTQUt5fs4CE62pjhL3Z7L","swaps":[],"token_id":"4215","token_info":{"name":"Great White Shark","description":"@mantel","tags":[""],"symbol":"OBJKT","artifactUri":"ipfs://QmaKMHUKywH4v3WmLb47W16gvzUJsPQJBAoLFMVULgFXM4","creators":["tz1bTm85NEor6iHwTQUt5fs4CE62pjhL3Z7L"],"formats":[{"uri":"ipfs://QmaKMHUKywH4v3WmLb47W16gvzUJsPQJBAoLFMVULgFXM4","mimeType":"image/gif"}],"thumbnailUri":"ipfs://QmNrhZHUaEqxhyLfqoq1mtHSipkWHeT31LNHb1QEbDHgnc","decimals":0,"isBooleanAmount":false,"shouldPreferSymbol":false}}