{"result":{"objectId":21030,"ipfsHash":"QmNMB4bSbR4cBrGPnoSXW5ymDFrs7mh4wRHquwKnx67zBH","swaps":[{"swap_id":"24140","issuer":"tz1gZqv99kdUjvYiiiKsSFjuiCZmKToa6sxh","objkt_amount":"3","xtz_per_objkt":"15000000"}],"token_id":21030,"total_amount":5,"owners":{"KT1Hkg5qeNhfwpKW4fXvq7HGZB9z2EnmCCA9":"3","tz1gZqv99kdUjvYiiiKsSFjuiCZmKToa6sxh":"2"},"token_info":{"name":"When The Sun Sets","description":"This piece was created designed using artificial intelligence trained from millions of images. I particularly like the contrast between the dark shapes in the sky and the flowers on the ground, it reminds me of the struggles we try to overcome. Artist: Kirell Benzi @kirellbenzi www.kirellbenzi.com","tags":["AI","GAN","machinelearning","abstract","concept"],"symbol":"OBJKT","artifactUri":"ipfs://QmcwSEZnvMYFYZDUYtbJsjcpWiYiaN6QgxGpLR4GFMjHxB","displayUri":"","creators":["tz1gZqv99kdUjvYiiiKsSFjuiCZmKToa6sxh"],"formats":[{"uri":"ipfs://QmcwSEZnvMYFYZDUYtbJsjcpWiYiaN6QgxGpLR4GFMjHxB","mimeType":"image/jpeg"}],"thumbnailUri":"ipfs://QmNrhZHUaEqxhyLfqoq1mtHSipkWHeT31LNHb1QEbDHgnc","decimals":0,"isBooleanAmount":false,"shouldPreferSymbol":false}}}