{"objectId":"4757","ipfsHash":"QmQ8Wfn4RSrsvZkEBFhAWbTzkP2EbNHLinGKYdfnJk5FHh","minter":"tz1W1f38Gbdowx5UZTbv2HWDcZZmqK3wXzfw","swaps":[{"swap_id":"4757","objkt_id":"4719","amount":"3","xtz_per_objkt":"20000000"}],"token_id":"4757","token_info":{"name":"lambogen_0016","description":"MGXS Lambogen series","tags":["mgxs","lambogen","3d","abstract"],"symbol":"OBJKT","artifactUri":"ipfs://QmTrXn2Hdz5WCSR7DS4eGYcyXTGpHuTDwicRg4bZ79GKED","creators":["tz1W1f38Gbdowx5UZTbv2HWDcZZmqK3wXzfw"],"formats":[{"uri":"ipfs://QmTrXn2Hdz5WCSR7DS4eGYcyXTGpHuTDwicRg4bZ79GKED","mimeType":"image/jpeg"}],"thumbnailUri":"ipfs://QmNrhZHUaEqxhyLfqoq1mtHSipkWHeT31LNHb1QEbDHgnc","decimals":0,"isBooleanAmount":false,"shouldPreferSymbol":false}}