{"result":{"objectId":17417,"ipfsHash":"QmdXxxMXtD8FhHWm1frBtt6CuFaT1N6k1Yc5NPFXqgFCkr","swaps":[],"token_id":17417,"total_amount":"25","owners":{"tz1cHCXMqoxrPGeLGfhTPna5GBkp2BX2RwX7":"25"},"token_info":{"name":"Fiya","description":"Fire on embers.","tags":["Fire","Embers","Flames","Hot","Bright","Colors","Colorful"],"symbol":"OBJKT","artifactUri":"ipfs://QmX8oTF19yzMdBgWmzQmjtp7jiX9cdgPWuPvj5Q1h9AMrb","displayUri":"","creators":["tz1cHCXMqoxrPGeLGfhTPna5GBkp2BX2RwX7"],"formats":[{"uri":"ipfs://QmX8oTF19yzMdBgWmzQmjtp7jiX9cdgPWuPvj5Q1h9AMrb","mimeType":"video/mp4"}],"thumbnailUri":"ipfs://QmNrhZHUaEqxhyLfqoq1mtHSipkWHeT31LNHb1QEbDHgnc","decimals":0,"isBooleanAmount":false,"shouldPreferSymbol":false}}}