{"objectId":"7878","ipfsHash":"QmRZXeVkJPg6GCytUR4f6L8JVFxxfNw8HGWaCWD1jca7mS","minter":"tz1f94uZ7SF2fLKnMjFzGQTbznd8qpAZ12is","swaps":[],"token_id":"7878","token_info":{"name":"haze aesthetics #11","description":"A new aesthetics exploration series (March 2021). 77 individual NFT arts created using StyleGAN trained on a vaporwave dataset (4k images) collected from reddit and bandcamp. Cherry picked. 1024 x 1024. @NEURAL HAZE","tags":["vaporwave","aesthetics","abstract","stylegan","artwork","bandcamp","reddit","neuralnetwork","machinelearning"],"symbol":"OBJKT","artifactUri":"ipfs://Qma3d5okGBQ7K12zeMTwLi248WnGAz7fQ9bgxuRWvuPiLd","creators":["tz1f94uZ7SF2fLKnMjFzGQTbznd8qpAZ12is"],"formats":[{"uri":"ipfs://Qma3d5okGBQ7K12zeMTwLi248WnGAz7fQ9bgxuRWvuPiLd","mimeType":"image/png"}],"thumbnailUri":"ipfs://QmNrhZHUaEqxhyLfqoq1mtHSipkWHeT31LNHb1QEbDHgnc","decimals":0,"isBooleanAmount":false,"shouldPreferSymbol":false}}