{"result":{"objectId":18166,"ipfsHash":"QmV9mDkn1r1bnv37QWgypRoV6W3wsQWQGEaQkW62YrhKXc","swaps":[{"swap_id":"19846","issuer":"tz1PTiGJ674i1feGXvmH3a61uXjf8z8Tp3Et","objkt_amount":"1","xtz_per_objkt":"4000000"}],"token_id":18166,"total_amount":"1","owners":{"KT1Hkg5qeNhfwpKW4fXvq7HGZB9z2EnmCCA9":"1"},"token_info":{"name":"Control The Soul #618","description":"Occult AI art collectible, each piece has one edition. [Series 1, #618/1000]; 2021 StyleGAN2 + CLIP 1024x1024","tags":["ai","art","collectible","controlthesoul"],"symbol":"OBJKT","artifactUri":"ipfs://QmVe4JsBGwQrU2kRLc7T9hqig971cNArV9qP75qh8TvLtu","creators":["tz1PTiGJ674i1feGXvmH3a61uXjf8z8Tp3Et"],"formats":[{"uri":"ipfs://QmVe4JsBGwQrU2kRLc7T9hqig971cNArV9qP75qh8TvLtu","mimeType":"image/png"}],"thumbnailUri":"ipfs://QmNrhZHUaEqxhyLfqoq1mtHSipkWHeT31LNHb1QEbDHgnc","decimals":0,"isBooleanAmount":false,"shouldPreferSymbol":false}}}