{"objectId":"16251","ipfsHash":"QmUQciy6wvsC3iaV1CXZp7f1gQg12ruJqf9hbLvC4huo84","minter":"tz1PTiGJ674i1feGXvmH3a61uXjf8z8Tp3Et","swaps":[{"swap_id":"16251","objkt_id":"15805","amount":"3","xtz_per_objkt":"3200000"}],"token_id":"16251","token_info":{"name":"Control The Soul #459","description":"Occult AI art collectible, each piece has one edition. [Series 1, #459/1000]; 2021 StyleGAN2 + CLIP 1024x1024","tags":["ai","art","collectible","controlthesoul"],"symbol":"OBJKT","artifactUri":"ipfs://QmfYjGYnse6w62vBHibUYtFdFoPiAwjG66JNoN1F7W9jQc","creators":["tz1PTiGJ674i1feGXvmH3a61uXjf8z8Tp3Et"],"formats":[{"uri":"ipfs://QmfYjGYnse6w62vBHibUYtFdFoPiAwjG66JNoN1F7W9jQc","mimeType":"image/png"}],"thumbnailUri":"ipfs://QmNrhZHUaEqxhyLfqoq1mtHSipkWHeT31LNHb1QEbDHgnc","decimals":0,"isBooleanAmount":false,"shouldPreferSymbol":false}}