{"result":{"objectId":17440,"ipfsHash":"Qmc51Ceg7DQp33jWizSCAtJWg6D3Sv4m87nMUzDJexPw8G","swaps":[{"swap_id":"18547","issuer":"tz1SY8NZwLaESSfZKHNDBGuxVureCd8CQU4L","objkt_amount":"11","xtz_per_objkt":"2000000"}],"token_id":17440,"total_amount":31,"owners":{"KT1Hkg5qeNhfwpKW4fXvq7HGZB9z2EnmCCA9":"11","tz1NP7XjQ5WZMGykUhz5FweN2dvgZZAkp5c5":"1","tz1SY8NZwLaESSfZKHNDBGuxVureCd8CQU4L":"18","tz1XyAYnnLGCmGocUZbk4VahusXen1QsJ33k":"1"},"token_info":{"name":"#1 Fan!","description":"Big fan of your work!","tags":["3d","foamfinger","glove","finger","point","sports","athletic","yellow","green","foam","item"],"symbol":"OBJKT","artifactUri":"ipfs://QmeEobHXK8YjeRaM4o3cGzeU6EpcYxg99yX38AMQvGv2df","displayUri":"","creators":["tz1SY8NZwLaESSfZKHNDBGuxVureCd8CQU4L"],"formats":[{"uri":"ipfs://QmeEobHXK8YjeRaM4o3cGzeU6EpcYxg99yX38AMQvGv2df","mimeType":"model/gltf-binary"}],"thumbnailUri":"ipfs://QmNrhZHUaEqxhyLfqoq1mtHSipkWHeT31LNHb1QEbDHgnc","decimals":0,"isBooleanAmount":false,"shouldPreferSymbol":false}}}