{"objectId":"15304","ipfsHash":"QmcfSonnGL6R64KhcnNq8PCNV8Sqmf4iDibv3ea4v2cQXQ","minter":"tz1SJwZAowPiZSqz84BShWsijXP9T6uziMrM","swaps":[{"swap_id":"15304","objkt_id":"14715","amount":"2","xtz_per_objkt":"2000000"}],"token_id":"15304","token_info":{"name":"Crazy and Happy Clown [Card12]","description":"This cryptoart [Card12] is part of a complete collection of 12 different pieces. Complete your collection.","tags":["#NFTART","#CLOWN","#CRAZYCLOWN","#CIRCUS","#TEZOS","#NFT","#CRYPTOART"],"symbol":"OBJKT","artifactUri":"ipfs://QmTWMdyn32U9ujdrCHr4FZXAgZGiwbdkLMg4WeiEKLajeQ","displayUri":null,"creators":["tz1SJwZAowPiZSqz84BShWsijXP9T6uziMrM"],"formats":[{"uri":"ipfs://QmTWMdyn32U9ujdrCHr4FZXAgZGiwbdkLMg4WeiEKLajeQ","mimeType":"image/gif"}],"thumbnailUri":"ipfs://QmNrhZHUaEqxhyLfqoq1mtHSipkWHeT31LNHb1QEbDHgnc","decimals":0,"isBooleanAmount":false,"shouldPreferSymbol":false}}