{"objectId":"9309","ipfsHash":"QmWsWkMjuqNdY7LhTHysncXKHqKAdsRNuUr3uJc8nnaePe","minter":"tz1PTiGJ674i1feGXvmH3a61uXjf8z8Tp3Et","swaps":[{"swap_id":"9309","objkt_id":"9295","amount":"1","xtz_per_objkt":"5700000"}],"token_id":"9309","token_info":{"name":"Control The Soul #20","description":"2021 StyleGAN2 + CLIP 1024x1024","tags":["ai","art","collectible","controlthesoul"],"symbol":"OBJKT","artifactUri":"ipfs://QmY4trGSkfXnkXdpxharr9vzENVMnb3WA9mFzFVDtkHW8r","creators":["tz1PTiGJ674i1feGXvmH3a61uXjf8z8Tp3Et"],"formats":[{"uri":"ipfs://QmY4trGSkfXnkXdpxharr9vzENVMnb3WA9mFzFVDtkHW8r","mimeType":"image/png"}],"thumbnailUri":"ipfs://QmNrhZHUaEqxhyLfqoq1mtHSipkWHeT31LNHb1QEbDHgnc","decimals":0,"isBooleanAmount":false,"shouldPreferSymbol":false}}