{"objectId":"11594","ipfsHash":"QmQxcC8hJmGFQLPDAJxfU9Af1Lg1WHVPe6KTWDTmXRjCdA","minter":"tz1ePu9LAuNEgCFkJwKnhgroAEyBAu2V5Yhs","swaps":[{"swap_id":"11594","objkt_id":"11544","amount":"10","xtz_per_objkt":"5000000"}],"token_id":"11594","token_info":{"name":"Neon She v1 3 of 5","description":"Tales from Hqz dystopian world. Original digital art by Hqz.© All rights reserved. Contact : Instagram@Hqzdigitalart 2021","tags":["NEONSHESERIES","HQZ","DIGITAL","FUTURE","PIXEL","DYSTOPIAN","WORLD","TECHNOLOGY","SCI-FI","SYNTHETIC","MECHANICAL","INTELLIGENCE","MACHINES","GLITCH"],"symbol":"OBJKT","artifactUri":"ipfs://QmZzw1enJMoLAyX8eMqpXRWKBducPokF5GogZxjEp36VV3","creators":["tz1ePu9LAuNEgCFkJwKnhgroAEyBAu2V5Yhs"],"formats":[{"uri":"ipfs://QmZzw1enJMoLAyX8eMqpXRWKBducPokF5GogZxjEp36VV3","mimeType":"image/jpeg"}],"thumbnailUri":"ipfs://QmNrhZHUaEqxhyLfqoq1mtHSipkWHeT31LNHb1QEbDHgnc","decimals":0,"isBooleanAmount":false,"shouldPreferSymbol":false}}