{"result":{"objectId":18424,"ipfsHash":"QmRxXcnJsTknZdpGoGGNXJW3JH4xA7Pq1qzHjAyDWgT51D","swaps":[{"swap_id":"20139","issuer":"tz1S2pV9v1PcyarN52BAtsiYuBFnhZsxGnJn","objkt_amount":"52","xtz_per_objkt":"1000000"}],"token_id":18424,"total_amount":"52","owners":{"KT1Hkg5qeNhfwpKW4fXvq7HGZB9z2EnmCCA9":"52"},"token_info":{"name":"5 of Spades","description":"5 of Spades - a standard 52-card deck 52/52 editions made by Sickd // alter-ego of @somaticbits CARDGAME","tags":["cardgame"],"symbol":"OBJKT","artifactUri":"ipfs://QmaxAssu1Yhr7F8j28fx4yh1zHmVaYwJDLcmZ2B4QBjrAe","displayUri":"","creators":["tz1S2pV9v1PcyarN52BAtsiYuBFnhZsxGnJn"],"formats":[{"uri":"ipfs://QmaxAssu1Yhr7F8j28fx4yh1zHmVaYwJDLcmZ2B4QBjrAe","mimeType":"image/jpeg"}],"thumbnailUri":"ipfs://QmNrhZHUaEqxhyLfqoq1mtHSipkWHeT31LNHb1QEbDHgnc","decimals":0,"isBooleanAmount":false,"shouldPreferSymbol":false}}}