{"objectId":"10940","ipfsHash":"QmZZ25CbsycdcYoq1WmyX8D7HN752MYwYbHBjTAXeq3LG9","minter":"tz1ZsNvZKUveN7FjRhMHTm9NiAUNAmrwdFKV","swaps":[{"swap_id":"10940","objkt_id":"10913","amount":"1","xtz_per_objkt":"1000000"}],"token_id":"10940","token_info":{"name":"Picasso 81/366 #fac_eth_eday","description":"Day 81/366 - One portrait a day — @mimeartist","tags":["picasso","overthinking"],"symbol":"OBJKT","artifactUri":"ipfs://QmPjwgknSCut22YN7JstbNoYsZLvadvF63fygEyWTmofp2","creators":["tz1ZsNvZKUveN7FjRhMHTm9NiAUNAmrwdFKV"],"formats":[{"uri":"ipfs://QmPjwgknSCut22YN7JstbNoYsZLvadvF63fygEyWTmofp2","mimeType":"image/gif"}],"thumbnailUri":"ipfs://QmNrhZHUaEqxhyLfqoq1mtHSipkWHeT31LNHb1QEbDHgnc","decimals":0,"isBooleanAmount":false,"shouldPreferSymbol":false}}