{"objectId":"11081","ipfsHash":"QmXHVR3p6S65p1wXgyGKzPgvfy5JpoUVKLBnkBoghKEVfY","minter":"tz1eX7F98rw5iYUv8ozeN549RT9rYaLuzYcR","swaps":[{"swap_id":"11081","objkt_id":"11049","amount":"15","xtz_per_objkt":"15000000"}],"token_id":"11081","token_info":{"name":"Rainbow Needle Swirl","description":"Needle points swirling about, sometimes lining up to form geometric patterns.","tags":["generative","colorful","live","abstract"],"symbol":"OBJKT","artifactUri":"ipfs://QmXNcNbKPSbfkGBJCmFd7yjNpSiqFbRU2CJeGufbNy2Skh","creators":["tz1eX7F98rw5iYUv8ozeN549RT9rYaLuzYcR"],"formats":[{"uri":"ipfs://QmXNcNbKPSbfkGBJCmFd7yjNpSiqFbRU2CJeGufbNy2Skh","mimeType":"image/svg+xml"}],"thumbnailUri":"ipfs://QmNrhZHUaEqxhyLfqoq1mtHSipkWHeT31LNHb1QEbDHgnc","decimals":0,"isBooleanAmount":false,"shouldPreferSymbol":false}}