{"result":{"objectId":31088,"ipfsHash":"QmdF1EHhoDvQcrbkEJZdu24cXr5yPLVUQ5vGXjQqy1ucjE","swaps":[{"swap_id":"42522","issuer":"tz1heFSv4WcJ6AQR6xkPsp7jMsvCeEm11yrs","objkt_amount":"1","xtz_per_objkt":"1000000"}],"token_id":31088,"total_amount":"1","owners":{"KT1Hkg5qeNhfwpKW4fXvq7HGZB9z2EnmCCA9":"1"},"token_info":{"name":"Spiritum Portals - Watchers Through Time","description":"The White Sands Spiritum color schemas were harnessed from photographs taken at White Sands National Monument. A mystical beach - the remnants of an ancient sea amidst the mountains, used as a nuclear missile test range -- surely the lore of White Sands is a peek into the history they would have us believe. Let the crystally whites, the lone cacti, the hazy sandstorms, and the purple dusk of White Sands be a portal into the your own reality. ","tags":["spiritum_portals","tartaria_archivist","portals"],"symbol":"OBJKT","artifactUri":"ipfs://QmWu9NmB1KU5V8sQAXemXE7Zz82REJFaUX8jdp1a9U795Y","displayUri":"","thumbnailUri":"ipfs://QmNrhZHUaEqxhyLfqoq1mtHSipkWHeT31LNHb1QEbDHgnc","creators":["tz1heFSv4WcJ6AQR6xkPsp7jMsvCeEm11yrs"],"formats":[{"uri":"ipfs://QmWu9NmB1KU5V8sQAXemXE7Zz82REJFaUX8jdp1a9U795Y","mimeType":"image/gif"}],"decimals":0,"isBooleanAmount":false,"shouldPreferSymbol":false}}}