{"objectId":"12642","ipfsHash":"QmQvXcVaMLoGeWWJpVhHZXDUW5Zk8WzCWB4oH4e3RUaZoU","minter":"tz2J8cLffjw5UnoY51x4K3eSyVTJ9LZGZMXd","swaps":[{"swap_id":"12642","objkt_id":"1334","amount":"1","xtz_per_objkt":"50000000"}],"token_id":"12642","token_info":{"name":"Le mo'chalk - 002","description":"Hand drawn stop motion by @mradzo . #CleanNFT #Tezos #XTZ $XTZ #Procreate #stopmotion #speed #loop","tags":["MRADZO","BLACK","NOISE","STOPMOTION","PROCREATE","LOOP","GIF"],"symbol":"OBJKT","artifactUri":"ipfs://QmT1XJXozMra7HhGkyFpVCQqDyavAq6pCcoY6sqnnJHWSa","displayUri":null,"creators":["tz2J8cLffjw5UnoY51x4K3eSyVTJ9LZGZMXd"],"formats":[{"uri":"ipfs://QmT1XJXozMra7HhGkyFpVCQqDyavAq6pCcoY6sqnnJHWSa","mimeType":"image/gif"}],"thumbnailUri":"ipfs://QmNrhZHUaEqxhyLfqoq1mtHSipkWHeT31LNHb1QEbDHgnc","decimals":0,"isBooleanAmount":false,"shouldPreferSymbol":false}}