{"objectId":"2396","ipfsHash":"QmUbtSVdD8Hxhbmbg9DDC1HfzwtQM1yPUNUnCDqJUgbeBF","minter":"tz1TU4NAzg7ffvXaH3vAk2HWpBSPdSF5ZVxw","swaps":[{"swap_id":"2396","objkt_id":"2531","amount":"8","xtz_per_objkt":"8000000"}],"token_id":"2396","token_info":{"name":"\"Indo pegar putas feias\"","description":"Digital collage by Guga Liuzzi","tags":["bangin","gif","red"],"symbol":"OBJKT","artifactUri":"ipfs://QmaCfook8SuLLmjQKsbhRk7ZcRcmhP4EFE2sD1kWybUCYY","creators":["tz1TU4NAzg7ffvXaH3vAk2HWpBSPdSF5ZVxw"],"formats":[{"uri":"ipfs://QmaCfook8SuLLmjQKsbhRk7ZcRcmhP4EFE2sD1kWybUCYY","mimeType":"image/gif"}],"thumbnailUri":"ipfs://QmNrhZHUaEqxhyLfqoq1mtHSipkWHeT31LNHb1QEbDHgnc","decimals":0,"isBooleanAmount":false,"shouldPreferSymbol":false}}