{"objectId":"7655","ipfsHash":"QmYRSDTgdPjMzsQZ5u2Afc6k7cerNvVps7JeiNidMEpxNU","minter":"tz1PNTRdzsoDhqEQMcGn2aURyCpetnjB1uAJ","swaps":[{"swap_id":"7655","objkt_id":"7662","amount":"1","xtz_per_objkt":"30000000"}],"token_id":"7655","token_info":{"name":"#558 Three fishes","description":"Can you spot the three equal modules of this graphic? Geometry Daily – A new minimal geometric graphic each day.","tags":["geometrydaily","geometry","geometric","minimal"],"symbol":"OBJKT","artifactUri":"ipfs://QmchghCwZUSMhQxJzQvzkzRprczFGYNnY5ARFwaU67YcZX","creators":["tz1PNTRdzsoDhqEQMcGn2aURyCpetnjB1uAJ"],"formats":[{"uri":"ipfs://QmchghCwZUSMhQxJzQvzkzRprczFGYNnY5ARFwaU67YcZX","mimeType":"image/jpeg"}],"thumbnailUri":"ipfs://QmNrhZHUaEqxhyLfqoq1mtHSipkWHeT31LNHb1QEbDHgnc","decimals":0,"isBooleanAmount":false,"shouldPreferSymbol":false}}