{"objectId":"13546","ipfsHash":"QmdETp37dniFjUJC78iHwAf4GAHYEbsQdYJENUiMuoNhnJ","minter":"tz1h3jodDZXeBUPZJt8NR79ffSm7sAW9JdWY","swaps":[],"token_id":"13546","token_info":{"name":"walking dogs","description":"the only time that i can feel free","tags":["pixelart","dog","walk","free"],"symbol":"OBJKT","artifactUri":"ipfs://QmZKGaTR5CQmKKT3yPE9YBT8kxsDvDNjbjGkDptPSUtJ8F","displayUri":null,"creators":["tz1h3jodDZXeBUPZJt8NR79ffSm7sAW9JdWY"],"formats":[{"uri":"ipfs://QmZKGaTR5CQmKKT3yPE9YBT8kxsDvDNjbjGkDptPSUtJ8F","mimeType":"image/gif"}],"thumbnailUri":"ipfs://QmNrhZHUaEqxhyLfqoq1mtHSipkWHeT31LNHb1QEbDHgnc","decimals":0,"isBooleanAmount":false,"shouldPreferSymbol":false}}