{"result":{"objectId":25474,"ipfsHash":"QmRB9kFivv2qaKtuEwzcUA25HTUBtn7DciaC8PegCacJmx","swaps":[{"swap_id":"32088","issuer":"tz1gqAonCuKe1Vg9zNwFhP44fdPpHypGfZh1","objkt_amount":"5","xtz_per_objkt":"4000000"}],"token_id":25474,"total_amount":"5","owners":{"KT1Hkg5qeNhfwpKW4fXvq7HGZB9z2EnmCCA9":"5"},"token_info":{"name":"Digital Homer #4","description":"multimedia. Original drawing from Bargue Plate I,54 study. ","tags":["DigitalHomer","BarguePlates","FineArts","DigitalArt"],"symbol":"OBJKT","artifactUri":"ipfs://QmUnHCaqJJxYmt7SPCpkXGdmud2Q7E6Jjw5KXSx1zR7Hsh","displayUri":"","creators":["tz1gqAonCuKe1Vg9zNwFhP44fdPpHypGfZh1"],"formats":[{"uri":"ipfs://QmUnHCaqJJxYmt7SPCpkXGdmud2Q7E6Jjw5KXSx1zR7Hsh","mimeType":"image/jpeg"}],"thumbnailUri":"ipfs://QmNrhZHUaEqxhyLfqoq1mtHSipkWHeT31LNHb1QEbDHgnc","decimals":0,"isBooleanAmount":false,"shouldPreferSymbol":false}}}