{"result":{"objectId":28354,"ipfsHash":"QmRHad4r6R4W5uV93akAxNYnCW4iAQENrTChXRN47rkuuc","swaps":[{"swap_id":"39414","issuer":"tz1SrA7UpvzPmxp6NymuzDzaRfxDSJaz6ebF","objkt_amount":"10","xtz_per_objkt":"1500000"}],"token_id":28354,"total_amount":"10","owners":{"KT1Hkg5qeNhfwpKW4fXvq7HGZB9z2EnmCCA9":"10"},"token_info":{"name":"Inception - Time Remix by VectorZ3R0","description":"Twitter : @VectorZ3R0 - My second track ever, hope you enjoy it. This is a small remix of the track \"Time\" by Hans Zimmer for the movie \"Inception\".","tags":["MUSIC","EPIC","AMBIENT","INCEPTION","TIME","CINEMATIC","DRAMATIC","VECTORZ3R0"],"symbol":"OBJKT","artifactUri":"ipfs://QmNuYgvVCLL1wRjSmKYMYywYhKbhMtVU6ZsQds4VRc19Cj","displayUri":"","thumbnailUri":"ipfs://QmNrhZHUaEqxhyLfqoq1mtHSipkWHeT31LNHb1QEbDHgnc","creators":["tz1SrA7UpvzPmxp6NymuzDzaRfxDSJaz6ebF"],"formats":[{"uri":"ipfs://QmNuYgvVCLL1wRjSmKYMYywYhKbhMtVU6ZsQds4VRc19Cj","mimeType":"video/mp4"}],"decimals":0,"isBooleanAmount":false,"shouldPreferSymbol":false}}}