{"result":{"objectId":21088,"ipfsHash":"QmfPPZm2t1LhUXavkj3GnzPEtYxmex6yVgSVLd83Tsiotw","swaps":[{"swap_id":"24226","issuer":"tz2MkhsWEcgCsaXJgrXAiYJE8y72qZT3xfHe","objkt_amount":"3","xtz_per_objkt":"3000000"}],"token_id":21088,"total_amount":"3","owners":{"KT1Hkg5qeNhfwpKW4fXvq7HGZB9z2EnmCCA9":"3"},"token_info":{"name":"Love Contained","description":"","tags":["love","abstract"],"symbol":"OBJKT","artifactUri":"ipfs://QmNpYfwkoeTM4NxL6fEAA7KuJcgyPw1JTEcxjLuLDrTwHh","displayUri":"","creators":["tz2MkhsWEcgCsaXJgrXAiYJE8y72qZT3xfHe"],"formats":[{"uri":"ipfs://QmNpYfwkoeTM4NxL6fEAA7KuJcgyPw1JTEcxjLuLDrTwHh","mimeType":"image/png"}],"thumbnailUri":"ipfs://QmNrhZHUaEqxhyLfqoq1mtHSipkWHeT31LNHb1QEbDHgnc","decimals":0,"isBooleanAmount":false,"shouldPreferSymbol":false}}}