{"objectId":"11193","ipfsHash":"QmYcDCLqhyCXDCKPquUdyoSSuHrhSdU9WCA6HEAaZbAgoG","minter":"tz1XxALYTScFHYVV7dJvwtRNW6ECSHTySU4G","swaps":[],"token_id":"11193","token_info":{"name":"Bambugrama Leao","description":"Original art by FLuiz - @tao_ferluiz (Twitter) | tao.ferluiz (Instagram) - PNG(2482x2482). This is the #07 NFT by FLuiz","tags":["PANEL","FLUIZ","ORIGINAL","DIGITALPAINT","BAMBUGRAMA","LEAO","BAMBOOGRAM"],"symbol":"OBJKT","artifactUri":"ipfs://QmU8gg9Axi7QqLDDeXTgUxEuhxeY81uLmUxi8MdEhejR1w","creators":["tz1XxALYTScFHYVV7dJvwtRNW6ECSHTySU4G"],"formats":[{"uri":"ipfs://QmU8gg9Axi7QqLDDeXTgUxEuhxeY81uLmUxi8MdEhejR1w","mimeType":"image/png"}],"thumbnailUri":"ipfs://QmNrhZHUaEqxhyLfqoq1mtHSipkWHeT31LNHb1QEbDHgnc","decimals":0,"isBooleanAmount":false,"shouldPreferSymbol":false}}