{"result":{"objectId":17801,"ipfsHash":"QmQzHmvEVpHEv294TG8u6wuf3T3pb3SihzTRnipMSzTjLy","swaps":[{"swap_id":"19405","issuer":"tz1PTiGJ674i1feGXvmH3a61uXjf8z8Tp3Et","objkt_amount":"1","xtz_per_objkt":"5000000"}],"token_id":17801,"total_amount":"1","owners":{"KT1Hkg5qeNhfwpKW4fXvq7HGZB9z2EnmCCA9":"1"},"token_info":{"name":"Control The Soul #572","description":"Occult AI art collectible, each piece has one edition. [Series 1, #572/1000]; 2021 StyleGAN2 + CLIP 1024x1024","tags":["ai","art","collectible","controlthesoul"],"symbol":"OBJKT","artifactUri":"ipfs://QmQ2MP7bdRXuUwoJia3tV2Fni6xCZrKGxJxegtWBhKuGpx","creators":["tz1PTiGJ674i1feGXvmH3a61uXjf8z8Tp3Et"],"formats":[{"uri":"ipfs://QmQ2MP7bdRXuUwoJia3tV2Fni6xCZrKGxJxegtWBhKuGpx","mimeType":"image/png"}],"thumbnailUri":"ipfs://QmNrhZHUaEqxhyLfqoq1mtHSipkWHeT31LNHb1QEbDHgnc","decimals":0,"isBooleanAmount":false,"shouldPreferSymbol":false}}}