{"result":{"objectId":30699,"ipfsHash":"QmU7taF21yNwQRw7ETnEbDD8Acg4K32htu3tVfVNUVgwRo","swaps":[{"swap_id":"41843","issuer":"tz1SwR1nBHXqfixrfZfc3qTyrQiHkwy7LBT5","objkt_amount":"10","xtz_per_objkt":"8000000"}],"token_id":30699,"total_amount":"10","owners":{"KT1Hkg5qeNhfwpKW4fXvq7HGZB9z2EnmCCA9":"10"},"token_info":{"name":"Melted Colors","description":"Roosevelt Park / Digital photography / 5616 x 3744 pixels / Guilherme Isnard / Guinard.com.br","tags":["RooseveltPark","StreetArt","Digitalphotography","colors","water"],"symbol":"OBJKT","artifactUri":"ipfs://QmUB3Afx3dg6zS4ifxYGhrMKwHuCxDzWQErXNfmHaJEd6m","displayUri":"","thumbnailUri":"ipfs://QmNrhZHUaEqxhyLfqoq1mtHSipkWHeT31LNHb1QEbDHgnc","creators":["tz1SwR1nBHXqfixrfZfc3qTyrQiHkwy7LBT5"],"formats":[{"uri":"ipfs://QmUB3Afx3dg6zS4ifxYGhrMKwHuCxDzWQErXNfmHaJEd6m","mimeType":"image/jpeg"}],"decimals":0,"isBooleanAmount":false,"shouldPreferSymbol":false}}}