{"objectId":"12880","ipfsHash":"QmSMjYgnUXBmqBZXkm68qRKmQ5FsHJwR865NVUirrjPMG4","minter":"tz1a4SzKUwUHviPk5jsqFZo2ywGcjUas99Tx","swaps":[],"token_id":"12880","token_info":{"name":"happy run","description":"33mm film ilford, hp5","tags":["#analog","#Film","#Bahia","#Brasil"],"symbol":"OBJKT","artifactUri":"ipfs://Qmbdxvv9ihmV2KXF5eNM3sdgDUxBGJvFz9691TVUGD5WXk","displayUri":null,"creators":["tz1a4SzKUwUHviPk5jsqFZo2ywGcjUas99Tx"],"formats":[{"uri":"ipfs://Qmbdxvv9ihmV2KXF5eNM3sdgDUxBGJvFz9691TVUGD5WXk","mimeType":"image/jpeg"}],"thumbnailUri":"ipfs://QmNrhZHUaEqxhyLfqoq1mtHSipkWHeT31LNHb1QEbDHgnc","decimals":0,"isBooleanAmount":false,"shouldPreferSymbol":false}}