{"result":{"objectId":19798,"ipfsHash":"QmNv5ZKR6By37AooBoxP7eXPC8knq8YFg4UN8icu4HNu7Y","swaps":[{"swap_id":"22253","issuer":"tz2Pko9XdySHhMeJKX25eQJieNCEEu4FPgAo","objkt_amount":"1","xtz_per_objkt":"1000000"},{"swap_id":"23413","issuer":"tz1VtQeoKhdxSQnwXi9DFJzqvLytAoNrYpgU","objkt_amount":"1","xtz_per_objkt":"800000"}],"token_id":19798,"total_amount":7,"owners":{"KT1Hkg5qeNhfwpKW4fXvq7HGZB9z2EnmCCA9":"2","tz1PFXCc9hyJY1gUBCrUAhUkTwtK4mGk1HCp":"1","tz1bxe2Tp3EqWZqZX5Kvmg9MxTmX8LBiUchk":"1","tz28Y8knHfatxderihDHK58m2ZyFWyewJtU3":"1","tz2Pko9XdySHhMeJKX25eQJieNCEEu4FPgAo":"1","tz2Wbsywdmck8HEHxS5tANuj61L9wbuZEDhY":"1"},"token_info":{"name":"Schiff's Secret","description":"Schiff's Secret","tags":["Bitcoin","Gold","Schiff","Truth","@DJTezos"],"symbol":"OBJKT","artifactUri":"ipfs://QmURyfooz2U9e2PTnNDnxJ12BCKsaih24uTwf88Y2MpAaQ","displayUri":"","creators":["tz2Pko9XdySHhMeJKX25eQJieNCEEu4FPgAo"],"formats":[{"uri":"ipfs://QmURyfooz2U9e2PTnNDnxJ12BCKsaih24uTwf88Y2MpAaQ","mimeType":"image/png"}],"thumbnailUri":"ipfs://QmNrhZHUaEqxhyLfqoq1mtHSipkWHeT31LNHb1QEbDHgnc","decimals":0,"isBooleanAmount":false,"shouldPreferSymbol":false}}}