{"result":{"objectId":21899,"ipfsHash":"QmWH8eXTdFJEBRKvFaUmUawcgxY1q1EBGxvfWNTGf9KTds","swaps":[{"swap_id":"25723","issuer":"tz1Pv3MLA2iaRH2QmfzcofEf8HfJDZB64T6p","objkt_amount":"1","xtz_per_objkt":"20000000"},{"swap_id":"26595","issuer":"tz1MczMuuERfcDBNYScDkrTH3yUAS7iMG5FX","objkt_amount":"1","xtz_per_objkt":"19500000"},{"swap_id":"26599","issuer":"tz1MczMuuERfcDBNYScDkrTH3yUAS7iMG5FX","objkt_amount":"1","xtz_per_objkt":"11000000"},{"swap_id":"26602","issuer":"tz1MczMuuERfcDBNYScDkrTH3yUAS7iMG5FX","objkt_amount":"1","xtz_per_objkt":"13370000"}],"token_id":21899,"total_amount":10,"owners":{"KT1Hkg5qeNhfwpKW4fXvq7HGZB9z2EnmCCA9":"4","tz1MczMuuERfcDBNYScDkrTH3yUAS7iMG5FX":"5","tz2WKRK3i3zBjX8aAyFn3FVWmYDAHFudQgh2":"1"},"token_info":{"name":"Divine intervention","description":"A machine learning model named Aleph-Image created a visual abstraction for the phrase \"Divine intervention\". @Norod78","tags":["CLIP","aleph","devine","intervention","ai","ml"],"symbol":"OBJKT","artifactUri":"ipfs://Qma7rSN3GV9BCZw6yRhwDkTC35sqt9fydvu1XWP2jN3jhj","displayUri":"","creators":["tz1XafiAFyZhsr6eXeAbHhJWBVTHynB8BHDJ"],"formats":[{"uri":"ipfs://Qma7rSN3GV9BCZw6yRhwDkTC35sqt9fydvu1XWP2jN3jhj","mimeType":"image/jpeg"}],"thumbnailUri":"ipfs://QmNrhZHUaEqxhyLfqoq1mtHSipkWHeT31LNHb1QEbDHgnc","decimals":0,"isBooleanAmount":false,"shouldPreferSymbol":false}}}