{"objectId":"3587","ipfsHash":"QmTV6LTF4c2LM48gMcXrzGwxuQkr2K7V7Wu1AC7mpJp6yB","minter":"tz1TeLXGCQYuJyeSJcbdynDP2nh8t1A7AocZ","swaps":[],"token_id":"3587","token_info":{"name":"I need Tez","description":"NFT and physical artwork by Jon Burgerman","tags":["jonburgerman","burgerman","art","doodle"],"symbol":"OBJKT","artifactUri":"ipfs://QmQS92iSkxDEbSUzd2ro1RapVr2JXij7cBd95SEWz3Q1bj","creators":["tz1TeLXGCQYuJyeSJcbdynDP2nh8t1A7AocZ"],"formats":[{"uri":"ipfs://QmQS92iSkxDEbSUzd2ro1RapVr2JXij7cBd95SEWz3Q1bj","mimeType":"image/jpeg"}],"thumbnailUri":"ipfs://QmNrhZHUaEqxhyLfqoq1mtHSipkWHeT31LNHb1QEbDHgnc","decimals":0,"isBooleanAmount":false,"shouldPreferSymbol":false}}