{"objectId":"6156","ipfsHash":"QmeUYFS8CaBgJ7TK2M7aoAGpcojiresWDCfu1gzjhxzqss","minter":"tz1RM5QNSSxy7XhmAMc15NA2BqwNHGcwU3yS","swaps":[{"swap_id":"6156","objkt_id":"4775","amount":"1","xtz_per_objkt":"100000000"}],"token_id":"6156","token_info":{"name":"Why trouble yourself painting clouds when the sky churns out hits for sold out crowds?","description":"@littlescream - animated oil painting - 1731 × 1438 px - 2020","tags":["gif","animation","oilpainting","surrealism"],"symbol":"OBJKT","artifactUri":"ipfs://QmXR46APHegYvDq59F4MrCy4JRpVntdwSnqzEAXj7FvWAZ","creators":["tz1RM5QNSSxy7XhmAMc15NA2BqwNHGcwU3yS"],"formats":[{"uri":"ipfs://QmXR46APHegYvDq59F4MrCy4JRpVntdwSnqzEAXj7FvWAZ","mimeType":"image/gif"}],"thumbnailUri":"ipfs://QmNrhZHUaEqxhyLfqoq1mtHSipkWHeT31LNHb1QEbDHgnc","decimals":0,"isBooleanAmount":false,"shouldPreferSymbol":false}}