{"objectId":"7710","ipfsHash":"QmVs6dJygL6VznbZYZYR9jBEELyam7seqHkeoWLp6zDhzD","minter":"tz1gqfQnid9LHw3d6pXgksvGVLGyQUfWfP42","swaps":[{"swap_id":"7710","objkt_id":"5350","amount":"21","xtz_per_objkt":"3000000"}],"token_id":"7710","token_info":{"name":"YOU WON!","description":"A Tezos themed trophy for you, because you are a winner!","tags":["3D","tezos","trophy"],"symbol":"OBJKT","artifactUri":"ipfs://QmYhWMekdybnLbT5ag3vWkeijHtubGWasMuA6QVG4BDSJA","creators":["tz1gqfQnid9LHw3d6pXgksvGVLGyQUfWfP42"],"formats":[{"uri":"ipfs://QmYhWMekdybnLbT5ag3vWkeijHtubGWasMuA6QVG4BDSJA","mimeType":"model/gltf-binary"}],"thumbnailUri":"ipfs://QmNrhZHUaEqxhyLfqoq1mtHSipkWHeT31LNHb1QEbDHgnc","decimals":0,"isBooleanAmount":false,"shouldPreferSymbol":false}}