{"objectId":"5238","ipfsHash":"QmRKApzudWts9rCoNazqgtnDnJmcCjMLQbtYKV1R45PXU1","minter":"tz1ctJighHo6XN64YEmrHy3Fharv7SdkXV99","swaps":[{"swap_id":"5238","objkt_id":"5233","amount":"1","xtz_per_objkt":"100000000"}],"token_id":"5238","token_info":{"name":"Blinded by the Night","description":"","tags":[""],"symbol":"OBJKT","artifactUri":"ipfs://QmPetbsoVEYkEvjyL63FJZk7tKhWJM8BBa2yuGS2uJKnHk","creators":["tz1ctJighHo6XN64YEmrHy3Fharv7SdkXV99"],"formats":[{"uri":"ipfs://QmPetbsoVEYkEvjyL63FJZk7tKhWJM8BBa2yuGS2uJKnHk","mimeType":"image/jpeg"}],"thumbnailUri":"ipfs://QmNrhZHUaEqxhyLfqoq1mtHSipkWHeT31LNHb1QEbDHgnc","decimals":0,"isBooleanAmount":false,"shouldPreferSymbol":false}}