{"objectId":"2050","ipfsHash":"QmaZCyyhAaUdo6hJTWLiiL9NDPQh5TFCPsLxh81sy4v7xe","minter":"tz1dFKy2F39T5rTf2tGWHmDk3gAL6YJC1kXu","swaps":[{"swap_id":"2050","objkt_id":"2224","amount":"5","xtz_per_objkt":"2000000"}],"token_id":"2050","token_info":{"name":"ecology size cute route produce praise boil pottery echo sea noodle river common rocket boring subway immune pair autumn renew when offer solution gossip","description":"BIP39 poetry","tags":[],"symbol":"OBJKT","artifactUri":"ipfs://QmZpXFHW3WVL5sV4zaDauNGroqz8jYhz72fMRt7fXZgBLb","creators":["tz1dFKy2F39T5rTf2tGWHmDk3gAL6YJC1kXu"],"formats":[{"uri":"ipfs://QmZpXFHW3WVL5sV4zaDauNGroqz8jYhz72fMRt7fXZgBLb","mimeType":"image/png"}],"thumbnailUri":"ipfs://QmNrhZHUaEqxhyLfqoq1mtHSipkWHeT31LNHb1QEbDHgnc","decimals":0,"isBooleanAmount":false,"shouldPreferSymbol":false}}