{"objectId":"3303","ipfsHash":"QmZi5HyBr7yQUVJxqjPbEap9RbdsdqnhbwMCQjS8tYL1ND","minter":"tz1ZZbfbJwqVcHg1oPoso6oYY7yuDcw2BSmJ","swaps":[{"swap_id":"3303","objkt_id":"3372","amount":"2","xtz_per_objkt":"1000000"}],"token_id":"3303","token_info":{"name":"DarkGrowth","description":"If you have a migraine and your forehead is pressing! Created in realtime, with unreal engine.","tags":["realtime"],"symbol":"OBJKT","artifactUri":"ipfs://QmRDVVL4Z4Jsdh3AF57mcDyFAoD8tbWovYJz7Q2RpATiRf","creators":["tz1ZZbfbJwqVcHg1oPoso6oYY7yuDcw2BSmJ"],"formats":[{"uri":"ipfs://QmRDVVL4Z4Jsdh3AF57mcDyFAoD8tbWovYJz7Q2RpATiRf","mimeType":"image/png"}],"thumbnailUri":"ipfs://QmNrhZHUaEqxhyLfqoq1mtHSipkWHeT31LNHb1QEbDHgnc","decimals":0,"isBooleanAmount":false,"shouldPreferSymbol":false}}