{"result":{"objectId":22020,"ipfsHash":"QmQXwFJFSdjTu1RanpcQrHQZg4wgtNHXBZALz6mWzdcmy2","swaps":[{"swap_id":"40081","issuer":"tz1g459DJ5BqUN4T2VKizYv2HmR1eAhb1sdZ","objkt_amount":"50","xtz_per_objkt":"1000000"}],"token_id":22020,"total_amount":"50","owners":{"KT1Hkg5qeNhfwpKW4fXvq7HGZB9z2EnmCCA9":"50"},"token_info":{"name":"Face","description":"Big Face","tags":["face","big","kidsart"],"symbol":"OBJKT","artifactUri":"ipfs://QmXoQ6BUi5x9JxJRUgJLb5nAro5C6JGfDTfk8kNK3d1Cc3","displayUri":"","creators":["tz1g459DJ5BqUN4T2VKizYv2HmR1eAhb1sdZ"],"formats":[{"uri":"ipfs://QmXoQ6BUi5x9JxJRUgJLb5nAro5C6JGfDTfk8kNK3d1Cc3","mimeType":"image/png"}],"thumbnailUri":"ipfs://QmNrhZHUaEqxhyLfqoq1mtHSipkWHeT31LNHb1QEbDHgnc","decimals":0,"isBooleanAmount":false,"shouldPreferSymbol":false}}}