{"objectId":"6551","ipfsHash":"QmSZnzVadKRsCprnvLbstMd5QccnMQwJVCGesMtngcoeta","minter":"tz1TeLXGCQYuJyeSJcbdynDP2nh8t1A7AocZ","swaps":[],"token_id":"6551","token_info":{"name":"Everybody can be an artist","description":"1/1 NFT by Jon Burgerman. The first buyer of this peiece will also be sent the original physical drawing from Jon. Please DM on Twitter @jonburgerman to arrange shipping.","tags":["jonburgerman","burgerman","art","drawing","doodle","ink"],"symbol":"OBJKT","artifactUri":"ipfs://QmXEtkmgaDUhfgGjVBb9SFLB5bU1sEFgdHW6kBFmxkNzoX","creators":["tz1TeLXGCQYuJyeSJcbdynDP2nh8t1A7AocZ"],"formats":[{"uri":"ipfs://QmXEtkmgaDUhfgGjVBb9SFLB5bU1sEFgdHW6kBFmxkNzoX","mimeType":"image/jpeg"}],"thumbnailUri":"ipfs://QmNrhZHUaEqxhyLfqoq1mtHSipkWHeT31LNHb1QEbDHgnc","decimals":0,"isBooleanAmount":false,"shouldPreferSymbol":false}}