{"objectId":"13141","ipfsHash":"Qmc1Hpxz6mjMFVqbtzxD6kXdMs89sz1QwRqcZMC2BbrFzg","minter":"tz1dTFHgSNCBzReVKE6o6VMGhAf4MPRX9jFW","swaps":[{"swap_id":"13141","objkt_id":"13167","amount":"5","xtz_per_objkt":"19000000"}],"token_id":"13141","token_info":{"name":"Giannis Antetokounmpo, the \"Greek Freak\"","description":"NBA Collection #10. Dunha AI, 2021","tags":["GiannisAntetokounmpo","nba","BASKETBALL"],"symbol":"OBJKT","artifactUri":"ipfs://QmQAFvkYcyqUeGE2PPC6QTw5SyqaDNUvHD7cFQboYjZUZU","displayUri":null,"creators":["tz1dTFHgSNCBzReVKE6o6VMGhAf4MPRX9jFW"],"formats":[{"uri":"ipfs://QmQAFvkYcyqUeGE2PPC6QTw5SyqaDNUvHD7cFQboYjZUZU","mimeType":"image/jpeg"}],"thumbnailUri":"ipfs://QmNrhZHUaEqxhyLfqoq1mtHSipkWHeT31LNHb1QEbDHgnc","decimals":0,"isBooleanAmount":false,"shouldPreferSymbol":false}}