{"result":{"objectId":24818,"ipfsHash":"QmULFmQkknVAHfGjP5ag78B2DFZsypbyVJvXLy6oNcyDua","swaps":[],"token_id":24818,"total_amount":"1","owners":{"tz1fXcyugtuDQt7yMqHKNPcBkG9s1PqkqTCY":"1"},"token_info":{"name":"Wallet Constellation - 14","description":"A constellation based on a specific wallet address. This is the constellation of tz1fXcyugtuDQt7yMqHKNPcBkG9s1PqkqTCY.","tags":["HTML","INTERACTIVE","GENERATIVE","3D","ANIMATION"],"symbol":"OBJKT","artifactUri":"ipfs://Qmb67C6716oKdyL4K4zwsdpQBhJSExSM3v7mSQWAqTHfns","displayUri":"ipfs://QmXnnE4gNMSZpjX2zvFxKtB78qEHuTMfibaubD4UrgsTPo","creators":["tz1fUmgqttdH9eJ17FRdyeTSZ7eLBDajRN1Q"],"formats":[{"uri":"ipfs://Qmb67C6716oKdyL4K4zwsdpQBhJSExSM3v7mSQWAqTHfns","mimeType":"application/x-directory"}],"thumbnailUri":"ipfs://QmNrhZHUaEqxhyLfqoq1mtHSipkWHeT31LNHb1QEbDHgnc","decimals":0,"isBooleanAmount":false,"shouldPreferSymbol":false}}}