{"result":{"objectId":25065,"ipfsHash":"Qmaa3Ypygkg3YXZPfQymxGb2QKwBxuvpA2V2nmdGjnHM9d","swaps":[{"swap_id":"31292","issuer":"tz1QFk2DJhPkzp2nCN7Thpo4askJjQ3Zw6BU","objkt_amount":"1","xtz_per_objkt":"6000000"}],"token_id":25065,"total_amount":"1","owners":{"KT1Hkg5qeNhfwpKW4fXvq7HGZB9z2EnmCCA9":"1"},"token_info":{"name":"Metafern [f]","description":"Metaferns are a series of imagined ferns inspired by the specimens of New Zealand and assembled by custom-built software.","tags":["ferns","metaferns","vincentcharlebois"],"symbol":"OBJKT","artifactUri":"ipfs://QmV5q8NXPbxK3DqawsoCQbc1bhatb9wbVHLer3n7YCnQu9","displayUri":"","creators":["tz1QFk2DJhPkzp2nCN7Thpo4askJjQ3Zw6BU"],"formats":[{"uri":"ipfs://QmV5q8NXPbxK3DqawsoCQbc1bhatb9wbVHLer3n7YCnQu9","mimeType":"image/png"}],"thumbnailUri":"ipfs://QmNrhZHUaEqxhyLfqoq1mtHSipkWHeT31LNHb1QEbDHgnc","decimals":0,"isBooleanAmount":false,"shouldPreferSymbol":false}}}