{"objectId":"2379","ipfsHash":"QmRbzcJRDWoGc3jA8qRJ3DZ7GCTW8cDBLmtBjG61J6WT5Z","minter":"tz1PuipWs33aqS2KSG5k1qQtC6Dff1P1GBmM","swaps":[{"swap_id":"2379","objkt_id":"2515","amount":"100","xtz_per_objkt":"1200000"}],"token_id":"2379","token_info":{"name":"Smoke and mirrors","description":"Mixed media, Photography + custom software ","tags":["#photography#digital#mixedmedia"],"symbol":"OBJKT","artifactUri":"ipfs://QmTV5fTGcRNscjdSdtPYx9BrQ5KeexyX6wqsYLCiGzajV6","creators":["tz1PuipWs33aqS2KSG5k1qQtC6Dff1P1GBmM"],"formats":[{"uri":"ipfs://QmTV5fTGcRNscjdSdtPYx9BrQ5KeexyX6wqsYLCiGzajV6","mimeType":"image/jpeg"}],"thumbnailUri":"ipfs://QmNrhZHUaEqxhyLfqoq1mtHSipkWHeT31LNHb1QEbDHgnc","decimals":0,"isBooleanAmount":false,"shouldPreferSymbol":false}}