{"result":{"objectId":24232,"ipfsHash":"QmWkghYwgQQ4b34jVqJuEsd2yhHg8255ncjzX3DMMTDBVW","swaps":[{"swap_id":"29793","issuer":"tz1Mc9iCWwponAfeJgWEA5RujCa5ptk4g1A4","objkt_amount":"98","xtz_per_objkt":"2000000"}],"token_id":24232,"total_amount":99,"owners":{"KT1Hkg5qeNhfwpKW4fXvq7HGZB9z2EnmCCA9":"98","tz1Mc9iCWwponAfeJgWEA5RujCa5ptk4g1A4":"1"},"token_info":{"name":"Trying to remember a face","description":"Distant memory. Artist: Ilya Shkipin. 1024x1024","tags":["Airart","surrealism","portrait","girl","neural"],"symbol":"OBJKT","artifactUri":"ipfs://QmVZxAqVDK9XKYBnuiBofoFZ5zBRogjEHQXzfxp1HNHQnp","displayUri":"","creators":["tz1Mc9iCWwponAfeJgWEA5RujCa5ptk4g1A4"],"formats":[{"uri":"ipfs://QmVZxAqVDK9XKYBnuiBofoFZ5zBRogjEHQXzfxp1HNHQnp","mimeType":"image/jpeg"}],"thumbnailUri":"ipfs://QmNrhZHUaEqxhyLfqoq1mtHSipkWHeT31LNHb1QEbDHgnc","decimals":0,"isBooleanAmount":false,"shouldPreferSymbol":false}}}