{"result":{"objectId":25618,"ipfsHash":"QmUUQq4YQFC8864XPVuQrVXES1hTJtuuawj3cdrx7dAUkC","swaps":[],"token_id":25618,"total_amount":"7","owners":{"tz1burnburnburnburnburnburnburjAYjjX":"7"},"token_info":{"name":"Transcendence ☄️","description":"\"Transcendence\" is how I've been feeling lately. I feel the shift in the world and am forced to accept the inevitable changes. ","tags":["transcendence","comet","shootingstar","stars","aligned",""],"symbol":"OBJKT","artifactUri":"ipfs://QmQPtRvd8KBbfPjJVoJyZCraPcvza2CTTn7d5FGie1sHFW","displayUri":"","creators":["tz1SZFcNDKH7dhZ26QGK2emRJLwtE2Kr5NtH"],"formats":[{"uri":"ipfs://QmQPtRvd8KBbfPjJVoJyZCraPcvza2CTTn7d5FGie1sHFW","mimeType":"image/gif"}],"thumbnailUri":"ipfs://QmNrhZHUaEqxhyLfqoq1mtHSipkWHeT31LNHb1QEbDHgnc","decimals":0,"isBooleanAmount":false,"shouldPreferSymbol":false}}}