{"objectId":"2007","ipfsHash":"QmbUjNEYKafLd2HXtZQGURvu175Uy4UPW5Nptc4K6ii1Ms","minter":"tz1WQw2D6vNG6TgpoSuBZcEv7EkVqZWURPuF","swaps":[{"swap_id":"2007","objkt_id":"2161","amount":"9","xtz_per_objkt":"500000"}],"token_id":"2007","token_info":{"name":"Driving Me Insane.png","description":"3d Render 1920 x 1920 ","tags":[],"symbol":"OBJKT","artifactUri":"ipfs://QmWBXhhD2e48pU8zTsXgzfxFaMQHRSYceMXqgwKEa2qQUJ","creators":["tz1WQw2D6vNG6TgpoSuBZcEv7EkVqZWURPuF"],"formats":[{"uri":"ipfs://QmWBXhhD2e48pU8zTsXgzfxFaMQHRSYceMXqgwKEa2qQUJ","mimeType":"image/png"}],"thumbnailUri":"ipfs://QmNrhZHUaEqxhyLfqoq1mtHSipkWHeT31LNHb1QEbDHgnc","decimals":0,"isBooleanAmount":false,"shouldPreferSymbol":false}}