{"objectId":"3568","ipfsHash":"Qmc9fLp1gD7iA2WzAyanWNpso367UhvuNK2iKiibHhPUiH","minter":"tz1hivhReFVw7MS6qqnHvtJYMXdwRpFWM5iC","swaps":[{"swap_id":"3568","objkt_id":"3649","amount":"10","xtz_per_objkt":"3000000"}],"token_id":"3568","token_info":{"name":"Thundercats","description":"\"If you look at what you have in life, you'll always have more. If you look at what you don't have in life, you'll never have enough.\"","tags":["cats","video","art","iverse"],"symbol":"OBJKT","artifactUri":"ipfs://QmNe7S6nhdDtqWNV9b5h1uHymkFD4WucDzHpMTqBcBBgoA","creators":["tz1hivhReFVw7MS6qqnHvtJYMXdwRpFWM5iC"],"formats":[{"uri":"ipfs://QmNe7S6nhdDtqWNV9b5h1uHymkFD4WucDzHpMTqBcBBgoA","mimeType":"video/mp4"}],"thumbnailUri":"ipfs://QmNrhZHUaEqxhyLfqoq1mtHSipkWHeT31LNHb1QEbDHgnc","decimals":0,"isBooleanAmount":false,"shouldPreferSymbol":false}}