{"objectId":"12091","ipfsHash":"QmP5crxfanr6FyRXZyTqGG9fNkKojjsGnfp2QgZ2VVEgVD","minter":"tz2CWzuTWcEKCXd1KHbcEgmS7fDDQJb9U95Z","swaps":[],"token_id":"12091","token_info":{"name":"Diversity 10","description":"@issawianas tenth digital collage from my series of diversity experiments.","tags":["#PHOTOSHOP#DIGITAL#COLLAGE#DIVERSITY#EXPERIMENT#SERIES#TEZOS"],"symbol":"OBJKT","artifactUri":"ipfs://QmXF1FjoaCNzt8KDreJtn2YhQ6RLXMZdfphmZVWViGthod","creators":["tz2CWzuTWcEKCXd1KHbcEgmS7fDDQJb9U95Z"],"formats":[{"uri":"ipfs://QmXF1FjoaCNzt8KDreJtn2YhQ6RLXMZdfphmZVWViGthod","mimeType":"image/jpeg"}],"thumbnailUri":"ipfs://QmNrhZHUaEqxhyLfqoq1mtHSipkWHeT31LNHb1QEbDHgnc","decimals":0,"isBooleanAmount":false,"shouldPreferSymbol":false}}