{"objectId":"17102","ipfsHash":"QmeFRJAAZcohdiQtLE4XzKJyH6jDjjX6iCizjVs9tqUKjd","minter":"tz1g7Aaac9ssD7cDUTngyXyx8QiVUsAVZCjQ","swaps":[],"token_id":"17102","token_info":{"name":"Everyone Collects","description":"An experiment. The \"art\" will not display until all minted OBJKTs have been collected. It uses IPNS so the ID of the minted artwork can be added later. @tarwin","tags":["GENERATIVE","JS","ONCHAIN","EXPERIMENTS","IPNS"],"symbol":"OBJKT","artifactUri":"ipfs://QmQPdJ6StaLxYAL9MPUe6RnqJxRmyJ686pFi5BMQ1sn7q5","displayUri":"ipfs://QmYX9pGsBuTh2sDH1w36WRmeuPSj3AygXy3hZj3wgabWas","creators":["tz1g7Aaac9ssD7cDUTngyXyx8QiVUsAVZCjQ"],"formats":[{"uri":"ipfs://QmQPdJ6StaLxYAL9MPUe6RnqJxRmyJ686pFi5BMQ1sn7q5","mimeType":"application/x-directory"}],"thumbnailUri":"ipfs://QmNrhZHUaEqxhyLfqoq1mtHSipkWHeT31LNHb1QEbDHgnc","decimals":0,"isBooleanAmount":false,"shouldPreferSymbol":false}}