{"objectId":"5900","ipfsHash":"QmVpXMYQKhfpp7mDZ8MDC2t6CxRgD8bEgEgz4hgpS91mAL","minter":"tz2Gwqm3zDS5y2hy4qQQX9XntFBr79NTUb26","swaps":[],"token_id":"5900","token_info":{"name":"Winds of Change","description":"Artwork done by @Anasisana , https://anasisana.bandcamp.com/ #art #cleanNFT #NFT #NFTs #cryptoart #tezos #XTZ $XTZ","tags":["photoshop","visuals","digitalcollage","window","plants","butterfly","wood","leaves","colors","bright","dark","spring"],"symbol":"OBJKT","artifactUri":"ipfs://QmPyEDXFSkoZD92sNTqT8FUwCCrCSrx6jdPQEHFd3bcFj2","creators":["tz2Gwqm3zDS5y2hy4qQQX9XntFBr79NTUb26"],"formats":[{"uri":"ipfs://QmPyEDXFSkoZD92sNTqT8FUwCCrCSrx6jdPQEHFd3bcFj2","mimeType":"image/jpeg"}],"thumbnailUri":"ipfs://QmNrhZHUaEqxhyLfqoq1mtHSipkWHeT31LNHb1QEbDHgnc","decimals":0,"isBooleanAmount":false,"shouldPreferSymbol":false}}