{"objectId":"14407","ipfsHash":"QmbDRW6bpMn9RHjgtc43BqLtcYf3a9iWZuFUSeFTdnwAWM","minter":"tz1L7oVDv58oKd6dDrRAgXMhgZbJREvmrMg9","swaps":[],"token_id":"14407","token_info":{"name":"Pool 2","description":"by @codybales. 2547x3396 jpeg. A mix of pixel sorting, Audacity audio effects on image file, and GIMP. My submission for #OBJKT4OBJKT.","tags":["JPEG","ABSTRACT","GLITCH","OBJKT4OBJKT"],"symbol":"OBJKT","artifactUri":"ipfs://QmTYyJ8KwxhuVDJK5VTAkjaM7ct8SDj4S8SB5x4Pf54HUo","displayUri":null,"creators":["tz1L7oVDv58oKd6dDrRAgXMhgZbJREvmrMg9"],"formats":[{"uri":"ipfs://QmTYyJ8KwxhuVDJK5VTAkjaM7ct8SDj4S8SB5x4Pf54HUo","mimeType":"image/jpeg"}],"thumbnailUri":"ipfs://QmNrhZHUaEqxhyLfqoq1mtHSipkWHeT31LNHb1QEbDHgnc","decimals":0,"isBooleanAmount":false,"shouldPreferSymbol":false}}