{"objectId":"392","ipfsHash":"QmbmfWT9oH6ioFWm2bsR56of4oVGyCfNFATboLNUfc73oV","minter":"tz1LS9yPMo6cUQcxpeakNAJkPnAMqLrvjGCo","swaps":[],"token_id":"392","token_info":{"name":"3eyelizardproblem","description":"ALife is also fighting against entropy. Too hard sometimes.","tags":[],"symbol":"OBJKT","artifactUri":"ipfs://QmdBNmFgfXe6Weq8Vp6G6FEZWo8NC5HBfckuRXrog2igxq","creators":["tz1LS9yPMo6cUQcxpeakNAJkPnAMqLrvjGCo"],"formats":[{"uri":"ipfs://QmdBNmFgfXe6Weq8Vp6G6FEZWo8NC5HBfckuRXrog2igxq","mimeType":"video/mp4"}],"thumbnailUri":"ipfs://QmNrhZHUaEqxhyLfqoq1mtHSipkWHeT31LNHb1QEbDHgnc","decimals":0,"isBooleanAmount":false,"shouldPreferSymbol":false}}