{"result":{"objectId":24009,"ipfsHash":"QmXR5PcYiWqTuBV25ViwX2ek2NZP8eqxXt6XyHLQPuvnXL","swaps":[{"swap_id":"29309","issuer":"tz1YZ4VZCRPoiDyGP3U69jCq2S8duDUcRjHP","objkt_amount":"11","xtz_per_objkt":"5000000"}],"token_id":24009,"total_amount":15,"owners":{"KT1Hkg5qeNhfwpKW4fXvq7HGZB9z2EnmCCA9":"11","tz1MCaehYRvrhPWv7HiCYQKyi9WDXbAUZkwv":"3","tz1YZ4VZCRPoiDyGP3U69jCq2S8duDUcRjHP":"1"},"token_info":{"name":"Precision: planned","description":"Part of a series, \"Precisions\", 2048 x 2048 PNG, @LorenBednar","tags":["generative","minimalism","monochrome","precision"],"symbol":"OBJKT","artifactUri":"ipfs://QmS2cLCVumjhCSDDz7suQQZjjAKYAdJqnAkrKrLTyoe3PY","displayUri":"","creators":["tz1YZ4VZCRPoiDyGP3U69jCq2S8duDUcRjHP"],"formats":[{"uri":"ipfs://QmS2cLCVumjhCSDDz7suQQZjjAKYAdJqnAkrKrLTyoe3PY","mimeType":"image/png"}],"thumbnailUri":"ipfs://QmNrhZHUaEqxhyLfqoq1mtHSipkWHeT31LNHb1QEbDHgnc","decimals":0,"isBooleanAmount":false,"shouldPreferSymbol":false}}}