{"result":{"objectId":23631,"ipfsHash":"QmaRr2UegVhmHEYeAi3LsWnmF6YeNsBMbAwtgSW1Bd3Fua","swaps":[{"swap_id":"28566","issuer":"tz1PADW67gHdeXY8mxmM13vn7V7oXvW8MgPr","objkt_amount":"1","xtz_per_objkt":"15000000"}],"token_id":23631,"total_amount":"1","owners":{"KT1Hkg5qeNhfwpKW4fXvq7HGZB9z2EnmCCA9":"1"},"token_info":{"name":"Divisio(A)#11","description":"@Eltono — 1/1/99 — generated on: 31/03/2021 — .PNG 1700 x 1700 px — https://www.eltono.com/lab/projects/divisio/","tags":["generative","generativeart","abstract","processing"],"symbol":"OBJKT","artifactUri":"ipfs://QmNtNoz7awD8vVBs6wqGFKWcQVeETy3XE1r2aB6ksPbDPi","displayUri":"","creators":["tz1PADW67gHdeXY8mxmM13vn7V7oXvW8MgPr"],"formats":[{"uri":"ipfs://QmNtNoz7awD8vVBs6wqGFKWcQVeETy3XE1r2aB6ksPbDPi","mimeType":"image/png"}],"thumbnailUri":"ipfs://QmNrhZHUaEqxhyLfqoq1mtHSipkWHeT31LNHb1QEbDHgnc","decimals":0,"isBooleanAmount":false,"shouldPreferSymbol":false}}}