{"result":{"objectId":29953,"ipfsHash":"QmWBE8dfsT8yiWEbrYfnFdVnubLXxet6RCh33JoqD8ttaV","swaps":[{"swap_id":"40615","issuer":"tz1KvdAPtHVuSW1HtgNzZk3EVPdx6cK6BqQU","objkt_amount":"1","xtz_per_objkt":"10000000"}],"token_id":29953,"total_amount":3,"owners":{"KT1Hkg5qeNhfwpKW4fXvq7HGZB9z2EnmCCA9":"1","tz1KvdAPtHVuSW1HtgNzZk3EVPdx6cK6BqQU":"2"},"token_info":{"name":"201020 002","description":"Still image from video installation as painting composition","tags":["video","still","installation","painting"],"symbol":"OBJKT","artifactUri":"ipfs://QmfUvDFCfLWpoSYDAdjn9RAvjsHSm3zJxMWHL9t718vk6V","displayUri":"","thumbnailUri":"ipfs://QmNrhZHUaEqxhyLfqoq1mtHSipkWHeT31LNHb1QEbDHgnc","creators":["tz1KvdAPtHVuSW1HtgNzZk3EVPdx6cK6BqQU"],"formats":[{"uri":"ipfs://QmfUvDFCfLWpoSYDAdjn9RAvjsHSm3zJxMWHL9t718vk6V","mimeType":"image/png"}],"decimals":0,"isBooleanAmount":false,"shouldPreferSymbol":false}}}