{"objectId":"14515","ipfsHash":"QmUcNf2sBTvWCnEvvsJ2CWJK9yXgqdwFJCT5nRPhxqVzch","minter":"tz1gVKxpEGC7QW1fZyEEMEW2kgJRbpgWLNpD","swaps":[{"swap_id":"14515","objkt_id":"14332","amount":"10","xtz_per_objkt":"1000000"}],"token_id":"14515","token_info":{"name":"Ocells","description":"Generative exploration | .mp4, 10s | An original artwork by Iskra Velitchkova, for celebrating the #OBJKT4OBJKT event. Happy making history @hicetnunc2000! @pointline in TW, @ognyveli in IG, iskraovelitchkova.com","tags":["processing","generative","generativeart","genart","geometry","rect","algorithmicart"],"symbol":"OBJKT","artifactUri":"ipfs://QmW9kLgiwbfr6ahFdKJ2Nx6BzU4SrvLxQtcN1uEe3St9tb","displayUri":null,"creators":["tz1gVKxpEGC7QW1fZyEEMEW2kgJRbpgWLNpD"],"formats":[{"uri":"ipfs://QmW9kLgiwbfr6ahFdKJ2Nx6BzU4SrvLxQtcN1uEe3St9tb","mimeType":"video/mp4"}],"thumbnailUri":"ipfs://QmNrhZHUaEqxhyLfqoq1mtHSipkWHeT31LNHb1QEbDHgnc","decimals":0,"isBooleanAmount":false,"shouldPreferSymbol":false}}