{"objectId":"6290","ipfsHash":"QmWp3FkMfRCrwn9MzydJS8peEzipQbXQLrngJNBHGPd47Z","minter":"tz1YYSiMngd1WwdDUBBtxo2dqhfMXRrUrGgR","swaps":[{"swap_id":"6290","objkt_id":"6347","amount":"1","xtz_per_objkt":"50000000"}],"token_id":"6290","token_info":{"name":"ReliefMapGAN","description":"StyleGAN2 trained on cross blended hypsometric relief maps","tags":["generative","map","stylegan2","video"],"symbol":"OBJKT","artifactUri":"ipfs://QmVUV5EAddcS4N92SYuQaT3VpvEHZJSvRXnsmvJmn2uagT","creators":["tz1YYSiMngd1WwdDUBBtxo2dqhfMXRrUrGgR"],"formats":[{"uri":"ipfs://QmVUV5EAddcS4N92SYuQaT3VpvEHZJSvRXnsmvJmn2uagT","mimeType":"video/mp4"}],"thumbnailUri":"ipfs://QmNrhZHUaEqxhyLfqoq1mtHSipkWHeT31LNHb1QEbDHgnc","decimals":0,"isBooleanAmount":false,"shouldPreferSymbol":false}}