{"result":{"objectId":23148,"ipfsHash":"QmecmozMPqD8LADK8DSTMwtqqioyxifw7fxLt4J9iWWnps","swaps":[],"token_id":23148,"total_amount":"5","owners":{"tz1burnburnburnburnburnburnburjAYjjX":"5"},"token_info":{"name":"Mouse In The House","description":"@eyaler","tags":[""],"symbol":"OBJKT","artifactUri":"ipfs://QmbDNNnadnmbENeV99D3EQJCqWqwjsf366MjBhNHrs3VuM","displayUri":"","creators":["tz1YqCZ8u8cFYDohvqqrnYjz6iQGmnmrwvVP"],"formats":[{"uri":"ipfs://QmbDNNnadnmbENeV99D3EQJCqWqwjsf366MjBhNHrs3VuM","mimeType":"image/svg+xml"}],"thumbnailUri":"ipfs://QmNrhZHUaEqxhyLfqoq1mtHSipkWHeT31LNHb1QEbDHgnc","decimals":0,"isBooleanAmount":false,"shouldPreferSymbol":false}}}