{"objectId":"3616","ipfsHash":"QmfYyPi5EPLAUYK7cQEEjaCBysXpTSi83YqViuAx9kjRzk","minter":"tz1LMNQj22tZH9q1gZkpJwENi73Np5tns8fn","swaps":[{"swap_id":"3616","objkt_id":"3677","amount":"1","xtz_per_objkt":"40000000"}],"token_id":"3616","token_info":{"name":"Mischief Tag","description":"A graffiti style Mischief tag for the hic et nunc community.","tags":["ChrisMischief","graffiti","tags"],"symbol":"OBJKT","artifactUri":"ipfs://QmNw2LyfPLGmT8A3CtxJjNpAovViv3J71nv8bm9BG48y8p","creators":["tz1LMNQj22tZH9q1gZkpJwENi73Np5tns8fn"],"formats":[{"uri":"ipfs://QmNw2LyfPLGmT8A3CtxJjNpAovViv3J71nv8bm9BG48y8p","mimeType":"image/jpeg"}],"thumbnailUri":"ipfs://QmNrhZHUaEqxhyLfqoq1mtHSipkWHeT31LNHb1QEbDHgnc","decimals":0,"isBooleanAmount":false,"shouldPreferSymbol":false}}