{"objectId":"3354","ipfsHash":"QmUUFygJxdG1P6m2CAU5hEEhfSupBfVW4WR7PoNdi5q8Yj","minter":"tz2M8wUVctsHkQq6zEugKTgieYbdzEuuhpkc","swaps":[{"swap_id":"3354","objkt_id":"3420","amount":"10","xtz_per_objkt":"1000000"}],"token_id":"3354","token_info":{"name":"THE GREAT DIVERSION","description":"A TRUE GREAT ART PIECE WILL INDUCE DEEP EMOTIONS","tags":["RARE","NEW","TEZOS","CREATORS","LIKE","INSTAGRAM","FACEBOOK","SOCIAL","NFTLOVE"],"symbol":"OBJKT","artifactUri":"ipfs://QmPbwbiNXQB78qDvx7kEsNLva2XSahYaAAzV7XqZqqBejy","creators":["tz2M8wUVctsHkQq6zEugKTgieYbdzEuuhpkc"],"formats":[{"uri":"ipfs://QmPbwbiNXQB78qDvx7kEsNLva2XSahYaAAzV7XqZqqBejy","mimeType":"image/jpeg"}],"thumbnailUri":"ipfs://QmNrhZHUaEqxhyLfqoq1mtHSipkWHeT31LNHb1QEbDHgnc","decimals":0,"isBooleanAmount":false,"shouldPreferSymbol":false}}