{"objectId":"9132","ipfsHash":"QmWMCJAGmmQRy9mrjkVg7RFVg6LcStFpDPYzhhJANupXxu","minter":"tz1PFuMKMAgyzpRtJnyy1ZH47brRyNKYPH8k","swaps":[{"swap_id":"9132","objkt_id":"9164","amount":"4","xtz_per_objkt":"1000000"}],"token_id":"9132","token_info":{"name":"Abstract Landscape","description":"Dark Landscape by @olta_Art","tags":["art","land","climate"],"symbol":"OBJKT","artifactUri":"ipfs://QmYXboTJhq5KiLXLbhn6aXBUqMDzA8Px2BEED2JsygySMX","creators":["tz1PFuMKMAgyzpRtJnyy1ZH47brRyNKYPH8k"],"formats":[{"uri":"ipfs://QmYXboTJhq5KiLXLbhn6aXBUqMDzA8Px2BEED2JsygySMX","mimeType":"image/jpeg"}],"thumbnailUri":"ipfs://QmNrhZHUaEqxhyLfqoq1mtHSipkWHeT31LNHb1QEbDHgnc","decimals":0,"isBooleanAmount":false,"shouldPreferSymbol":false}}