{"objectId":"5054","ipfsHash":"QmTUeTu1F1ctjnk8gVhmN6Z9poNMuiQFVEPcvHhgjSU1s3","minter":"tz1YMqQQme7jcERyk2586QDT9fqWGCz9L2fQ","swaps":[{"swap_id":"5054","objkt_id":"5057","amount":"100","xtz_per_objkt":"4000000"}],"token_id":"5054","token_info":{"name":"emo-gan-face-rec.mp4","description":"I trained a GAN with 600 images of emo selfies. The output of the faces didn't come out as I had hoped but I found it interesting that the faces could still be recognized with face recognition technology. http://violetforest.com insta: violetforest.js twitter: violet_forest","tags":["ML","Gan"],"symbol":"OBJKT","artifactUri":"ipfs://QmRkbd6y22g1QSC9WyQ8bKYs8DxAQUpaY2Zy5k9QppBb5f","creators":["tz1YMqQQme7jcERyk2586QDT9fqWGCz9L2fQ"],"formats":[{"uri":"ipfs://QmRkbd6y22g1QSC9WyQ8bKYs8DxAQUpaY2Zy5k9QppBb5f","mimeType":"video/mp4"}],"thumbnailUri":"ipfs://QmNrhZHUaEqxhyLfqoq1mtHSipkWHeT31LNHb1QEbDHgnc","decimals":0,"isBooleanAmount":false,"shouldPreferSymbol":false}}