{"objectId":"15611","ipfsHash":"QmbRd6T1LPSUnLn97hVW1sQh3ZQyfwNQ4GcxtXQ5dmq126","minter":"tz1QWFRpbN4rA8vABvxPAREtuffu6F1VKFTB","swaps":[{"swap_id":"15611","objkt_id":"13918","amount":"1","xtz_per_objkt":"4750000"}],"token_id":"15611","token_info":{"name":"Procedural Tiles VI : Cross & Skullbones II","description":"Part VI in my procedural grid series - A new living artwork everyday :: @shig_nft 2021","tags":["JS","SVG","ProceduralArt"],"symbol":"OBJKT","artifactUri":"ipfs://QmRyQQPtHM9vojr75pRhg5Wn6drvGj4hZsHyWxDwAhq3eK","displayUri":"","creators":["tz1QWFRpbN4rA8vABvxPAREtuffu6F1VKFTB"],"formats":[{"uri":"ipfs://QmRyQQPtHM9vojr75pRhg5Wn6drvGj4hZsHyWxDwAhq3eK","mimeType":"image/svg+xml"}],"thumbnailUri":"ipfs://QmNrhZHUaEqxhyLfqoq1mtHSipkWHeT31LNHb1QEbDHgnc","decimals":0,"isBooleanAmount":false,"shouldPreferSymbol":false}}