{"objectId":"4184","ipfsHash":"QmXfFfCuWFdCt4h2fRcuFdsQTV5CXkzftrbpgedWPTnbtL","minter":"tz1X6Ji471NrF9Zknh88bd5d39cj8mzJynD2","swaps":[],"token_id":"4184","token_info":{"name":"Geodata Generative Structure: Sphere 001","description":"Generative 3d structure constructed by the use of satellite imagery and (few) perlin noise fonctions. The beauty in randmoness. Nathan Ehrstein @nathan.eh Date of creation 11.03.2021 File: 2560*2560px Duration: 34sec ","tags":["generative","3d","object","structure","sphere","design","complexe","randomness","geodata"],"symbol":"OBJKT","artifactUri":"ipfs://QmZWp671For9baBKusK4Me99B5a8hvif9FsCL9Vvs9bejw","creators":["tz1X6Ji471NrF9Zknh88bd5d39cj8mzJynD2"],"formats":[{"uri":"ipfs://QmZWp671For9baBKusK4Me99B5a8hvif9FsCL9Vvs9bejw","mimeType":"video/quicktime"}],"thumbnailUri":"ipfs://QmNrhZHUaEqxhyLfqoq1mtHSipkWHeT31LNHb1QEbDHgnc","decimals":0,"isBooleanAmount":false,"shouldPreferSymbol":false}}