{"objectId":"11202","ipfsHash":"Qme36ZfwJzzMSyCrLNhsgFc4NNV2emMqyuAsDaUixvwxPd","minter":"tz1MhtWH3ATycAbKayhLKaWKUMFGZwYZtip2","swaps":[],"token_id":"11202","token_info":{"name":"ECO - 001B","description":"Paired diptych piece with it's sister over on Foundation - Ethereum network.","tags":["eco","whale","oceandiptych"],"symbol":"OBJKT","artifactUri":"ipfs://QmRXm7TgdoudKp89wGA8Uk6Wx1LfPutmFMRFWGVBGYwsQ5","creators":["tz1MhtWH3ATycAbKayhLKaWKUMFGZwYZtip2"],"formats":[{"uri":"ipfs://QmRXm7TgdoudKp89wGA8Uk6Wx1LfPutmFMRFWGVBGYwsQ5","mimeType":"image/jpeg"}],"thumbnailUri":"ipfs://QmNrhZHUaEqxhyLfqoq1mtHSipkWHeT31LNHb1QEbDHgnc","decimals":0,"isBooleanAmount":false,"shouldPreferSymbol":false}}