{"objectId":"17010","ipfsHash":"Qme4d8wZkhozFjYAEe9QXDZhTUk7tcmHCXijoRmqvDcFKj","minter":"tz1ekHgBBpmw9RX5qi1frJf1FFwG14DwpFEu","swaps":[],"token_id":"17010","token_info":{"name":"Cherry Blossoms","description":"An animated flow of a Cherry Blossom tree.","tags":["Flows","Trees","CherryBlossoms","Flowfield"],"symbol":"OBJKT","artifactUri":"ipfs://QmPpA2FG6KnAD4qxKNnoi3M2ysE12F4T3An3DPVqUYtkxM","displayUri":"","creators":["tz1ekHgBBpmw9RX5qi1frJf1FFwG14DwpFEu"],"formats":[{"uri":"ipfs://QmPpA2FG6KnAD4qxKNnoi3M2ysE12F4T3An3DPVqUYtkxM","mimeType":"video/mp4"}],"thumbnailUri":"ipfs://QmNrhZHUaEqxhyLfqoq1mtHSipkWHeT31LNHb1QEbDHgnc","decimals":0,"isBooleanAmount":false,"shouldPreferSymbol":false}}