{"objectId":"9974","ipfsHash":"Qmbh1UmDe6sXdeTcWPN1VgGVSHnJ1FpMZ2pg3r8MvLGEvx","minter":"tz1deTns1UtVC1XVEuGWJapQNeZrBSrgikXB","swaps":[],"token_id":"9974","token_info":{"name":"•Gelb Prisma•","description":"•Gelb Prisma• 1080x1920 - 4k - .mp4 - loop SÁ minted an edition of Prisma works to honour the perception of time passing. The Prisma series was created at the Winter Solstice of 2019, interlaced with the Spring Equinox of 2020. DM instagram.com/docu.mented/","tags":["•SÁ2021•","hicetnunc.xyz","TIME","EQUINOX","PRISMA","nft_fineart"],"symbol":"OBJKT","artifactUri":"ipfs://Qmf3Cc6NCzY4jVJNP3mqQxpAVgHKVJSGkrGr38qcFSFLMe","creators":["tz1deTns1UtVC1XVEuGWJapQNeZrBSrgikXB"],"formats":[{"uri":"ipfs://Qmf3Cc6NCzY4jVJNP3mqQxpAVgHKVJSGkrGr38qcFSFLMe","mimeType":"video/mp4"}],"thumbnailUri":"ipfs://QmNrhZHUaEqxhyLfqoq1mtHSipkWHeT31LNHb1QEbDHgnc","decimals":0,"isBooleanAmount":false,"shouldPreferSymbol":false}}