{"result":{"objectId":31030,"ipfsHash":"QmdYeDxFRS7beVzjGsckKFQ7gb9LXonSRQBrYbPq4H2ZSx","swaps":[],"token_id":31030,"total_amount":"1","owners":{"tz1NBZbCJG5rvVPW83LcD53UPg11vZug8FRc":"1"},"token_info":{"name":"ngram_55","description":"datcsv","tags":["NGRAM","GEOMETRY","BLACK","WHITE","DATCSV"],"symbol":"OBJKT","artifactUri":"ipfs://QmXVUNoiUAMEVLdAnfV6vQg7qn5roHM3bbTayQWch9ovsK","displayUri":"","thumbnailUri":"ipfs://QmNrhZHUaEqxhyLfqoq1mtHSipkWHeT31LNHb1QEbDHgnc","creators":["tz1L5vaycmTzEDekjDJSFZJ1V8FPwAUCVSDM"],"formats":[{"uri":"ipfs://QmXVUNoiUAMEVLdAnfV6vQg7qn5roHM3bbTayQWch9ovsK","mimeType":"image/png"}],"decimals":0,"isBooleanAmount":false,"shouldPreferSymbol":false}}}