{"objectId":"10043","ipfsHash":"QmUXpHToTKJetTJHucqi93S2stvu2zTKQYZiVLikzLMoWM","minter":"tz1LrQZuDuGrtozMZxhwQAZjdqJjXHPxVja8","swaps":[{"swap_id":"10043","objkt_id":"10065","amount":"2","xtz_per_objkt":"7000000"}],"token_id":"10043","token_info":{"name":"Untitled 1","description":"The mired depths of a person's soul are beyond comprehension","tags":["svg","webgl","raymarched","interactive"],"symbol":"OBJKT","artifactUri":"ipfs://QmcAdz7aPE6trvT5u11VUgXnGwZ45q8DiLRCq1TaPzKd64","creators":["tz1LrQZuDuGrtozMZxhwQAZjdqJjXHPxVja8"],"formats":[{"uri":"ipfs://QmcAdz7aPE6trvT5u11VUgXnGwZ45q8DiLRCq1TaPzKd64","mimeType":"image/svg+xml"}],"thumbnailUri":"ipfs://QmNrhZHUaEqxhyLfqoq1mtHSipkWHeT31LNHb1QEbDHgnc","decimals":0,"isBooleanAmount":false,"shouldPreferSymbol":false}}