{"result":{"objectId":25927,"ipfsHash":"QmTQNfX3yKDZSj4v2fsyBiqTtRkUYagKX5QSpCCgB8mmRS","swaps":[{"swap_id":"32944","issuer":"tz1f4r4q1kEmm2FJ2dY5um6n29YsypaTTxDA","objkt_amount":"2","xtz_per_objkt":"750000"}],"token_id":25927,"total_amount":"2","owners":{"KT1Hkg5qeNhfwpKW4fXvq7HGZB9z2EnmCCA9":"2"},"token_info":{"name":"ebb and flow","description":"a photo i've taken during a very special trip. i was really into in experiment some water/other fluid photos, and there was a river near my camp that  was perfect to have some fun :) 2287x1525px","tags":["camera","dslr","photo","water","fluid","postprocessing","photoshop","lightroom"],"symbol":"OBJKT","artifactUri":"ipfs://QmNjgEc3VGYog4uSSCYac3KFaCn6DSB8E8DpfTJQgxgjrA","displayUri":"","creators":["tz1f4r4q1kEmm2FJ2dY5um6n29YsypaTTxDA"],"formats":[{"uri":"ipfs://QmNjgEc3VGYog4uSSCYac3KFaCn6DSB8E8DpfTJQgxgjrA","mimeType":"image/jpeg"}],"thumbnailUri":"ipfs://QmNrhZHUaEqxhyLfqoq1mtHSipkWHeT31LNHb1QEbDHgnc","decimals":0,"isBooleanAmount":false,"shouldPreferSymbol":false}}}