{"objectId":"16314","ipfsHash":"QmeSJWLzSvvTsmfqRUVboAXq26Uf72MgGmLpmEZmBTagYS","minter":"tz1Ro9i81eKXfeDTdMCCEzEpGJtZbZ8dW4nE","swaps":[],"token_id":"16314","token_info":{"name":"Axiam Prophetical ","description":"The collector of this NFT is entitled to receive a Print on canvas. ","tags":["Camefromthestars.Todanceuponearth."],"symbol":"OBJKT","artifactUri":"ipfs://QmTQjqKu8Y3NmvjVpUDNf4PA4oSB9apNbVUDv51cGtDZny","displayUri":null,"creators":["tz1Ro9i81eKXfeDTdMCCEzEpGJtZbZ8dW4nE"],"formats":[{"uri":"ipfs://QmTQjqKu8Y3NmvjVpUDNf4PA4oSB9apNbVUDv51cGtDZny","mimeType":"image/jpeg"}],"thumbnailUri":"ipfs://QmNrhZHUaEqxhyLfqoq1mtHSipkWHeT31LNHb1QEbDHgnc","decimals":0,"isBooleanAmount":false,"shouldPreferSymbol":false}}