{"result":{"objectId":17786,"ipfsHash":"QmbQpM3zo8gJWUbsmtSi9daN2iQWJh8mEpwYzxnVf3kvpu","swaps":[],"token_id":17786,"total_amount":"25","owners":{"tz1burnburnburnburnburnburnburjAYjjX":"25"},"token_info":{"name":"Landscape VI","description":"Found black-and-white negative :: 6305 ×4181 px :: romandrits.com :: @romandrits","tags":["#landscape","#photography","#bw","#blackandwhite"],"symbol":"OBJKT","artifactUri":"ipfs://QmdybR2QDNmpPjJJ8T7nKvzStA8JEs1ydTmiAPGS7jxkXY","displayUri":"","creators":["tz1TB7TNaDuKVXBFGgWC1Tp5oBqc2NBnFpKD"],"formats":[{"uri":"ipfs://QmdybR2QDNmpPjJJ8T7nKvzStA8JEs1ydTmiAPGS7jxkXY","mimeType":"image/jpeg"}],"thumbnailUri":"ipfs://QmNrhZHUaEqxhyLfqoq1mtHSipkWHeT31LNHb1QEbDHgnc","decimals":0,"isBooleanAmount":false,"shouldPreferSymbol":false}}}