{"objectId":"10385","ipfsHash":"QmV4CVAcZkKbUdAitWFyNfsRdfJg4RfDcAW972sGGeCHUc","minter":"tz1VL4tkbHt8DceVYTuhFf9ByPgFnAV9SBfn","swaps":[],"token_id":"10385","token_info":{"name":"Mazliach Beer","description":"An initial idea for a logo, for the first business I started in the Upper Galilee in Israel. The business was supposed to be a social beer tap רעיון ראשוני ללוגו, לעסק ראשון שפתחתי בגליל העליון בישראל. העסק היה אמור להיות ברז בירה חברתי ","tags":["BeerIsraeltap"],"symbol":"OBJKT","artifactUri":"ipfs://QmfZsZcV52JXkGbkECxmdtDqYDA7BhRAtCXDJ7bmTrfjC8","creators":["tz1VL4tkbHt8DceVYTuhFf9ByPgFnAV9SBfn"],"formats":[{"uri":"ipfs://QmfZsZcV52JXkGbkECxmdtDqYDA7BhRAtCXDJ7bmTrfjC8","mimeType":"image/png"}],"thumbnailUri":"ipfs://QmNrhZHUaEqxhyLfqoq1mtHSipkWHeT31LNHb1QEbDHgnc","decimals":0,"isBooleanAmount":false,"shouldPreferSymbol":false}}