{"result":{"objectId":26608,"ipfsHash":"QmVTGV52LiXU3xp9YrgHi8uUXmMC7nVn9giMkWxnbTzkP5","swaps":[{"swap_id":"35917","issuer":"tz1boioU6sPvbHyaaA7Gno8XRB4X1BjaRdQt","objkt_amount":"5","xtz_per_objkt":"500000"},{"swap_id":"34245","issuer":"tz1boioU6sPvbHyaaA7Gno8XRB4X1BjaRdQt","objkt_amount":"3","xtz_per_objkt":"50000"}],"token_id":26608,"total_amount":15,"owners":{"KT1Hkg5qeNhfwpKW4fXvq7HGZB9z2EnmCCA9":"8","tz1KxXWRc6WBSpmLsRkTxT4ahA1pTFgFW3HE":"1","tz1NBZbCJG5rvVPW83LcD53UPg11vZug8FRc":"1","tz1Sy9gJjqzDqb8yXmnu3niPtExyhHhfPxn1":"1","tz1TG9d5ACUTVsyASTP2yi412VbW8hf2HUV6":"1","tz1ZcuMhavGgdA2qSS3JgMummVGZ2UtGKc4h":"1","tz1bxe2Tp3EqWZqZX5Kvmg9MxTmX8LBiUchk":"1","tz1fEzsdDE7yW1jFJVupLk8fqWqh3HWF4kME":"1"},"token_info":{"name":"BROKEN - 062","description":"This is MR.GREY from the Pinkcloud Crew !  https://linktr.ee/PinkcloudNFT -   The series is called BROKEN ( Because I broke my back and lost my job...to stay sane, I've poured myself into my creations!)     I've been a videos artist for a while, but I'm trying something new here!    This series will be composed of 999 items, so I've created a 2nd account just for it. Our main account : tz1UE2omGnq3NzmMdxADYp1dcgvRKFuoFmy7 --------- P.L.U.R. ","tags":["MR.GREY","GENERATIVEART","PINKCLOUD","PINKCLOUDNFTS","Broken","Texture","Trippy","Colors"],"symbol":"OBJKT","artifactUri":"ipfs://QmeRmEcK9H3VX2jHLjaWne67WVk462LVS4xnT5B3eqmRvt","displayUri":"","creators":["tz1boioU6sPvbHyaaA7Gno8XRB4X1BjaRdQt"],"formats":[{"uri":"ipfs://QmeRmEcK9H3VX2jHLjaWne67WVk462LVS4xnT5B3eqmRvt","mimeType":"image/jpeg"}],"thumbnailUri":"ipfs://QmNrhZHUaEqxhyLfqoq1mtHSipkWHeT31LNHb1QEbDHgnc","decimals":0,"isBooleanAmount":false,"shouldPreferSymbol":false}}}