{"objectId":"4429","ipfsHash":"QmWsE8buTvPeGMuLqniHEheiuztzX9UgY9KD7RTRN7hqyY","minter":"tz1UDwFTsdKxJaXuHE9eavD4MUvyAk185wEx","swaps":[],"token_id":"4429","token_info":{"name":"abstract dreamy aesthetics #29","description":"This is a unique piece from an abstract dreamy aesthetics collection. Total 33 NFT are minted, each in 3 copies.","tags":["aesthetics","abstract","stylegan","artwork","neuralnetwork","machinelearning"],"symbol":"OBJKT","artifactUri":"ipfs://QmNeZqDGU2c5a3dqva5qPDQSKks3kgq6wEiqt8EfrkGHpU","creators":["tz1UDwFTsdKxJaXuHE9eavD4MUvyAk185wEx"],"formats":[{"uri":"ipfs://QmNeZqDGU2c5a3dqva5qPDQSKks3kgq6wEiqt8EfrkGHpU","mimeType":"image/png"}],"thumbnailUri":"ipfs://QmNrhZHUaEqxhyLfqoq1mtHSipkWHeT31LNHb1QEbDHgnc","decimals":0,"isBooleanAmount":false,"shouldPreferSymbol":false}}