{"objectId":"16969","ipfsHash":"QmaoVEugLewtfRcoeNMC1giaxHMjSAUaBxuNtet4pQhsLA","minter":"tz1QeDuj3Gkz7xeUjfb66WxKq3xKwSzxmMGM","swaps":[],"token_id":"16969","token_info":{"name":"Recursive Cubical Sunlit Uplands","description":"by jamportz","tags":["RecursiveCubicalSunlitUplands"],"symbol":"OBJKT","artifactUri":"ipfs://QmZsvV4GDF5goB5Fd9j7yS6Uma6h1x1ELVYkzxE1UjsWc4","displayUri":"","creators":["tz1QeDuj3Gkz7xeUjfb66WxKq3xKwSzxmMGM"],"formats":[{"uri":"ipfs://QmZsvV4GDF5goB5Fd9j7yS6Uma6h1x1ELVYkzxE1UjsWc4","mimeType":"image/jpeg"}],"thumbnailUri":"ipfs://QmNrhZHUaEqxhyLfqoq1mtHSipkWHeT31LNHb1QEbDHgnc","decimals":0,"isBooleanAmount":false,"shouldPreferSymbol":false}}