{"objectId":"13907","ipfsHash":"QmXykX8QgirGdmSSSbtatfc4FyyhfwbqHKHGYwQFHVFwCq","minter":"tz1hQ9EBdyJPSRizFYvbUvD4Y4Wi6AF1jia3","swaps":[],"token_id":"13907","token_info":{"name":"DANCE PARTY","description":"Just a little dancing thing choppin' stuff","tags":["dancer","dance","chop"],"symbol":"OBJKT","artifactUri":"ipfs://QmaFojzVDWrntNdWa2EgZmCs4VnChVabuG3tfXPagEo9Td","displayUri":null,"creators":["tz1hQ9EBdyJPSRizFYvbUvD4Y4Wi6AF1jia3"],"formats":[{"uri":"ipfs://QmaFojzVDWrntNdWa2EgZmCs4VnChVabuG3tfXPagEo9Td","mimeType":"video/mp4"}],"thumbnailUri":"ipfs://QmNrhZHUaEqxhyLfqoq1mtHSipkWHeT31LNHb1QEbDHgnc","decimals":0,"isBooleanAmount":false,"shouldPreferSymbol":false}}