{"result":{"objectId":21821,"ipfsHash":"QmecwkNRNkxPtpaE9opUDK4uPgs9jVL1FYikA4WvjC2dgh","swaps":[],"token_id":21821,"total_amount":8,"owners":{"tz1TDPwV2V3n2zvCr1kpJXa2VyDfEAjTZcPx":"1","tz1eRdK9wr4PZDkFMQoW2DzyxN8ZV4irmiGJ":"7"},"token_info":{"name":"HOPE","description":"HOPE","tags":["HOPE"],"symbol":"OBJKT","artifactUri":"ipfs://QmaTRYzJBhSCUZvEXAyfUsECwSi7YUaN8uVb7cLan1AuVe","displayUri":"","creators":["tz1eRdK9wr4PZDkFMQoW2DzyxN8ZV4irmiGJ"],"formats":[{"uri":"ipfs://QmaTRYzJBhSCUZvEXAyfUsECwSi7YUaN8uVb7cLan1AuVe","mimeType":"image/jpeg"}],"thumbnailUri":"ipfs://QmNrhZHUaEqxhyLfqoq1mtHSipkWHeT31LNHb1QEbDHgnc","decimals":0,"isBooleanAmount":false,"shouldPreferSymbol":false}}}