{"result":{"objectId":29284,"ipfsHash":"QmNx3WDw1Y5MqZCWZjCaPwGQvGRgyVvUUBCf97Ut4RWDn6","swaps":[{"swap_id":"39290","issuer":"tz1cidq1rmBFscRkyBHwNwJFHZuCNef9cngy","objkt_amount":"50","xtz_per_objkt":"2000000"}],"token_id":29284,"total_amount":"50","owners":{"KT1Hkg5qeNhfwpKW4fXvq7HGZB9z2EnmCCA9":"50"},"token_info":{"name":"Diamond 03 // Camping","description":"Camping diamond. Drawn on the iPad Pro with Procreate.","tags":["illustration","camping","mountain","nightsky","diamond"],"symbol":"OBJKT","artifactUri":"ipfs://QmZ6PLnSYhnCXV8onwiKY3WJ1MQKzLTENJA39doQnkyKLz","displayUri":"","thumbnailUri":"ipfs://QmNrhZHUaEqxhyLfqoq1mtHSipkWHeT31LNHb1QEbDHgnc","creators":["tz1cidq1rmBFscRkyBHwNwJFHZuCNef9cngy"],"formats":[{"uri":"ipfs://QmZ6PLnSYhnCXV8onwiKY3WJ1MQKzLTENJA39doQnkyKLz","mimeType":"image/jpeg"}],"decimals":0,"isBooleanAmount":false,"shouldPreferSymbol":false}}}