{"objectId":"9562","ipfsHash":"QmU2EfwW765UAwCvx4YHYD9YK6ZomszraYuWonrPZSZzQ9","minter":"tz1en2eGRVksPUrR4YG4nF1B5BrUuCrjcYgG","swaps":[],"token_id":"9562","token_info":{"name":"love will prevail","description":"just a video with some music","tags":["love","emotion","video","film","short","nft","tez"],"symbol":"OBJKT","artifactUri":"ipfs://QmbtANVM3GTTcmNiWte7ww3vbqzozcBDDCXjXvfnGxBitm","creators":["tz1en2eGRVksPUrR4YG4nF1B5BrUuCrjcYgG"],"formats":[{"uri":"ipfs://QmbtANVM3GTTcmNiWte7ww3vbqzozcBDDCXjXvfnGxBitm","mimeType":"video/mp4"}],"thumbnailUri":"ipfs://QmNrhZHUaEqxhyLfqoq1mtHSipkWHeT31LNHb1QEbDHgnc","decimals":0,"isBooleanAmount":false,"shouldPreferSymbol":false}}