{"result":{"objectId":28991,"ipfsHash":"QmUGzVJa23jSeMYDfJRUKKySn5a12nPd53Zbmfz2sFQidc","swaps":[],"token_id":28991,"total_amount":"1","owners":{"tz1LepcbEygsukErNA79va1Ho9w17Xvq7WXY":"1"},"token_info":{"name":"Fishing Penn","description":"Today was lucky day at Penn's fishing. Penn World - https://twitter.com/PennWorld_NFT","tags":["Penn","fishing","world"],"symbol":"OBJKT","artifactUri":"ipfs://QmdGtF5PPUBZzhBVnNb6xMawWhWRZFiMLkaH5wLX1tHmSs","displayUri":"","thumbnailUri":"ipfs://QmNrhZHUaEqxhyLfqoq1mtHSipkWHeT31LNHb1QEbDHgnc","creators":["tz1W1MGahEzX4Ti7WMuukGWkYLDqjuKdzvcf"],"formats":[{"uri":"ipfs://QmdGtF5PPUBZzhBVnNb6xMawWhWRZFiMLkaH5wLX1tHmSs","mimeType":"video/mp4"}],"decimals":0,"isBooleanAmount":false,"shouldPreferSymbol":false}}}