{"objectId":"7747","ipfsHash":"QmeUcEaXuVQ6KmttpVp1EphHPZtbEWR3ugdLD54hbcJ3Tz","minter":"tz1hA8fvrFV9XbA1Z4BekjLZKthDdobv3AKF","swaps":[{"swap_id":"7747","objkt_id":"7753","amount":"99","xtz_per_objkt":"1000000"}],"token_id":"7747","token_info":{"name":"Meme Polaroid series #002","description":"Wandavision's Vishawn - Polaroid 3464 x 3464","tags":["meme","viral","comics","tv"],"symbol":"OBJKT","artifactUri":"ipfs://QmWgoaR5ge6gnwX6Sf9mw9xCodu98MQjBB68cHndKQikao","creators":["tz1hA8fvrFV9XbA1Z4BekjLZKthDdobv3AKF"],"formats":[{"uri":"ipfs://QmWgoaR5ge6gnwX6Sf9mw9xCodu98MQjBB68cHndKQikao","mimeType":"image/jpeg"}],"thumbnailUri":"ipfs://QmNrhZHUaEqxhyLfqoq1mtHSipkWHeT31LNHb1QEbDHgnc","decimals":0,"isBooleanAmount":false,"shouldPreferSymbol":false}}