{"objectId":"5516","ipfsHash":"QmViSTo5kBEqVF5cu5Fd9cSadHeHt4CaszhvR5WbjwQX1s","minter":"tz1e8vkcipFuxiXkR5PWWNCUW9pc4FPpVsav","swaps":[],"token_id":"5516","token_info":{"name":"Always keep pushing","description":"When life gets harder, challenge yourself to be stronger.","tags":["push","life","tezos"],"symbol":"OBJKT","artifactUri":"ipfs://QmNv4C4aZSQpBJQCWSv2TMyjtPZe3ajHzUzDB7fFrbhVyZ","creators":["tz1e8vkcipFuxiXkR5PWWNCUW9pc4FPpVsav"],"formats":[{"uri":"ipfs://QmNv4C4aZSQpBJQCWSv2TMyjtPZe3ajHzUzDB7fFrbhVyZ","mimeType":"image/png"}],"thumbnailUri":"ipfs://QmNrhZHUaEqxhyLfqoq1mtHSipkWHeT31LNHb1QEbDHgnc","decimals":0,"isBooleanAmount":false,"shouldPreferSymbol":false}}