{"objectId":"16894","ipfsHash":"QmVa5Ni6EPvWsFb2bgxWfaiY3pLoZL3AKAzPQFBHo6FZ8Y","minter":"tz1PTiGJ674i1feGXvmH3a61uXjf8z8Tp3Et","swaps":[{"swap_id":"16894","objkt_id":"16252","amount":"1","xtz_per_objkt":"3000000"}],"token_id":"16894","token_info":{"name":"Control The Soul #492","description":"Occult AI art collectible, each piece has one edition. [Series 1, #492/1000]; 2021 StyleGAN2 + CLIP 1024x1024","tags":["ai","art","collectible","controlthesoul"],"symbol":"OBJKT","artifactUri":"ipfs://QmbLJWaESkGtjt34QU5mPhqRMsGwz4Cn2gZyWRx72WPpDn","creators":["tz1PTiGJ674i1feGXvmH3a61uXjf8z8Tp3Et"],"formats":[{"uri":"ipfs://QmbLJWaESkGtjt34QU5mPhqRMsGwz4Cn2gZyWRx72WPpDn","mimeType":"image/png"}],"thumbnailUri":"ipfs://QmNrhZHUaEqxhyLfqoq1mtHSipkWHeT31LNHb1QEbDHgnc","decimals":0,"isBooleanAmount":false,"shouldPreferSymbol":false}}