{"result":{"objectId":19632,"ipfsHash":"QmVUrpWKacg28Ga5yWf2mMo4k6D7s5uVJdHxFH3xwmMS8i","swaps":[{"swap_id":"34490","issuer":"tz1b9qYttBxHzoEseqabgvQiCxafZzkAtH9G","objkt_amount":"1","xtz_per_objkt":"5000000"}],"token_id":19632,"total_amount":5,"owners":{"KT1Hkg5qeNhfwpKW4fXvq7HGZB9z2EnmCCA9":"1","tz1Wc1uawzskCTxzUVbYh56vqstPGRHiJTpE":"1","tz1Yw3p7HCLubKFAqNhyBm14xgzVY5WGHdCB":"1","tz1ZJ8eKLnHu8jXFcRb7e6Fy4SP2HsfDKpPg":"1","tz2K5UyvaMuNgiy5Zy8yVspTW6oXmchGvSey":"1"},"token_info":{"name":"Omni","description":"bishop wuz here","tags":["all","everything","one","omni","hey","excuseme","overhere"],"symbol":"OBJKT","artifactUri":"ipfs://QmcyEkCx4UNCejPGxQw6wXEPG9pEXQzsR1z9UB9D34HBM3","displayUri":"","creators":["tz1b9qYttBxHzoEseqabgvQiCxafZzkAtH9G"],"formats":[{"uri":"ipfs://QmcyEkCx4UNCejPGxQw6wXEPG9pEXQzsR1z9UB9D34HBM3","mimeType":"image/jpeg"}],"thumbnailUri":"ipfs://QmNrhZHUaEqxhyLfqoq1mtHSipkWHeT31LNHb1QEbDHgnc","decimals":0,"isBooleanAmount":false,"shouldPreferSymbol":false}}}