{"result":{"objectId":18074,"ipfsHash":"QmaU6F5AsFozNMfgAGJTRbitoT3snchhNb5xfVjdaSKbbM","swaps":[{"swap_id":"20942","issuer":"tz1WJpBDRGfa21un4yQDKTGXZw561nsGg7Qe","objkt_amount":"3","xtz_per_objkt":"1200000"}],"token_id":18074,"total_amount":"3","owners":{"KT1Hkg5qeNhfwpKW4fXvq7HGZB9z2EnmCCA9":"3"},"token_info":{"name":"dusseldorf ornate hinge","description":"a door in duesseldorf. colour series orange 3/3","tags":["photography","curated","lifetime","travel","art","artist","colours","color","series","photographer","learning","orange","dusseldorf","germany"],"symbol":"OBJKT","artifactUri":"ipfs://QmfCTiNUgSUNfc4QW6bw7QjBkkRfU3HX1uNdRgoBfBFg6s","displayUri":"","creators":["tz1Q3W9U6wbsNd3teTCQhpYNHKUEC4YH3jyZ"],"formats":[{"uri":"ipfs://QmfCTiNUgSUNfc4QW6bw7QjBkkRfU3HX1uNdRgoBfBFg6s","mimeType":"image/jpeg"}],"thumbnailUri":"ipfs://QmNrhZHUaEqxhyLfqoq1mtHSipkWHeT31LNHb1QEbDHgnc","decimals":0,"isBooleanAmount":false,"shouldPreferSymbol":false}}}