{"objectId":"6910","ipfsHash":"QmZXtenM1DdW21L3WFVBn7bHAveTJcMKuGWeiQaLkpsWeo","minter":"tz1TiJBTfVoXxregtdgCs1rYd55APXSAmniz","swaps":[{"swap_id":"6910","objkt_id":"6870","amount":"1","xtz_per_objkt":"10000000"}],"token_id":"6910","token_info":{"name":"Messy Tezos Taco","description":"Look at the world differently and you will see signs of Tezos in ordinary things.  Tezos can be found in the clouds, in smoke plumes, in rock formations and even in your Tacos.  This is an original design, seen first here on Hit Et Nunc!","tags":["Messy","Tezos","Taco"],"symbol":"OBJKT","artifactUri":"ipfs://QmakvRiWsQ8qE8i6HUg3iLgQtMXaxoVW7HHAGo59YTXdK7","creators":["tz1TiJBTfVoXxregtdgCs1rYd55APXSAmniz"],"formats":[{"uri":"ipfs://QmakvRiWsQ8qE8i6HUg3iLgQtMXaxoVW7HHAGo59YTXdK7","mimeType":"image/jpeg"}],"thumbnailUri":"ipfs://QmNrhZHUaEqxhyLfqoq1mtHSipkWHeT31LNHb1QEbDHgnc","decimals":0,"isBooleanAmount":false,"shouldPreferSymbol":false}}