{"result":{"objectId":19777,"ipfsHash":"QmX7Q5mVzWyjM7sATsyzQN65aPbWviEWamg1TVg9XPPXoV","swaps":[{"swap_id":"39988","issuer":"tz1QDunNSnWrqwCc78TqzHP86BMNXq1P7Jxb","objkt_amount":"1","xtz_per_objkt":"30000000"}],"token_id":19777,"total_amount":30,"owners":{"KT1Hkg5qeNhfwpKW4fXvq7HGZB9z2EnmCCA9":"1","tz1KsxSV3uUPG57cQzBp5udB2CmVeWPARf8G":"1","tz1L7oVDv58oKd6dDrRAgXMhgZbJREvmrMg9":"1","tz1MCaehYRvrhPWv7HiCYQKyi9WDXbAUZkwv":"4","tz1PLUAH1zhTYPHH8DdJ1hCe63bSymyJjF6h":"1","tz1Pu8zRmNghAHzWxsT9Cy2qXHxkCrHcB3vc":"1","tz1QDunNSnWrqwCc78TqzHP86BMNXq1P7Jxb":"8","tz1Qq5n5GGBJi3uMx69yL6K1hpT9cNsWxBWH":"1","tz1ScePe2eXYo1RBdEe12hNY8KrvHyjFhHw6":"2","tz1SgyFSHpNi48y4FaV8TZTtCeNiSjBoUU13":"1","tz1VKjfKexLgqzEpSxxDTHkzoCnHn57qDsJX":"1","tz1VoR2LqBzgCSrmEB2HQUUgtMgjm6g5kQy2":"1","tz1Zv63dC5nkVBbPz3BvdmWGqDw9cvahvm3s":"1","tz1btmyPUfG55dqtToFqhnN7Y8HZjGz6N2aM":"1","tz1cjn8DAkb7FsCHMJsJq17uRFWhCrGxnzqd":"1","tz1dnoAmLUaZyzdJifyxYMN5B5hNAJsYwQr3":"1","tz29tCQDFw8KwaMaBuroze6Sv2qd47nnP5Hv":"1","tz2BzwVtwa2mTbspW1qqdiA2UtctbGntxAGi":"1","tz2Xd7ntDUYyHgCtQpweSarjxmmJANCRNjRB":"1"},"token_info":{"name":"Fluid Sim","description":"Artist: Sutu | Medium: Digital Illustration, PNG: 4946x6217 pixels | Original Creation Date: Oct, 2020 | Twitter: @sutu_eats_flies","tags":["digital","illustration","fantasy","toxic","glitch","comic"],"symbol":"OBJKT","artifactUri":"ipfs://QmRsa4JnehMTyz23wtdyiyAdFSVzxTixYguXiSGcWzF3jy","displayUri":"","creators":["tz1R5aLedcRQb9kYyNBS1UXzHR6aQQ3Z5qoq"],"formats":[{"uri":"ipfs://QmRsa4JnehMTyz23wtdyiyAdFSVzxTixYguXiSGcWzF3jy","mimeType":"image/png"}],"thumbnailUri":"ipfs://QmNrhZHUaEqxhyLfqoq1mtHSipkWHeT31LNHb1QEbDHgnc","decimals":0,"isBooleanAmount":false,"shouldPreferSymbol":false}}}