{"objectId":"14329","ipfsHash":"QmZWubfp6Xx6iPeGq4qnv3eiAofoBgB92kxDTHeW4uLrAY","minter":"tz1hA8fvrFV9XbA1Z4BekjLZKthDdobv3AKF","swaps":[],"token_id":"14329","token_info":{"name":"Movement #01 ","description":"7313 x 6700 - (2021) a glitch by @culturehacker - http://lanceweiler.com ","tags":["glitch","portrait","culturehacker"],"symbol":"OBJKT","artifactUri":"ipfs://QmeXnx1idDR8k11x3FoKpQoTdEUs3Xr2VnZxxQm3v7bfsw","displayUri":null,"creators":["tz1hA8fvrFV9XbA1Z4BekjLZKthDdobv3AKF"],"formats":[{"uri":"ipfs://QmeXnx1idDR8k11x3FoKpQoTdEUs3Xr2VnZxxQm3v7bfsw","mimeType":"image/jpeg"}],"thumbnailUri":"ipfs://QmNrhZHUaEqxhyLfqoq1mtHSipkWHeT31LNHb1QEbDHgnc","decimals":0,"isBooleanAmount":false,"shouldPreferSymbol":false}}