{"objectId":"9831","ipfsHash":"QmbYBscCQRyHmVqpqX5o2DJLj95iBQKhPPCXvWHH3Tw9Yr","minter":"tz1PTiGJ674i1feGXvmH3a61uXjf8z8Tp3Et","swaps":[],"token_id":"9831","token_info":{"name":"Control The Soul #61","description":"2021 StyleGAN2 + CLIP 1024x1024","tags":["ai","art","collectible","controlthesoul"],"symbol":"OBJKT","artifactUri":"ipfs://QmPtxgdQtRpcm3sP2zau2hdzExykwGbS5eBYfAbVvumUBb","creators":["tz1PTiGJ674i1feGXvmH3a61uXjf8z8Tp3Et"],"formats":[{"uri":"ipfs://QmPtxgdQtRpcm3sP2zau2hdzExykwGbS5eBYfAbVvumUBb","mimeType":"image/png"}],"thumbnailUri":"ipfs://QmNrhZHUaEqxhyLfqoq1mtHSipkWHeT31LNHb1QEbDHgnc","decimals":0,"isBooleanAmount":false,"shouldPreferSymbol":false}}