{"result":{"objectId":31319,"ipfsHash":"QmVVartvTNhFo78V7MgcKAaKdH5stQEuVGqWfS8rRZRpi5","swaps":[],"token_id":31319,"total_amount":"3","owners":{"tz1bBFRBHoU3j534nC2ZTP22rSikHGtfrabT":"3"},"token_info":{"name":"Dont Cry","description":"Rudy Acosta","tags":["#tagger"],"symbol":"OBJKT","artifactUri":"ipfs://QmNfv5YcbkNa6XsERdK5sHnPZk7697vzD9sgD3BLY8UjZe","displayUri":"","thumbnailUri":"ipfs://QmNrhZHUaEqxhyLfqoq1mtHSipkWHeT31LNHb1QEbDHgnc","creators":["tz1bBFRBHoU3j534nC2ZTP22rSikHGtfrabT"],"formats":[{"uri":"ipfs://QmNfv5YcbkNa6XsERdK5sHnPZk7697vzD9sgD3BLY8UjZe","mimeType":"image/jpeg"}],"decimals":0,"isBooleanAmount":false,"shouldPreferSymbol":false}}}