{"objectId":"9020","ipfsHash":"QmRLtrZ82HhrVTfFWE4vQrykU1eQDfbj1Q4mKVD7XUphfn","minter":"tz1SG44MNk61WSHjNg1f5Hpyp9NksDa6Xtgc","swaps":[],"token_id":"9020","token_info":{"name":"Cognitive Deliquescence #03 [I thought I saw a pussy cat]","description":"Fourth experiment of \"Cognitive Deliquescence\" series, mixed media artworks by @bagadefente based on analog intervention over digital photography. 6800 x 4800 pixels 300 dpi JPG, 2014-2021.","tags":["experimental","photography","mixedmedia","randomart","artbychance","poeticsofchance","brazil","Brazilianartist","photo","experimentalphotography","animals","cat","kitten","cats"],"symbol":"OBJKT","artifactUri":"ipfs://QmQn5Dm4uM9iGfx23jaRL997z4GtwSfHSdxpqrWxqU3DeY","creators":["tz1SG44MNk61WSHjNg1f5Hpyp9NksDa6Xtgc"],"formats":[{"uri":"ipfs://QmQn5Dm4uM9iGfx23jaRL997z4GtwSfHSdxpqrWxqU3DeY","mimeType":"image/jpeg"}],"thumbnailUri":"ipfs://QmNrhZHUaEqxhyLfqoq1mtHSipkWHeT31LNHb1QEbDHgnc","decimals":0,"isBooleanAmount":false,"shouldPreferSymbol":false}}