{"result":{"objectId":27330,"ipfsHash":"QmY1JjtRpwg4vAPSYMcmoE3U8HKtibYfnj5TbJWYHN1qii","swaps":[{"swap_id":"35660","issuer":"tz1TgjuWsCwAjsykSVZQMBnx62VKzQcgXKRY","objkt_amount":"4","xtz_per_objkt":"3000000"},{"swap_id":"35659","issuer":"tz1TgjuWsCwAjsykSVZQMBnx62VKzQcgXKRY","objkt_amount":"6","xtz_per_objkt":"5000000"}],"token_id":27330,"total_amount":"10","owners":{"KT1Hkg5qeNhfwpKW4fXvq7HGZB9z2EnmCCA9":"10"},"token_info":{"name":"H&L08","description":"High&Loves","tags":["High","Love","Noise","Feedback","Generative"],"symbol":"OBJKT","artifactUri":"ipfs://QmRPxxFwzxkwk8AacV5BdA7RoKHaJ5a8Nd4VPioiwW48hn","displayUri":"","creators":["tz1TgjuWsCwAjsykSVZQMBnx62VKzQcgXKRY"],"formats":[{"uri":"ipfs://QmRPxxFwzxkwk8AacV5BdA7RoKHaJ5a8Nd4VPioiwW48hn","mimeType":"image/jpeg"}],"thumbnailUri":"ipfs://QmNrhZHUaEqxhyLfqoq1mtHSipkWHeT31LNHb1QEbDHgnc","decimals":0,"isBooleanAmount":false,"shouldPreferSymbol":false}}}