{"objectId":"10628","ipfsHash":"QmP41K72Uy8kf8LGrgiHbPaURciJNrtMLLxqbqXURfFuV5","minter":"tz1XAS3EymJmeFzrQR15wyupr8QY9rdX5cfB","swaps":[{"swap_id":"10628","objkt_id":"10580","amount":"1","xtz_per_objkt":"4000000"}],"token_id":"10628","token_info":{"name":"Nosso Tempo","description":"Homenagem a um dos maiores artistas brasileiros. Influenciou toda uma geração. Continua presente no Nosso Tempo. Continuará presente em todos os tempos. Processo: pintura em tinta acrílica sobre tela, do autor, digitalizada e utilizada como fonte de inspiração para a criação do Pixel Art.","tags":["#popart","#renatorusso","#pixelart"],"symbol":"OBJKT","artifactUri":"ipfs://QmQy8d6wHea3ZVDcbJYXRe82K6XYuR2uVneawQpxNF9dF9","creators":["tz1XAS3EymJmeFzrQR15wyupr8QY9rdX5cfB"],"formats":[{"uri":"ipfs://QmQy8d6wHea3ZVDcbJYXRe82K6XYuR2uVneawQpxNF9dF9","mimeType":"image/jpeg"}],"thumbnailUri":"ipfs://QmNrhZHUaEqxhyLfqoq1mtHSipkWHeT31LNHb1QEbDHgnc","decimals":0,"isBooleanAmount":false,"shouldPreferSymbol":false}}