{"result":{"objectId":26171,"ipfsHash":"QmQ4yzUBJpY3etzn8rRi8J7AhjDxoFY1vLNDGA4eLfKJoM","swaps":[],"token_id":26171,"total_amount":"1","owners":{"tz1M1TAPmAWgZGR4hcC1MFALjAVSih3YCXE2":"1"},"token_info":{"name":"Dummy #20 (Banana fan)","description":"One of the 200 animated dummies by FUX (@Fearof_SALD)","tags":["Dummy","FUX"],"symbol":"OBJKT","artifactUri":"ipfs://QmNf9w1xmJfUqK4D25FVJGKDYodzTFaqF5dGctPJJfZsqG","displayUri":"","creators":["tz2DwheXFyyXs3CkruSpkkEnqYb7yWkhnneC"],"formats":[{"uri":"ipfs://QmNf9w1xmJfUqK4D25FVJGKDYodzTFaqF5dGctPJJfZsqG","mimeType":"image/gif"}],"thumbnailUri":"ipfs://QmNrhZHUaEqxhyLfqoq1mtHSipkWHeT31LNHb1QEbDHgnc","decimals":0,"isBooleanAmount":false,"shouldPreferSymbol":false}}}