{"result":{"objectId":30764,"ipfsHash":"QmbjYG9WxtYaSL8Wi1E8fzf62cU5s8FheDyf9DtVrGhQb5","swaps":[],"token_id":30764,"total_amount":"1","owners":{"tz1M1TAPmAWgZGR4hcC1MFALjAVSih3YCXE2":"1"},"token_info":{"name":"Moniac Mod Archive 457786","description":"The Moniac Mod Archives is a collection of prints created in the 1960’s by re-engineering the Moniac analogue computer to create algorithmic designs. The creation of the designs was a ploy by a student working for the Kremlin to infiltrate the London mod scene and gain their trust. ","tags":["generative","mod"],"symbol":"OBJKT","artifactUri":"ipfs://QmeQv5CC7EFhuMqyNGd3BUm6wzxP3eivAnAgKzuTHSSNoB","displayUri":"","thumbnailUri":"ipfs://QmNrhZHUaEqxhyLfqoq1mtHSipkWHeT31LNHb1QEbDHgnc","creators":["tz1W5wzkrerTRFGFbr4UvZNcd9DQLmJNWmHf"],"formats":[{"uri":"ipfs://QmeQv5CC7EFhuMqyNGd3BUm6wzxP3eivAnAgKzuTHSSNoB","mimeType":"image/png"}],"decimals":0,"isBooleanAmount":false,"shouldPreferSymbol":false}}}