{"objectId":"3929","ipfsHash":"QmQfsz1BHz4zf3ufC1fKjPuo1dwirTdmgBHQtELJfnbpnJ","minter":"tz1N25qpYZhHppwUH2yrJ6vscBvL4yhaPXmj","swaps":[],"token_id":"3929","token_info":{"name":"o pt destruiu minha vida","description":"//made with code / processing @vertex1999","tags":["creativecoding","code","grid","lula","lindo"],"symbol":"OBJKT","artifactUri":"ipfs://QmSttZa8fp3Avvke31SA1PuNB35oQ7uQAYLeJuhhWioDNn","creators":["tz1N25qpYZhHppwUH2yrJ6vscBvL4yhaPXmj"],"formats":[{"uri":"ipfs://QmSttZa8fp3Avvke31SA1PuNB35oQ7uQAYLeJuhhWioDNn","mimeType":"image/jpeg"}],"thumbnailUri":"ipfs://QmNrhZHUaEqxhyLfqoq1mtHSipkWHeT31LNHb1QEbDHgnc","decimals":0,"isBooleanAmount":false,"shouldPreferSymbol":false}}