{"objectId":"11890","ipfsHash":"QmXgjhnT6Fc86MyxLRo6xrYM7s81i4DWd9r3AE1FJtgBwv","minter":"tz1gi68wGST7UtzkNpnnc354mpqCcVNQVcSw","swaps":[{"swap_id":"11890","objkt_id":"11899","amount":"9","xtz_per_objkt":"1500000"}],"token_id":"11890","token_info":{"name":"Cells 4/4","description":"Cells mutating and repeating themselves - 3 / 4 - 2048x2048 / 30fps - @somaticbits","tags":["somaticbits","generativeart","cells"],"symbol":"OBJKT","artifactUri":"ipfs://QmNSj9gpRF3tMTVEAzJ4BzfwNcxTjhhE9K5TbxqRaU2FTK","creators":["tz1gi68wGST7UtzkNpnnc354mpqCcVNQVcSw"],"formats":[{"uri":"ipfs://QmNSj9gpRF3tMTVEAzJ4BzfwNcxTjhhE9K5TbxqRaU2FTK","mimeType":"video/mp4"}],"thumbnailUri":"ipfs://QmNrhZHUaEqxhyLfqoq1mtHSipkWHeT31LNHb1QEbDHgnc","decimals":0,"isBooleanAmount":false,"shouldPreferSymbol":false}}