{"objectId":"6947","ipfsHash":"QmSSmMJjSNer6QZ99ovirHBEiFCYAgSqdNqVt6pAczY1SN","minter":"tz1R8GuEbrVQ7dZXNtTxxKX9qyg7W2xnMLP1","swaps":[],"token_id":"6947","token_info":{"name":"img000000005-art-height-2000px 3","description":"generated with styleGAN2 and curves","tags":["MACHINELEARNING","AI","CURVES","STYLEGAN","NEURAL","DIGITAL"],"symbol":"OBJKT","artifactUri":"ipfs://QmUt2sG7u3FVyf1pc4ufBrh1qeDnfWds4tneZZVskdtZCU","creators":["tz1R8GuEbrVQ7dZXNtTxxKX9qyg7W2xnMLP1"],"formats":[{"uri":"ipfs://QmUt2sG7u3FVyf1pc4ufBrh1qeDnfWds4tneZZVskdtZCU","mimeType":"image/png"}],"thumbnailUri":"ipfs://QmNrhZHUaEqxhyLfqoq1mtHSipkWHeT31LNHb1QEbDHgnc","decimals":0,"isBooleanAmount":false,"shouldPreferSymbol":false}}