{"objectId":"15979","ipfsHash":"QmTR4GraEfUVF8Sn5iL9pmcLBZUnWkxrt6QwzMd5iMGLpQ","minter":"tz1eY2KyENQbrCqR96HwB6rgUmW2EAbmiui3","swaps":[{"swap_id":"15979","objkt_id":"15578","amount":"3","xtz_per_objkt":"1000000"}],"token_id":"15979","token_info":{"name":"a rã do bashô - tradução pra emojês ","description":"@danielminchoni, 2020, 593X593px, RGB, do \"haiku jiten kanshô\" (tóquio, ôfûsha, 1981), cotejado com yamamoto kenkichi, \"bashô sanbyakku\" (tóquio, kawade, 1988)","tags":["POESIA","POESIAVISUAL","POEMAGRÁFICO","haikujitenkanshô","bashôsanbyakku","POEMA","POEMEME","MEME","QUARENTENA","POEM","VISUALPOEM","VISUALPOETRY","ART","BRASIL","haicai","haiku","haiciavisual","bashô","traduçãobashô","haikuVISUAL","EMOJI","EMOJIART","EMOJÊS","DANIELMINCHONI",""],"symbol":"OBJKT","artifactUri":"ipfs://QmQx5DBkpsVi1S5SQAtTGRNyJJP3dxq5LgnB6UdcHeRgvK","displayUri":"","creators":["tz1eY2KyENQbrCqR96HwB6rgUmW2EAbmiui3"],"formats":[{"uri":"ipfs://QmQx5DBkpsVi1S5SQAtTGRNyJJP3dxq5LgnB6UdcHeRgvK","mimeType":"image/png"}],"thumbnailUri":"ipfs://QmNrhZHUaEqxhyLfqoq1mtHSipkWHeT31LNHb1QEbDHgnc","decimals":0,"isBooleanAmount":false,"shouldPreferSymbol":false}}