{"objectId":"15884","ipfsHash":"QmdWMxhR1EXUNDkwMCs9HpkSo8VJPGApjgMJNBSLyGRn1b","minter":"tz1SjRuJjzxUuS14cNfGX9T8ZeLV48sETuE5","swaps":[{"swap_id":"15884","objkt_id":"15493","amount":"5","xtz_per_objkt":"1800000"}],"token_id":"15884","token_info":{"name":"BTC-HODLer","description":"$500,000.00 by 2025","tags":["HODL","DIAMONDHAND","BITCOIN"],"symbol":"OBJKT","artifactUri":"ipfs://QmNTavhoAirB9vScuVD6a5eg1JbppSuP21TGZeVEAfk9zt","displayUri":"","creators":["tz1SjRuJjzxUuS14cNfGX9T8ZeLV48sETuE5"],"formats":[{"uri":"ipfs://QmNTavhoAirB9vScuVD6a5eg1JbppSuP21TGZeVEAfk9zt","mimeType":"image/gif"}],"thumbnailUri":"ipfs://QmNrhZHUaEqxhyLfqoq1mtHSipkWHeT31LNHb1QEbDHgnc","decimals":0,"isBooleanAmount":false,"shouldPreferSymbol":false}}