{"objectId":"1555","ipfsHash":"QmdAZqEFSrYQfVMh9DuyvGMNNaadArfek7pTo63Eq68kCS","minter":"tz1R5X2KdMNQNBmAQF8PjPPhUpGvwEjH3yTW","swaps":[],"token_id":"1555","token_info":{"name":"","description":"","tags":[],"symbol":"OBJKT","artifactUri":"ipfs://QmPTkMR5x5DsKUc56KH4iU6EWdhZHJvCbMVEaPJYweiqrt","creators":["tz1R5X2KdMNQNBmAQF8PjPPhUpGvwEjH3yTW"],"formats":[{"uri":"ipfs://QmPTkMR5x5DsKUc56KH4iU6EWdhZHJvCbMVEaPJYweiqrt","mimeType":"image/png"}],"thumbnailUri":"ipfs://QmNrhZHUaEqxhyLfqoq1mtHSipkWHeT31LNHb1QEbDHgnc","decimals":0,"isBooleanAmount":false,"shouldPreferSymbol":false}}