{"result":{"objectId":17694,"ipfsHash":"QmYqNJaBVQBycRDZA3fwsiiiVZ3yGt1gove4n5ADSfGbkA","swaps":[],"token_id":17694,"total_amount":"1","owners":{"tz2Dc8MfX8be1gbZJjwTKavAT8uz2VzMwhtf":"1"},"token_info":{"name":"Velegal","description":"collage on circle wood (1 piece)","tags":["velegal","art","nft","collage","nftart"],"symbol":"OBJKT","artifactUri":"ipfs://QmRiipab8YJ151p7Sow3SnrebZcGi2CA8tjrKtovH7JbXj","displayUri":"","creators":["tz1gKSW8QTypTQ5b8zj5966XUj4smYVb4rBB"],"formats":[{"uri":"ipfs://QmRiipab8YJ151p7Sow3SnrebZcGi2CA8tjrKtovH7JbXj","mimeType":"image/jpeg"}],"thumbnailUri":"ipfs://QmNrhZHUaEqxhyLfqoq1mtHSipkWHeT31LNHb1QEbDHgnc","decimals":0,"isBooleanAmount":false,"shouldPreferSymbol":false}}}