{"objectId":"10106","ipfsHash":"QmQbb4629Nkr2M3T7xDCzHcruMAmTLAzEn58eJJrNmgmnt","minter":"tz1XLvJzoqEFtvwCwBZvqmrXdCRkBKmzyeFy","swaps":[{"swap_id":"10106","objkt_id":"10119","amount":"9","xtz_per_objkt":"50000000"}],"token_id":"10106","token_info":{"name":"sleeping in the park","description":"hyperlapse of a head in the middle of Buenos Aires","tags":["hyperlapse","art","videoart","gif","motion","interactive","stopmotion",""],"symbol":"OBJKT","artifactUri":"ipfs://QmP8qwzLoto6oxXf5nKGtDgykN493Wfh5F16qSTPYaqRYW","creators":["tz1XLvJzoqEFtvwCwBZvqmrXdCRkBKmzyeFy"],"formats":[{"uri":"ipfs://QmP8qwzLoto6oxXf5nKGtDgykN493Wfh5F16qSTPYaqRYW","mimeType":"video/mp4"}],"thumbnailUri":"ipfs://QmNrhZHUaEqxhyLfqoq1mtHSipkWHeT31LNHb1QEbDHgnc","decimals":0,"isBooleanAmount":false,"shouldPreferSymbol":false}}