{"result":{"objectId":28929,"ipfsHash":"QmaLSL7amvKPe77Esd87hNmZvohuevKLZmqm2xhHkFq45X","swaps":[{"swap_id":"38569","issuer":"tz1VRnjZw2A9ChspLEYkTxYVAQidcvxfDLee","objkt_amount":"9","xtz_per_objkt":"700000"}],"token_id":28929,"total_amount":22,"owners":{"KT1Hkg5qeNhfwpKW4fXvq7HGZB9z2EnmCCA9":"9","tz1UETEJjeDs31qdiNA8ab3tE3ctZfQ51ETR":"1","tz1VRnjZw2A9ChspLEYkTxYVAQidcvxfDLee":"12"},"token_info":{"name":"PESCA G","description":"GRN 01, Praia Grande","tags":["pixo","graffiti","vandal","urbanart","photography","photoanimation","cryptoartbr"],"symbol":"OBJKT","artifactUri":"ipfs://QmTUvax5uWJF6XLNUWjzSnCBStp9Ecnb4d88qTPyqoA2kg","displayUri":"","thumbnailUri":"ipfs://QmNrhZHUaEqxhyLfqoq1mtHSipkWHeT31LNHb1QEbDHgnc","creators":["tz1VRnjZw2A9ChspLEYkTxYVAQidcvxfDLee"],"formats":[{"uri":"ipfs://QmTUvax5uWJF6XLNUWjzSnCBStp9Ecnb4d88qTPyqoA2kg","mimeType":"video/mp4"}],"decimals":0,"isBooleanAmount":false,"shouldPreferSymbol":false}}}