{"objectId":"7481","ipfsHash":"QmZQ9rYhdbSYr6ypph55ostNKSHGDYgZ22R4rrYYGz88Fz","minter":"tz1TuQY7nZi2g5EUrfhupZzRWme1tnhLY97g","swaps":[{"swap_id":"7481","objkt_id":"7509","amount":"50","xtz_per_objkt":"1000000"}],"token_id":"7481","token_info":{"name":"Internet Tunnel","description":"Art by L0uc0sArt","tags":["art","generated","ai"],"symbol":"OBJKT","artifactUri":"ipfs://QmWdGnVXycH9jrmyc6oCnvu3JGLPjLAUZx4ncBp6G4zGvT","creators":["tz1TuQY7nZi2g5EUrfhupZzRWme1tnhLY97g"],"formats":[{"uri":"ipfs://QmWdGnVXycH9jrmyc6oCnvu3JGLPjLAUZx4ncBp6G4zGvT","mimeType":"video/mp4"}],"thumbnailUri":"ipfs://QmNrhZHUaEqxhyLfqoq1mtHSipkWHeT31LNHb1QEbDHgnc","decimals":0,"isBooleanAmount":false,"shouldPreferSymbol":false}}