{"result":{"objectId":30733,"ipfsHash":"QmPGxuiscQSNxoQWfAndjct9GQdM5QGEHuUzXGRRHYp8YC","swaps":[{"swap_id":"42024","issuer":"tz1ZTDCfahwoYqF6sJmxTmbtGDskPoAateJX","objkt_amount":"5","xtz_per_objkt":"3000000"}],"token_id":30733,"total_amount":"5","owners":{"KT1Hkg5qeNhfwpKW4fXvq7HGZB9z2EnmCCA9":"5"},"token_info":{"name":"Interplanetary abstract #2","description":"Inspired by the Pioneer plaque and the Vitruvian man, \"Interplanetary abstract #2\" is a wander around gender, body representation, the universe and alien communication. mp4, 1080x1080, 30fps, 70 frames, 2021","tags":["Abstract","gender","body","universe","aliens"],"symbol":"OBJKT","artifactUri":"ipfs://QmTrfWdEFuq1unEiJQbjQTU43rpWxW9ErVET1bMyNggAJi","displayUri":"","thumbnailUri":"ipfs://QmNrhZHUaEqxhyLfqoq1mtHSipkWHeT31LNHb1QEbDHgnc","creators":["tz1ZTDCfahwoYqF6sJmxTmbtGDskPoAateJX"],"formats":[{"uri":"ipfs://QmTrfWdEFuq1unEiJQbjQTU43rpWxW9ErVET1bMyNggAJi","mimeType":"video/mp4"}],"decimals":0,"isBooleanAmount":false,"shouldPreferSymbol":false}}}