{"result":{"objectId":24635,"ipfsHash":"QmPdBnLoxyxbJCDeeVWKZQ57odEp3jimw5pAEuaXtwd3w3","swaps":[{"swap_id":"30531","issuer":"tz1fXcyugtuDQt7yMqHKNPcBkG9s1PqkqTCY","objkt_amount":"1","xtz_per_objkt":"5000000"}],"token_id":24635,"total_amount":"1","owners":{"KT1Hkg5qeNhfwpKW4fXvq7HGZB9z2EnmCCA9":"1"},"token_info":{"name":"Malfunction","description":"720x720 GIF","tags":["Space","Moon","GIF","AlteredReality","@MysterDoubleU"],"symbol":"OBJKT","artifactUri":"ipfs://QmTqAArpdEKhBe3AhNFFE4dQtFjSZUDs3HmxYaD2Gy3KMZ","displayUri":"","creators":["tz1fXcyugtuDQt7yMqHKNPcBkG9s1PqkqTCY"],"formats":[{"uri":"ipfs://QmTqAArpdEKhBe3AhNFFE4dQtFjSZUDs3HmxYaD2Gy3KMZ","mimeType":"image/gif"}],"thumbnailUri":"ipfs://QmNrhZHUaEqxhyLfqoq1mtHSipkWHeT31LNHb1QEbDHgnc","decimals":0,"isBooleanAmount":false,"shouldPreferSymbol":false}}}