{"objectId":"1386","ipfsHash":"QmdEmR2ypbbtyuhLQBzGGoSBKDkdvRfP1bZqxsx3D1EzUw","minter":"tz1aVAMaZ4U5Zt52yZLQbrPx2tAh6J6n9iGL","swaps":[],"token_id":"1386","token_info":{"name":"Pokeflower - 10","description":"Collect the flowers from our first harvest!","tags":[],"symbol":"OBJKT","artifactUri":"ipfs://QmNMPNyrv4n5GGG4CKd6aK4MsmDDYXRUqRT4BpEAQpzFrC","creators":["tz1aVAMaZ4U5Zt52yZLQbrPx2tAh6J6n9iGL"],"formats":[{"uri":"ipfs://QmNMPNyrv4n5GGG4CKd6aK4MsmDDYXRUqRT4BpEAQpzFrC","mimeType":"image/jpeg"}],"thumbnailUri":"ipfs://QmNrhZHUaEqxhyLfqoq1mtHSipkWHeT31LNHb1QEbDHgnc","decimals":0,"isBooleanAmount":false,"shouldPreferSymbol":false}}