{"result":{"objectId":19409,"ipfsHash":"QmT8Cf4XusQtcyYH6u7rSwb1vjKKr8cn4XixgDV6dtqWAE","swaps":[],"token_id":19409,"total_amount":2,"owners":{"tz1SRBfzX7TzjVUfbhmXRigQ9y7gUXoNCAJA":"1","tz1VReZQikQ6ufDF2CbmnXuwycbGJeyXbT4c":"1"},"token_info":{"name":"New Checks 19","description":"2550x3300px digital print JPG. Two fields of transparent blue and raw sienna checked squares warp in and out of phase. 2019  #CleanNFT #CleanNFTs $XTZ #nftart #nftcollector #tezos #psychedelicart","tags":["Patterns","fineart","printing","moderndesign","psychedelic","RGBbyRCH"],"symbol":"OBJKT","artifactUri":"ipfs://QmVkP2G6AszQF9NQ9Pms8zLssXGy6Tp4Po53ocN2GjccDT","displayUri":"","creators":["tz1SRBfzX7TzjVUfbhmXRigQ9y7gUXoNCAJA"],"formats":[{"uri":"ipfs://QmVkP2G6AszQF9NQ9Pms8zLssXGy6Tp4Po53ocN2GjccDT","mimeType":"image/jpeg"}],"thumbnailUri":"ipfs://QmNrhZHUaEqxhyLfqoq1mtHSipkWHeT31LNHb1QEbDHgnc","decimals":0,"isBooleanAmount":false,"shouldPreferSymbol":false}}}