{"objectId":"9866","ipfsHash":"Qmar7pdszML98UdYUUtwsaD8VRcefjiEyBKCZL77VLspmB","minter":"tz1a7by2HMBv9QA8WT3t5fhu3E4XPofzcukg","swaps":[{"swap_id":"9866","objkt_id":"9831","amount":"1","xtz_per_objkt":"4000000"}],"token_id":"9866","token_info":{"name":"(in)visibles #06","description":"digital image, 2438 x 3264 pixels, JPEG archive, 2006, @X1M4","tags":["2006","visibles","invisibles","subway","recife","pernambuco","brasil","brazil",""],"symbol":"OBJKT","artifactUri":"ipfs://QmV63LtbTdqSJ3UnaG821KojNaCeaj41o6uvsvFLtq84Er","creators":["tz1a7by2HMBv9QA8WT3t5fhu3E4XPofzcukg"],"formats":[{"uri":"ipfs://QmV63LtbTdqSJ3UnaG821KojNaCeaj41o6uvsvFLtq84Er","mimeType":"image/jpeg"}],"thumbnailUri":"ipfs://QmNrhZHUaEqxhyLfqoq1mtHSipkWHeT31LNHb1QEbDHgnc","decimals":0,"isBooleanAmount":false,"shouldPreferSymbol":false}}