{"objectId":"8689","ipfsHash":"QmbVPodckkB7G5p9ziK87RZKLXVm3HGn3wbb8Vf1P3mWVA","minter":"tz1gqFQEUS2xXZiA9HUdgyQSzMHmg8H8tqLx","swaps":[{"swap_id":"8689","objkt_id":"8687","amount":"1","xtz_per_objkt":"5000000"}],"token_id":"8689","token_info":{"name":"study_for_a_painting_1","description":"Resolution is only defined materially.  ","tags":["painting","glitch","grunskm"],"symbol":"OBJKT","artifactUri":"ipfs://QmPqMgmkiBLqke3gjW8KfFEfyLgTUVWDJewSXDAjCMmGgc","creators":["tz1gqFQEUS2xXZiA9HUdgyQSzMHmg8H8tqLx"],"formats":[{"uri":"ipfs://QmPqMgmkiBLqke3gjW8KfFEfyLgTUVWDJewSXDAjCMmGgc","mimeType":"image/png"}],"thumbnailUri":"ipfs://QmNrhZHUaEqxhyLfqoq1mtHSipkWHeT31LNHb1QEbDHgnc","decimals":0,"isBooleanAmount":false,"shouldPreferSymbol":false}}