{"objectId":"4868","ipfsHash":"QmYWgAELYwbomRacXX7PtCCouVe1HvWBPu9zAWXAoTXK8Q","minter":"tz1QcPeGJjQj1icc3vBWPB21HCLzhoqkmwT3","swaps":[],"token_id":"4868","token_info":{"name":"Iced Cube","description":"gif","tags":[""],"symbol":"OBJKT","artifactUri":"ipfs://Qmb6UK45vRcjdqGu9TqqsE5inPNZQ4ETA59i42bdWHKxXc","creators":["tz1QcPeGJjQj1icc3vBWPB21HCLzhoqkmwT3"],"formats":[{"uri":"ipfs://Qmb6UK45vRcjdqGu9TqqsE5inPNZQ4ETA59i42bdWHKxXc","mimeType":"image/gif"}],"thumbnailUri":"ipfs://QmNrhZHUaEqxhyLfqoq1mtHSipkWHeT31LNHb1QEbDHgnc","decimals":0,"isBooleanAmount":false,"shouldPreferSymbol":false}}