{"objectId":"687","ipfsHash":"QmdLXeNtxt4Ax1oNuZSec8pNX61uvPZGAkynXgPgiZqzC7","minter":"tz1ZzZmioy5Ej3kpsec2rMz1temewbt1UcSz","swaps":[],"token_id":"687","token_info":{"name":"Colorful Cubes","description":"4000 x 4000 pixel PNG","tags":[],"symbol":"OBJKT","artifactUri":"ipfs://QmcjrxWQngCYuYkKMwyUkX811bYAL2FWWv8cPCh4qSrh3Q","creators":["tz1ZzZmioy5Ej3kpsec2rMz1temewbt1UcSz"],"formats":[{"uri":"ipfs://QmcjrxWQngCYuYkKMwyUkX811bYAL2FWWv8cPCh4qSrh3Q","mimeType":"image/png"}],"thumbnailUri":"ipfs://QmNrhZHUaEqxhyLfqoq1mtHSipkWHeT31LNHb1QEbDHgnc","decimals":0,"isBooleanAmount":false,"shouldPreferSymbol":false}}