{"objectId":"14954","ipfsHash":"QmPAwu836SdE5FmtnjXpYZX3zqQ8rkc6JLkCJaqcKBJU8y","minter":"tz1cxk5LbWqoCExnjgoQgKASNsxdNbEWvoaK","swaps":[{"swap_id":"14954","objkt_id":"13601","amount":"1","xtz_per_objkt":"6000000"}],"token_id":"14954","token_info":{"name":"AMPERSAND Source Frame 1","description":"Source Frame 1 from AMPERSAND (OBJKT#14912 https://www.hicetnunc.xyz/objkt/14912) // Artist: @itsaherring // Medium: Photoshop, JPG // Original Creation Date: June 6, 2013","tags":["waves","distortions","black&white"],"symbol":"OBJKT","artifactUri":"ipfs://Qmd2VFveNuSbTA341xThG5TKun8Cv1i1Q3ECswRfyPfeHK","displayUri":null,"creators":["tz1cxk5LbWqoCExnjgoQgKASNsxdNbEWvoaK"],"formats":[{"uri":"ipfs://Qmd2VFveNuSbTA341xThG5TKun8Cv1i1Q3ECswRfyPfeHK","mimeType":"image/jpeg"}],"thumbnailUri":"ipfs://QmNrhZHUaEqxhyLfqoq1mtHSipkWHeT31LNHb1QEbDHgnc","decimals":0,"isBooleanAmount":false,"shouldPreferSymbol":false}}