{"result":{"objectId":19665,"ipfsHash":"QmcXGzetPzembxVg3miuZ5s76fBbGv91vpaedb9S4akhyw","swaps":[{"swap_id":"21991","issuer":"tz1L366CT3hj2yX94bhMmqcRLjyk3gtrK6JZ","objkt_amount":"1","xtz_per_objkt":"8000000"}],"token_id":19665,"total_amount":"1","owners":{"KT1Hkg5qeNhfwpKW4fXvq7HGZB9z2EnmCCA9":"1"},"token_info":{"name":"S-bulb","description":".","tags":["watercolor","pastel"],"symbol":"OBJKT","artifactUri":"ipfs://QmWJywwSGP9RcVtGdTdtyJeiEUfWkCkt6cb3YxzpPmtdvH","displayUri":"","creators":["tz1L366CT3hj2yX94bhMmqcRLjyk3gtrK6JZ"],"formats":[{"uri":"ipfs://QmWJywwSGP9RcVtGdTdtyJeiEUfWkCkt6cb3YxzpPmtdvH","mimeType":"image/jpeg"}],"thumbnailUri":"ipfs://QmNrhZHUaEqxhyLfqoq1mtHSipkWHeT31LNHb1QEbDHgnc","decimals":0,"isBooleanAmount":false,"shouldPreferSymbol":false}}}