{"result":{"objectId":25161,"ipfsHash":"Qmam6qx3tPr6pjvYAtCAEY7pC3TA87seoLkRTsPJs2QTjK","swaps":[{"swap_id":"31518","issuer":"tz1Rwv7Kwy6SzAZasTcZKoXDf7jf8LE8WxiY","objkt_amount":"5","xtz_per_objkt":"750000"},{"swap_id":"31514","issuer":"tz1Rwv7Kwy6SzAZasTcZKoXDf7jf8LE8WxiY","objkt_amount":"5","xtz_per_objkt":"250000"},{"swap_id":"31515","issuer":"tz1Rwv7Kwy6SzAZasTcZKoXDf7jf8LE8WxiY","objkt_amount":"4","xtz_per_objkt":"500000"},{"swap_id":"31520","issuer":"tz1Rwv7Kwy6SzAZasTcZKoXDf7jf8LE8WxiY","objkt_amount":"5","xtz_per_objkt":"1000000"},{"swap_id":"35931","issuer":"tz1eRS4s2da82Lev6QqjTe6JcM3FzXQdYTcx","objkt_amount":"1","xtz_per_objkt":"1000000"}],"token_id":25161,"total_amount":"20","owners":{"KT1Hkg5qeNhfwpKW4fXvq7HGZB9z2EnmCCA9":"20"},"token_info":{"name":"Bubble Pop","description":"Original Painting by Ilya Eivy, age 12; date: 2021-04-03","tags":["abstract","circles","bubbles","pop"],"symbol":"OBJKT","artifactUri":"ipfs://QmTfRJRr3PY4NVMA86nLiQMBnSaHczBYpTTBezWskLns9R","displayUri":"","creators":["tz1Rwv7Kwy6SzAZasTcZKoXDf7jf8LE8WxiY"],"formats":[{"uri":"ipfs://QmTfRJRr3PY4NVMA86nLiQMBnSaHczBYpTTBezWskLns9R","mimeType":"image/png"}],"thumbnailUri":"ipfs://QmNrhZHUaEqxhyLfqoq1mtHSipkWHeT31LNHb1QEbDHgnc","decimals":0,"isBooleanAmount":false,"shouldPreferSymbol":false}}}