{"objectId":"1502","ipfsHash":"QmWLh87FQ6HFrs7LKRJRHEsF1UyUq2vMb2HjF7x87T38B9","minter":"tz1QAevDTqQ92FWh7fXrS6esiFmFgnsEqi1b","swaps":[{"swap_id":"1502","objkt_id":"1707","amount":"1","xtz_per_objkt":"20000000"}],"token_id":"1502","token_info":{"name":"Blobby BW","description":"","tags":[],"symbol":"OBJKT","artifactUri":"ipfs://Qma92KhdmFfNhKYzD7SYy58Vz6yLHyjvrRtSyFPRNJdBdQ","creators":["tz1QAevDTqQ92FWh7fXrS6esiFmFgnsEqi1b"],"formats":[{"uri":"ipfs://Qma92KhdmFfNhKYzD7SYy58Vz6yLHyjvrRtSyFPRNJdBdQ","mimeType":"image/png"}],"thumbnailUri":"ipfs://QmNrhZHUaEqxhyLfqoq1mtHSipkWHeT31LNHb1QEbDHgnc","decimals":0,"isBooleanAmount":false,"shouldPreferSymbol":false}}