{"result":{"objectId":19235,"ipfsHash":"QmUizwX8MBU2RXhdgEeJYiUvFKNpxFSz8a2NRhQUZ5DxUD","swaps":[{"swap_id":"22668","issuer":"tz1LSjfgjLXmbp6VtPx7Tptxuh3Ljjbqj2Py","objkt_amount":"1","xtz_per_objkt":"200000000"}],"token_id":19235,"total_amount":"1","owners":{"KT1Hkg5qeNhfwpKW4fXvq7HGZB9z2EnmCCA9":"1"},"token_info":{"name":"Self Similarity Variant VI (Collage, Filtered)","description":"Created by @mathmakesart (https://mathmakes.art) on 2020-03-06. This piece is created from my \"Self Similarity\" original (https://www.hicetnunc.xyz/objkt/19211). It is one of ten variants on this same theme, all of which will be listed as my first single-edition sales with a price of 1.0 XTZ each. This piece and the other nine variations in this set were created with the goal of identifying unique and visually interesting 2D patterns which emerge from repeated application of a single function.","tags":["mathmakesart","math","python","generative","image","png","square","self","similarity","similar","self-similarity","self-similar"],"symbol":"OBJKT","artifactUri":"ipfs://QmdCREfB3RenQt4XoMMH9Y4bQ5UML81GSND7djzcFrvfLG","displayUri":"","creators":["tz1gsrd3CfZv4BfPnYKq5pKpHGFVdtGCgd71"],"formats":[{"uri":"ipfs://QmdCREfB3RenQt4XoMMH9Y4bQ5UML81GSND7djzcFrvfLG","mimeType":"image/png"}],"thumbnailUri":"ipfs://QmNrhZHUaEqxhyLfqoq1mtHSipkWHeT31LNHb1QEbDHgnc","decimals":0,"isBooleanAmount":false,"shouldPreferSymbol":false}}}