{"objectId":"7252","ipfsHash":"Qmf9PnBBnJJz7D42eL5FaEGFb6nMeQ7r7Bqfpseadxvshh","minter":"tz1PfQDUD9UWGJ2hqHRttJU5wVtxrnPwBRa1","swaps":[{"swap_id":"7252","objkt_id":"7254","amount":"1","xtz_per_objkt":"25000000"}],"token_id":"7252","token_info":{"name":"amoeba","description":"www.jeromeherr.space","tags":["processing"],"symbol":"OBJKT","artifactUri":"ipfs://QmY5NiCGmhLrZ9vPMMgsgnjrL4ahbqJhseM35uBsyA2Cnb","creators":["tz1PfQDUD9UWGJ2hqHRttJU5wVtxrnPwBRa1"],"formats":[{"uri":"ipfs://QmY5NiCGmhLrZ9vPMMgsgnjrL4ahbqJhseM35uBsyA2Cnb","mimeType":"image/jpeg"}],"thumbnailUri":"ipfs://QmNrhZHUaEqxhyLfqoq1mtHSipkWHeT31LNHb1QEbDHgnc","decimals":0,"isBooleanAmount":false,"shouldPreferSymbol":false}}