{"objectId":"12707","ipfsHash":"QmW7SuPyAqjFKjjqPUJR7ydgeK18BHMWVBaCEwzWQhonry","minter":"tz1MUF8TQ2SB3LiCPQiNHxsWFkigwpPGW8FS","swaps":[],"token_id":"12707","token_info":{"name":"#003 - ELON DOESN'T LIKE HIM","description":"Elon definitely doesn’t like him. He is best known as ‘bitcoin guy’ and that’s the reason why Elon hates him so much. After all, Elon is the ‘dogecoin guy’. Made on beeplegenerator.com and packaged with love and affection.","tags":["beeple","beeplegenerator","patrick","bitcoin","collectable"],"symbol":"OBJKT","artifactUri":"ipfs://QmavSZT9Z3e9JZ6ZiGWijW1pmQRc8B9kK86EWyR5HvrehN","displayUri":null,"creators":["tz1MUF8TQ2SB3LiCPQiNHxsWFkigwpPGW8FS"],"formats":[{"uri":"ipfs://QmavSZT9Z3e9JZ6ZiGWijW1pmQRc8B9kK86EWyR5HvrehN","mimeType":"image/png"}],"thumbnailUri":"ipfs://QmNrhZHUaEqxhyLfqoq1mtHSipkWHeT31LNHb1QEbDHgnc","decimals":0,"isBooleanAmount":false,"shouldPreferSymbol":false}}