{"result":{"objectId":20508,"ipfsHash":"QmS3pVfghqsujpxXx3wu6nvzYfFbAsts3S3gw7AsAeKZfD","swaps":[{"swap_id":"29075","issuer":"tz1Uva3ynPUXqpAsWJ3CxcXVPG7HEXB19rzU","objkt_amount":"1","xtz_per_objkt":"39990000"}],"token_id":20508,"total_amount":"1","owners":{"KT1Hkg5qeNhfwpKW4fXvq7HGZB9z2EnmCCA9":"1"},"token_info":{"name":"structure.03","description":"2017","tags":["2017","dfmn","antonwollsoder","structure"],"symbol":"OBJKT","artifactUri":"ipfs://QmbR8Rmo9iGZuMHCxvnMMmMNai7tc4D5RDZvz5pmtVw52x","displayUri":"","creators":["tz1Uva3ynPUXqpAsWJ3CxcXVPG7HEXB19rzU"],"formats":[{"uri":"ipfs://QmbR8Rmo9iGZuMHCxvnMMmMNai7tc4D5RDZvz5pmtVw52x","mimeType":"image/png"}],"thumbnailUri":"ipfs://QmNrhZHUaEqxhyLfqoq1mtHSipkWHeT31LNHb1QEbDHgnc","decimals":0,"isBooleanAmount":false,"shouldPreferSymbol":false}}}