{"objectId":"10805","ipfsHash":"QmSjhMCbwCL3rYSR8CahSMeySuZo55b9yetiVwwPbELu5J","minter":"tz1YokFzMR1hX4m4aBqgutxLSUKFDdNoYGEN","swaps":[],"token_id":"10805","token_info":{"name":"Dislocation","description":"[Sound On] Disarray, disconnection, disorder, disruption, disturbance, discontinuity, disengagement, disorganization, division, disarticulation; an unhinging. Produced in March, 2021 with a custom dataset/GAN by Ryan Thompson. Original piano score by Ryan Skillings. Medium: MP4 (27 seconds), 1024 x 1024 pixels [ Edition of 5 ] (1 for artist, 1 for musician, 3 for release) @RT_Artwork | www.ryanthompson.name","tags":["ARTIFICIALINTELLIGENCE","AI","GAN","ANIMATION","LOOP","PIANO","SOUND","MUSIC","BLACKANDWHITE","RYANTHOMPSON"],"symbol":"OBJKT","artifactUri":"ipfs://QmWQX1hBig6bYxd3kU6sdBDcbz5uwPNEeAzYNUhXb6BDLD","creators":["tz1YokFzMR1hX4m4aBqgutxLSUKFDdNoYGEN"],"formats":[{"uri":"ipfs://QmWQX1hBig6bYxd3kU6sdBDcbz5uwPNEeAzYNUhXb6BDLD","mimeType":"video/mp4"}],"thumbnailUri":"ipfs://QmNrhZHUaEqxhyLfqoq1mtHSipkWHeT31LNHb1QEbDHgnc","decimals":0,"isBooleanAmount":false,"shouldPreferSymbol":false}}