{"result":{"objectId":30158,"ipfsHash":"QmQHrCnXTGkMrSy5Z8pjcWnkLHrM3xnHAaBFsPQyhmmkuU","swaps":[{"swap_id":"40894","issuer":"tz1X8eYzB1Jyw3PZdAUa8z9r4aN5GS7YFqFr","objkt_amount":"1","xtz_per_objkt":"1200000"}],"token_id":30158,"total_amount":"1","owners":{"KT1Hkg5qeNhfwpKW4fXvq7HGZB9z2EnmCCA9":"1"},"token_info":{"name":"FrontlineSoldier 2021 #0018","description":"2020's Soldiers.","tags":["frontline","soldiers","unique","2020's"],"symbol":"OBJKT","artifactUri":"ipfs://QmPgrJd4XmuaTX9DZiPvFasHtRPnBisRzMkMhkX8XunFCY","displayUri":"","thumbnailUri":"ipfs://QmNrhZHUaEqxhyLfqoq1mtHSipkWHeT31LNHb1QEbDHgnc","creators":["tz1X8eYzB1Jyw3PZdAUa8z9r4aN5GS7YFqFr"],"formats":[{"uri":"ipfs://QmPgrJd4XmuaTX9DZiPvFasHtRPnBisRzMkMhkX8XunFCY","mimeType":"image/jpeg"}],"decimals":0,"isBooleanAmount":false,"shouldPreferSymbol":false}}}