{"objectId":"4995","ipfsHash":"Qmcv7YSEwPQ6RcJMjS6pHjReHit1JVzWtzJFaXDDJVpk2C","minter":"tz1Tk1MJDZ96bK85RLAqtKfnptZZyXsJ2jaq","swaps":[{"swap_id":"4995","objkt_id":"5015","amount":"3","xtz_per_objkt":"2200000"}],"token_id":"4995","token_info":{"name":"Cubes","description":"Seamless abstract animation (1280x1280 60fps). Artist - exsstas","tags":["abstract","generative","perfectloop","animation","exsstas"],"symbol":"OBJKT","artifactUri":"ipfs://QmasV4gXoqWsiBpBFc4yhY1cuqyWAGwFBer2zeBy6R5UUP","creators":["tz1Tk1MJDZ96bK85RLAqtKfnptZZyXsJ2jaq"],"formats":[{"uri":"ipfs://QmasV4gXoqWsiBpBFc4yhY1cuqyWAGwFBer2zeBy6R5UUP","mimeType":"video/mp4"}],"thumbnailUri":"ipfs://QmNrhZHUaEqxhyLfqoq1mtHSipkWHeT31LNHb1QEbDHgnc","decimals":0,"isBooleanAmount":false,"shouldPreferSymbol":false}}