{"objectId":"3753","ipfsHash":"QmZpEHg81DtugpNKCgdSfxeSnoT2T8iYkTsH9bm4cQUcsQ","minter":"tz1NkFMy8Rm1Fd4WPA8PrYrBFJa2e3jicGoZ","swaps":[],"token_id":"3753","token_info":{"name":"Tezos Skyrocket","description":"Tezos will Skyrocket soon !","tags":["Blockchain","CryptoArt","gif","Tz","Tezos","art"],"symbol":"OBJKT","artifactUri":"ipfs://QmRhksofk4BcSmXXKScnPqUWSsxQbVtzDbgGdUwYmTQb5P","creators":["tz1NkFMy8Rm1Fd4WPA8PrYrBFJa2e3jicGoZ"],"formats":[{"uri":"ipfs://QmRhksofk4BcSmXXKScnPqUWSsxQbVtzDbgGdUwYmTQb5P","mimeType":"image/gif"}],"thumbnailUri":"ipfs://QmNrhZHUaEqxhyLfqoq1mtHSipkWHeT31LNHb1QEbDHgnc","decimals":0,"isBooleanAmount":false,"shouldPreferSymbol":false}}