{"objectId":"14000","ipfsHash":"QmSBWcstGFPvE4J4QYKShn7UsdQ8iwWNyrJAkLdZ5d1gZ3","minter":"tz1aKQ2D5A7jxZiy9wcF9pS4ZL3NvuAFFZ35","swaps":[],"token_id":"14000","token_info":{"name":"C001","description":"☕️ ","tags":[""],"symbol":"OBJKT","artifactUri":"ipfs://QmcMrR1E9JDvNm53UtUhPdQxnoCaGWKdP8tF2wi1zPv6K1","displayUri":null,"creators":["tz1aKQ2D5A7jxZiy9wcF9pS4ZL3NvuAFFZ35"],"formats":[{"uri":"ipfs://QmcMrR1E9JDvNm53UtUhPdQxnoCaGWKdP8tF2wi1zPv6K1","mimeType":"image/jpeg"}],"thumbnailUri":"ipfs://QmNrhZHUaEqxhyLfqoq1mtHSipkWHeT31LNHb1QEbDHgnc","decimals":0,"isBooleanAmount":false,"shouldPreferSymbol":false}}