{"result":{"objectId":20764,"ipfsHash":"Qmesg6p8UEkw5rUeMKfHSRQKPpLYaxFtsYdazn3D5DHEiu","swaps":[{"swap_id":"23797","issuer":"tz1hVmfTZ4b26yMA9gj5JroeWnePJQJHB8wc","objkt_amount":"10","xtz_per_objkt":"3000000"}],"token_id":20764,"total_amount":"10","owners":{"KT1Hkg5qeNhfwpKW4fXvq7HGZB9z2EnmCCA9":"10"},"token_info":{"name":"refraction2417.","description":"IG: canyuzlu T: canyuzluu","tags":["3D","HOUDINI","ANIMATION","DIGITALART","REDSHIFT","MOTION"],"symbol":"OBJKT","artifactUri":"ipfs://QmNx6XmCH8sskbc2LNyiGyJNBV2JJnnn9STVWyDr1X9n5p","displayUri":"","creators":["tz1hVmfTZ4b26yMA9gj5JroeWnePJQJHB8wc"],"formats":[{"uri":"ipfs://QmNx6XmCH8sskbc2LNyiGyJNBV2JJnnn9STVWyDr1X9n5p","mimeType":"video/mp4"}],"thumbnailUri":"ipfs://QmNrhZHUaEqxhyLfqoq1mtHSipkWHeT31LNHb1QEbDHgnc","decimals":0,"isBooleanAmount":false,"shouldPreferSymbol":false}}}