{"objectId":"5146","ipfsHash":"QmYp73pERqaH2xwQEm7jf6kQhV4kAcJesgzMwePftXEyBK","minter":"tz1RzLqeiE8xHwVHvcEqzVojNAutyZqeN1Mu","swaps":[{"swap_id":"5146","objkt_id":"5145","amount":"17","xtz_per_objkt":"2500000"}],"token_id":"5146","token_info":{"name":"Generation X","description":"Triangle subdivisions.","tags":["Generative","GeometricArt","GenerativeArt","Loop","Trippy","DigitalArt","DigitalAnimation"],"symbol":"OBJKT","artifactUri":"ipfs://QmcjxKkivjfwgrbumv9NQCVe8rPAJbZbgjZpkas3P3Dq8g","creators":["tz1RzLqeiE8xHwVHvcEqzVojNAutyZqeN1Mu"],"formats":[{"uri":"ipfs://QmcjxKkivjfwgrbumv9NQCVe8rPAJbZbgjZpkas3P3Dq8g","mimeType":"video/mp4"}],"thumbnailUri":"ipfs://QmNrhZHUaEqxhyLfqoq1mtHSipkWHeT31LNHb1QEbDHgnc","decimals":0,"isBooleanAmount":false,"shouldPreferSymbol":false}}