{"objectId":"13950","ipfsHash":"QmRiBkfdar7yCKvuUgdyVodXq4A6FUD1BJRKsugheoVKUs","minter":"tz1ZK3KvF1WShsWL72Rhg915tdFfH44fXsHi","swaps":[],"token_id":"13950","token_info":{"name":"Enjoying Life / Das Leben genießen / Aproveitando a Vida","description":"Nanjing Breath & Gouache","tags":["ContemporaryArt","NanjingBreath","FigurativeArt","NFTArt","NFTArtist"],"symbol":"OBJKT","artifactUri":"ipfs://QmXQX4in7bLGFkiKib49mSHAJSAzDzPMA2DWLoa4n1rQxT","displayUri":null,"creators":["tz1ZK3KvF1WShsWL72Rhg915tdFfH44fXsHi"],"formats":[{"uri":"ipfs://QmXQX4in7bLGFkiKib49mSHAJSAzDzPMA2DWLoa4n1rQxT","mimeType":"image/jpeg"}],"thumbnailUri":"ipfs://QmNrhZHUaEqxhyLfqoq1mtHSipkWHeT31LNHb1QEbDHgnc","decimals":0,"isBooleanAmount":false,"shouldPreferSymbol":false}}