{"objectId":"1447","ipfsHash":"QmXJMoKYwJQkS3TqnBdrszRKN2iGaVVcSFUnkhpYc4YCe1","minter":"tz2G5SBeAJVbiE1icji3P59Lx8EvcwMLEHp3","swaps":[{"swap_id":"1447","objkt_id":"1494","amount":"1","xtz_per_objkt":"5000000"}],"token_id":"1447","token_info":{"name":"Arcana Naturalis Historia 01","description":"Video generated using a GAN trained on flower illustrations. Created by Marlon Hacla.","tags":[],"symbol":"OBJKT","artifactUri":"ipfs://QmSANPQz82sDifBHQs6492tzHiQhnianUFLYZVj5CqxSeQ","creators":["tz2G5SBeAJVbiE1icji3P59Lx8EvcwMLEHp3"],"formats":[{"uri":"ipfs://QmSANPQz82sDifBHQs6492tzHiQhnianUFLYZVj5CqxSeQ","mimeType":"video/mp4"}],"thumbnailUri":"ipfs://QmNrhZHUaEqxhyLfqoq1mtHSipkWHeT31LNHb1QEbDHgnc","decimals":0,"isBooleanAmount":false,"shouldPreferSymbol":false}}