{"result":{"objectId":21460,"ipfsHash":"QmYtbgHeFVZUvwR7z6FGbfSYgMpwXDW7Ntfju6XKppFZ2F","swaps":[{"swap_id":"25457","issuer":"tz1Wc1uawzskCTxzUVbYh56vqstPGRHiJTpE","objkt_amount":"4","xtz_per_objkt":"1337000"},{"swap_id":"24906","issuer":"tz1PfirGv1Qk9vK3eMnMkARudeRVwFx5ZZRF","objkt_amount":"1","xtz_per_objkt":"5000000"}],"token_id":21460,"total_amount":16,"owners":{"KT1Hkg5qeNhfwpKW4fXvq7HGZB9z2EnmCCA9":"5","tz1NufWtpqS3nfR8VW1xFyWq4GWqb969keeR":"2","tz1VWBwFKLq6TCrPEVU8sZDfrcbx9buqMxnZ":"1","tz1YNUNArBDYWu8evZj73HR9vE6y5FQkaj5M":"5","tz1d5wE13PZGkBzfSJgWBcnkMhqCNsTSb9jy":"2","tz2LCAZfxijTE5KCeRpFWaJNbRuzE5KLLprQ":"1"},"token_info":{"name":"MOPEY","description":"Feels.","tags":["Doctagonz","twistedvizuals"],"symbol":"OBJKT","artifactUri":"ipfs://QmQbUTnaeT6na4rZfB46DeRNqZusAkxBdqhSjdc7JNRF4J","displayUri":"","creators":["tz1Wc1uawzskCTxzUVbYh56vqstPGRHiJTpE"],"formats":[{"uri":"ipfs://QmQbUTnaeT6na4rZfB46DeRNqZusAkxBdqhSjdc7JNRF4J","mimeType":"image/png"}],"thumbnailUri":"ipfs://QmNrhZHUaEqxhyLfqoq1mtHSipkWHeT31LNHb1QEbDHgnc","decimals":0,"isBooleanAmount":false,"shouldPreferSymbol":false}}}