{"objectId":"15187","ipfsHash":"QmTH3dytxVRFPQHhqRdWUtbFb3pkqjbanM8bCrAD6Xq297","minter":"tz1gZc62y2fzaFCtMdy4WJUuD1CEoSWYt5su","swaps":[],"token_id":"15187","token_info":{"name":"Other side of the Moon","description":"Look from top to bottom and see the sun, which shines illuminating the earth, ahead of the moon's soil and the dark side that we do not see, but exists and is dominated by darkness. https://ci6.googleusercontent.com/proxy/9QtWrL-Ot-5tl_M2vvoaYKhU_6rtiX1AzymJxDiCcwy1jnrAzmc34FapfjmRU1jfe0cmVUUI-OKvrPCNkrB5LRtyYL98FUSUkPfpbbspSJ6xOdht-AOhCrv9UbJKdQ_v8IbJuiOV_F4=s0-d-e1-ft#https://codetwocdn.azureedge.net/images/mail-signatures/generator/elegant-logo/it.png","tags":["Leonardi","Moon","Skull","BullishArt"],"symbol":"OBJKT","artifactUri":"ipfs://Qme2DtENKYAetCoKRxF6wigq33fh8Q4pBaQ977tvvytM3L","displayUri":null,"creators":["tz1gZc62y2fzaFCtMdy4WJUuD1CEoSWYt5su"],"formats":[{"uri":"ipfs://Qme2DtENKYAetCoKRxF6wigq33fh8Q4pBaQ977tvvytM3L","mimeType":"image/png"}],"thumbnailUri":"ipfs://QmNrhZHUaEqxhyLfqoq1mtHSipkWHeT31LNHb1QEbDHgnc","decimals":0,"isBooleanAmount":false,"shouldPreferSymbol":false}}