{"result":{"objectId":22562,"ipfsHash":"QmamXo5b1zgzbxEtLS9Gnp56h8UTzf9296MarvZrYjgw2q","swaps":[{"swap_id":"27246","issuer":"tz1VgpmwW66LCbskjudK54Zp96vKn2cHjpGN","objkt_amount":"3","xtz_per_objkt":"3000000"},{"swap_id":"30216","issuer":"tz1VgpmwW66LCbskjudK54Zp96vKn2cHjpGN","objkt_amount":"3","xtz_per_objkt":"5000000"}],"token_id":22562,"total_amount":10,"owners":{"KT1Hkg5qeNhfwpKW4fXvq7HGZB9z2EnmCCA9":"6","tz1MCaehYRvrhPWv7HiCYQKyi9WDXbAUZkwv":"1","tz1VgpmwW66LCbskjudK54Zp96vKn2cHjpGN":"2","tz1Wmyc1RWFC9nVDWKcghM7MbveehBVXfsmW":"1"},"token_info":{"name":"Frequency + Amplitude No. 3","description":"2048x2048 Generative art written in Java with Processing. By @__orderandchaos. 1 of 3","tags":["CREATIVECODING","GENERATIVE","Frequency","Amplitude","PROCESSING","JAVA"],"symbol":"OBJKT","artifactUri":"ipfs://QmVw5YFU46eRL5wJcSHGf2EWeQwogmHo6Y9tmc48PKDttb","displayUri":"","creators":["tz1VgpmwW66LCbskjudK54Zp96vKn2cHjpGN"],"formats":[{"uri":"ipfs://QmVw5YFU46eRL5wJcSHGf2EWeQwogmHo6Y9tmc48PKDttb","mimeType":"image/png"}],"thumbnailUri":"ipfs://QmNrhZHUaEqxhyLfqoq1mtHSipkWHeT31LNHb1QEbDHgnc","decimals":0,"isBooleanAmount":false,"shouldPreferSymbol":false}}}