{"objectId":"2142","ipfsHash":"QmeJDqwbG4gFMjQ8ZtSPwNSbL4YwHN25EpEcY55Rb2DhVV","minter":"tz2E7cgULGvNixKRwZaK7GqhRdgFiPkMDiGo","swaps":[],"token_id":"2142","token_info":{"name":"The Rick Roller","description":"Rick Roll your Friends","tags":[],"symbol":"OBJKT","artifactUri":"ipfs://QmdVSq9M9EQbYZpxBUPJZiL72yTWkR6dyF6e6ktxkFuRRZ","creators":["tz2E7cgULGvNixKRwZaK7GqhRdgFiPkMDiGo"],"formats":[{"uri":"ipfs://QmdVSq9M9EQbYZpxBUPJZiL72yTWkR6dyF6e6ktxkFuRRZ","mimeType":"image/gif"}],"thumbnailUri":"ipfs://QmNrhZHUaEqxhyLfqoq1mtHSipkWHeT31LNHb1QEbDHgnc","decimals":0,"isBooleanAmount":false,"shouldPreferSymbol":false}}