{"objectId":"10917","ipfsHash":"QmRMacTZvuhZnT3aizA1oxwTe3HpWoU7QfSLkemF3iXYCU","minter":"tz1QrNN5YtNw6GKuorsGtC91Wuc95DWMH5yf","swaps":[{"swap_id":"10917","objkt_id":"10884","amount":"9","xtz_per_objkt":"1000000"}],"token_id":"10917","token_info":{"name":"Son Goku Azul","description":"Digital Painting in photoshop with wacom tablet, 3824 × 4936 px, 2D, 22/3/2021","tags":["alejandro","sordi","alejandrosordi","painting","digital","photoshop","wacom","illustration","goku","dragonball","argentina"],"symbol":"OBJKT","artifactUri":"ipfs://QmVhb1BX5tPjdBBcrLNJJnCmSU3MWFxi8VKZLv7NmjLCay","creators":["tz1QrNN5YtNw6GKuorsGtC91Wuc95DWMH5yf"],"formats":[{"uri":"ipfs://QmVhb1BX5tPjdBBcrLNJJnCmSU3MWFxi8VKZLv7NmjLCay","mimeType":"image/jpeg"}],"thumbnailUri":"ipfs://QmNrhZHUaEqxhyLfqoq1mtHSipkWHeT31LNHb1QEbDHgnc","decimals":0,"isBooleanAmount":false,"shouldPreferSymbol":false}}