{"result":{"objectId":17769,"ipfsHash":"Qmf8BCgovpaH6CTmHmtRrvtrdDTEUEg8tgccd9KR7pxvc6","swaps":[{"swap_id":"19022","issuer":"tz1bafXvnKt87p1yXPV3vvVpe6gyD7BCdjyh","objkt_amount":"87","xtz_per_objkt":"100000"}],"token_id":17769,"total_amount":100,"owners":{"KT1Hkg5qeNhfwpKW4fXvq7HGZB9z2EnmCCA9":"87","tz1Td8EcRFNWTLQdvZpsnAfAdg6AuMQ2f4AB":"1","tz1YNUNArBDYWu8evZj73HR9vE6y5FQkaj5M":"1","tz1bafXvnKt87p1yXPV3vvVpe6gyD7BCdjyh":"11"},"token_info":{"name":"Cotton The C@ (#0027)","description":"The twenty-seventh feline friend of the Mini C@S Collection | Common | Limited to 100 | Original Price 0.1 TEZ | Cotton has a bedroom that is entirely pink.","tags":["cat","c@","27","cottoncandy","common","minicats","minic@s"],"symbol":"OBJKT","artifactUri":"ipfs://QmX6hrLdJNA9kCS1yVu77mVoRE7Lr5ebE1UhhedZ3srpYa","displayUri":"","creators":["tz1bafXvnKt87p1yXPV3vvVpe6gyD7BCdjyh"],"formats":[{"uri":"ipfs://QmX6hrLdJNA9kCS1yVu77mVoRE7Lr5ebE1UhhedZ3srpYa","mimeType":"image/png"}],"thumbnailUri":"ipfs://QmNrhZHUaEqxhyLfqoq1mtHSipkWHeT31LNHb1QEbDHgnc","decimals":0,"isBooleanAmount":false,"shouldPreferSymbol":false}}}