{"objectId":"4096","ipfsHash":"QmULhSTMDckv88SKsQuwpwAE6PRiaoRpcF3WBoXJ7YPhUn","minter":"tz1Tk1MJDZ96bK85RLAqtKfnptZZyXsJ2jaq","swaps":[],"token_id":"4096","token_info":{"name":"Neon glow series - 2","description":"#2 in series of neon rotations, every animation in the series have unique rotation and color parameters. 1280x1280 60fps 19 sec. Artist: exsstas","tags":["abstract","generative","perfectloop","math","neon","animation","series","exsstas"],"symbol":"OBJKT","artifactUri":"ipfs://QmZ7cjR5ZM9ZVm6RkC3NJ9oKrXKfKrszKxJERPfPtdCycS","creators":["tz1Tk1MJDZ96bK85RLAqtKfnptZZyXsJ2jaq"],"formats":[{"uri":"ipfs://QmZ7cjR5ZM9ZVm6RkC3NJ9oKrXKfKrszKxJERPfPtdCycS","mimeType":"video/mp4"}],"thumbnailUri":"ipfs://QmNrhZHUaEqxhyLfqoq1mtHSipkWHeT31LNHb1QEbDHgnc","decimals":0,"isBooleanAmount":false,"shouldPreferSymbol":false}}