{"result":{"objectId":23959,"ipfsHash":"QmZo76oDwdtjp6mYk1j8QLyt1a15EzegKm4gmzzmTfycyj","swaps":[],"token_id":23959,"total_amount":"3","owners":{"tz1dGHLoZrdGc8r8T6EdpsqnMPgzRNvCXtoy":"3"},"token_info":{"name":"Northern Lights Young Flower","description":"Week 2 Flower, 4/5/2021","tags":["weed","marijuana","ganja","pot","loud","northernlights","flower"],"symbol":"OBJKT","artifactUri":"ipfs://QmNiGaAQomuBdhHwq7bDjyyu9nCSamqDoJYh7HJAg1Qaft","displayUri":"","creators":["tz1dGHLoZrdGc8r8T6EdpsqnMPgzRNvCXtoy"],"formats":[{"uri":"ipfs://QmNiGaAQomuBdhHwq7bDjyyu9nCSamqDoJYh7HJAg1Qaft","mimeType":"image/jpeg"}],"thumbnailUri":"ipfs://QmNrhZHUaEqxhyLfqoq1mtHSipkWHeT31LNHb1QEbDHgnc","decimals":0,"isBooleanAmount":false,"shouldPreferSymbol":false}}}