{"objectId":"1105","ipfsHash":"QmNTiLZvXjPhkvZpxjGQDv8nkyTn8vUmWtvozaj9yabAT1","minter":"tz1ZzZmioy5Ej3kpsec2rMz1temewbt1UcSz","swaps":[{"swap_id":"1105","objkt_id":"1288","amount":"2","xtz_per_objkt":"25000000"}],"token_id":"1105","token_info":{"name":"Glitch Circles","description":"3840 x 2160 pixel PNG","tags":[],"symbol":"OBJKT","artifactUri":"ipfs://QmaHTQ3GACv8kjoq5ijUD8TMwaB7xGYBzM2cFhs33jtArU","creators":["tz1ZzZmioy5Ej3kpsec2rMz1temewbt1UcSz"],"formats":[{"uri":"ipfs://QmaHTQ3GACv8kjoq5ijUD8TMwaB7xGYBzM2cFhs33jtArU","mimeType":"image/png"}],"thumbnailUri":"ipfs://QmNrhZHUaEqxhyLfqoq1mtHSipkWHeT31LNHb1QEbDHgnc","decimals":0,"isBooleanAmount":false,"shouldPreferSymbol":false}}