{"objectId":"453","ipfsHash":"QmYz9RUNVn1cFyu7sJRwFzj5q8Z9e1kjBnhjGnP9coPJEa","minter":"tz1dC1gNTYrpRx8wKdZFhUX7oK8h6o2j6UdV","swaps":[{"swap_id":"453","objkt_id":"640","amount":"11","xtz_per_objkt":"1000000"}],"token_id":"453","token_info":{"name":"Marmelade","description":"Sleepless night","tags":[],"symbol":"OBJKT","artifactUri":"ipfs://QmbwYwyBESqxCE78eYw4m1GJbaN5QNVR94zkWP4wPLydrn","creators":["tz1dC1gNTYrpRx8wKdZFhUX7oK8h6o2j6UdV"],"formats":[{"uri":"ipfs://QmbwYwyBESqxCE78eYw4m1GJbaN5QNVR94zkWP4wPLydrn","mimeType":"image/jpeg"}],"thumbnailUri":"ipfs://QmNrhZHUaEqxhyLfqoq1mtHSipkWHeT31LNHb1QEbDHgnc","decimals":0,"isBooleanAmount":false,"shouldPreferSymbol":false}}