{"result":{"objectId":21319,"ipfsHash":"QmfHA2jUhCaWmdyJsrwoWqouhR3GNKAJAwBhtyu4Ri9n3x","swaps":[{"swap_id":"34009","issuer":"tz1LJaWHktHQ8P31rpmJ7a9BDRyeFLSowVbS","objkt_amount":"10","xtz_per_objkt":"800000"}],"token_id":21319,"total_amount":"10","owners":{"KT1Hkg5qeNhfwpKW4fXvq7HGZB9z2EnmCCA9":"10"},"token_info":{"name":"Delusion of Light","description":"Delusion of Light works as a misleading effect of perception as individuals with some beliefs are able to change or readjust their beliefs upon viewing the light of evidence presented to them.   This object reflects the existential tension that every individual experiences in their consciousness, escaping from this delusion in the comfort of the collective memory.","tags":["animation","light","3d","audioreactive","abstract","sphere","delusion","reality"],"symbol":"OBJKT","artifactUri":"ipfs://QmcoZohfJuN4j2kdKs1Pzh7HCmVqoJejYkKX5aUwR6AvaA","displayUri":"","creators":["tz1LJaWHktHQ8P31rpmJ7a9BDRyeFLSowVbS"],"formats":[{"uri":"ipfs://QmcoZohfJuN4j2kdKs1Pzh7HCmVqoJejYkKX5aUwR6AvaA","mimeType":"video/mp4"}],"thumbnailUri":"ipfs://QmNrhZHUaEqxhyLfqoq1mtHSipkWHeT31LNHb1QEbDHgnc","decimals":0,"isBooleanAmount":false,"shouldPreferSymbol":false}}}