{"result":{"objectId":26937,"ipfsHash":"QmfGhmkcdNcyX8fDnZutHw1ieeNdpcy4XuFP4nYDztjUxo","swaps":[{"swap_id":"40024","issuer":"tz1U1266gDjn1Ty8dKf35M5kcsREZFheRgF4","objkt_amount":"50","xtz_per_objkt":"1000000"}],"token_id":26937,"total_amount":100,"owners":{"KT1Hkg5qeNhfwpKW4fXvq7HGZB9z2EnmCCA9":"50","tz1U1266gDjn1Ty8dKf35M5kcsREZFheRgF4":"50"},"token_info":{"name":"ART ilustration","description":"Unknownsense • Repeat & Risk • original art by Pedro Sangeon","tags":["art","ilustration","PSAN","motion"],"symbol":"OBJKT","artifactUri":"ipfs://QmQhXMVZdTrXLwGZk1ggULEmYVdXPfC8is9nXx3U8kHfoc","displayUri":"","creators":["tz1U1266gDjn1Ty8dKf35M5kcsREZFheRgF4"],"formats":[{"uri":"ipfs://QmQhXMVZdTrXLwGZk1ggULEmYVdXPfC8is9nXx3U8kHfoc","mimeType":"image/jpeg"}],"thumbnailUri":"ipfs://QmNrhZHUaEqxhyLfqoq1mtHSipkWHeT31LNHb1QEbDHgnc","decimals":0,"isBooleanAmount":false,"shouldPreferSymbol":false}}}