{"objectId":"15580","ipfsHash":"QmUudZ5pHKRx8HFaR5F9mQnrRVZD1Cf9UzbfdHWvcdC8xB","minter":"tz1d8nbh2g2XfcCLzChJEybesNWfSmPFfUTR","swaps":[{"swap_id":"15580","objkt_id":"15222","amount":"332","xtz_per_objkt":"3000000"}],"token_id":"15580","token_info":{"name":" Creative process","description":"How does your creative process looks like in your head? Artist: Alina Loseva. Twitter: @alina_loseva","tags":["colorful","vivid","abstract","surreal","2d","alinaloseva","bright"],"symbol":"OBJKT","artifactUri":"ipfs://QmcDKtBYZvK1RD6MwbuDQcaCSQGRA44b21aMeQygRUDh7r","displayUri":"","creators":["tz1d8nbh2g2XfcCLzChJEybesNWfSmPFfUTR"],"formats":[{"uri":"ipfs://QmcDKtBYZvK1RD6MwbuDQcaCSQGRA44b21aMeQygRUDh7r","mimeType":"image/jpeg"}],"thumbnailUri":"ipfs://QmNrhZHUaEqxhyLfqoq1mtHSipkWHeT31LNHb1QEbDHgnc","decimals":0,"isBooleanAmount":false,"shouldPreferSymbol":false}}