{"objectId":"10014","ipfsHash":"QmbDWGYQYcfNMhMYVdrFEFFGPoSMNEmztNwNPcdagw89Xc","minter":"tz1Tk1MJDZ96bK85RLAqtKfnptZZyXsJ2jaq","swaps":[{"swap_id":"10014","objkt_id":"10042","amount":"1","xtz_per_objkt":"888000000"}],"token_id":"10014","token_info":{"name":"Waves in color","description":"Seamless abstract animation (2000x2000, 60 fps). Author: exsstas","tags":["abstract","generative","perfectloop","animation","exsstas"],"symbol":"OBJKT","artifactUri":"ipfs://QmYZJ55grXZcQssDbXmh4zBCwXQ3QJ7f6sGb6H1MCwbRKt","creators":["tz1Tk1MJDZ96bK85RLAqtKfnptZZyXsJ2jaq"],"formats":[{"uri":"ipfs://QmYZJ55grXZcQssDbXmh4zBCwXQ3QJ7f6sGb6H1MCwbRKt","mimeType":"video/mp4"}],"thumbnailUri":"ipfs://QmNrhZHUaEqxhyLfqoq1mtHSipkWHeT31LNHb1QEbDHgnc","decimals":0,"isBooleanAmount":false,"shouldPreferSymbol":false}}