{"result":{"objectId":29457,"ipfsHash":"QmbjjnKS6yfUSGAHvpvhLoxd1JEripLXfbu39Dwo9b9uWP","swaps":[{"swap_id":"39506","issuer":"tz1RvPTb8CPiFFLjDqonmkqdqfwWJdQgcua5","objkt_amount":"4","xtz_per_objkt":"10000000"}],"token_id":29457,"total_amount":7,"owners":{"KT1Hkg5qeNhfwpKW4fXvq7HGZB9z2EnmCCA9":"4","tz1RvPTb8CPiFFLjDqonmkqdqfwWJdQgcua5":"3"},"token_info":{"name":"Minting Fractals for Mental Floss and Weight Loss  ","description":"Just minted this mint fractal for your mental floss","tags":["mint","fractal","julia","math","geometry"],"symbol":"OBJKT","artifactUri":"ipfs://QmVpMrnHiAGWzSYNLN3iKchKkkYSR37qkE2nBCTZX1ZwKU","displayUri":"","thumbnailUri":"ipfs://QmNrhZHUaEqxhyLfqoq1mtHSipkWHeT31LNHb1QEbDHgnc","creators":["tz1RvPTb8CPiFFLjDqonmkqdqfwWJdQgcua5"],"formats":[{"uri":"ipfs://QmVpMrnHiAGWzSYNLN3iKchKkkYSR37qkE2nBCTZX1ZwKU","mimeType":"video/webm"}],"decimals":0,"isBooleanAmount":false,"shouldPreferSymbol":false}}}