{"objectId":"5280","ipfsHash":"QmePkiAPVRAD3qiMqWaSx894noJkTu2Dpe3wpuvZHmdvvr","minter":"tz2M91a7CTTNTGNAeJNocYHmetcyXgRd7iAt","swaps":[{"swap_id":"5280","objkt_id":"5273","amount":"2","xtz_per_objkt":"5000000"}],"token_id":"5280","token_info":{"name":"Snoop Unicorn","description":"idk dude. snoop unicorn","tags":["illustration","art"],"symbol":"OBJKT","artifactUri":"ipfs://QmR356iSMTMNXUyc3XfQWb8EdqRahTqu9Mywy8k6zobe2R","creators":["tz2M91a7CTTNTGNAeJNocYHmetcyXgRd7iAt"],"formats":[{"uri":"ipfs://QmR356iSMTMNXUyc3XfQWb8EdqRahTqu9Mywy8k6zobe2R","mimeType":"image/jpeg"}],"thumbnailUri":"ipfs://QmNrhZHUaEqxhyLfqoq1mtHSipkWHeT31LNHb1QEbDHgnc","decimals":0,"isBooleanAmount":false,"shouldPreferSymbol":false}}