{"objectId":"13680","ipfsHash":"QmRWh3XJTE6SQmTyoA33j4c8GJAqe3wsAkCkCEw6Tcxw8g","minter":"tz1Pasu11teLSagDdhTdA4QW32CyTHokeHNd","swaps":[],"token_id":"13680","token_info":{"name":"Rock","description":"Lettering from Rock in 3d art inspirated on classes the Zigor Samaniego. Jpg - 1400x900 / 96 dpi. Mar, 2021.(Dan Cristian > https://www.instagram.com/dancristian_art/)","tags":["rock","3d","cinema4d","wallpaper","3dar","digitalart"],"symbol":"OBJKT","artifactUri":"ipfs://QmTqkwQ9cLBC2q2XSYXJHnNhVG2tYYSimnNkYGeC6g2Gtb","displayUri":null,"creators":["tz1Pasu11teLSagDdhTdA4QW32CyTHokeHNd"],"formats":[{"uri":"ipfs://QmTqkwQ9cLBC2q2XSYXJHnNhVG2tYYSimnNkYGeC6g2Gtb","mimeType":"image/jpeg"}],"thumbnailUri":"ipfs://QmNrhZHUaEqxhyLfqoq1mtHSipkWHeT31LNHb1QEbDHgnc","decimals":0,"isBooleanAmount":false,"shouldPreferSymbol":false}}