{"objectId":"13815","ipfsHash":"QmeZLidssvXTWp1xP1wc4uCGMh1A9NPoovkUfhxpiDf4FS","minter":"tz1hkdme72eq5mJdB4cnvHK16JSWMFscCmKb","swaps":[],"token_id":"13815","token_info":{"name":"P@tǟCǾdɵX_$trâŋge_Øpeřætoȑ_012.gif","description":"'threequals' artifact // by VNFK","tags":["patacode","glyph"],"symbol":"OBJKT","artifactUri":"ipfs://QmQXKVNUL45JTQtmdYzBvxams8Apr7YAm78kFVx61H6Swc","displayUri":null,"creators":["tz1hkdme72eq5mJdB4cnvHK16JSWMFscCmKb"],"formats":[{"uri":"ipfs://QmQXKVNUL45JTQtmdYzBvxams8Apr7YAm78kFVx61H6Swc","mimeType":"image/gif"}],"thumbnailUri":"ipfs://QmNrhZHUaEqxhyLfqoq1mtHSipkWHeT31LNHb1QEbDHgnc","decimals":0,"isBooleanAmount":false,"shouldPreferSymbol":false}}