{"objectId":"2115","ipfsHash":"QmYXi4dHzD1X5aEaZ5vsPgHTspq4BQq5xdJaBpuTGrEmJh","minter":"tz1Y9UtmHErKrcpPGRa9sXEGs7BQtoX5JeTE","swaps":[],"token_id":"2115","token_info":{"name":"Generation Ship","description":"Recursion destination","tags":[],"symbol":"OBJKT","artifactUri":"ipfs://QmTP2F9huP388bdg7UCC8uuBocdS7ThWorufHgW5n62Pi1","creators":["tz1Y9UtmHErKrcpPGRa9sXEGs7BQtoX5JeTE"],"formats":[{"uri":"ipfs://QmTP2F9huP388bdg7UCC8uuBocdS7ThWorufHgW5n62Pi1","mimeType":"image/png"}],"thumbnailUri":"ipfs://QmNrhZHUaEqxhyLfqoq1mtHSipkWHeT31LNHb1QEbDHgnc","decimals":0,"isBooleanAmount":false,"shouldPreferSymbol":false}}