{"objectId":"5003","ipfsHash":"Qma26qJdPBXV4ju7WNL3HZPhcRde6JJVSBPHZsh88R5ppF","minter":"tz1iveNPrATgQ29jM2rTAvnTHPdh7VxkpuWR","swaps":[{"swap_id":"5003","objkt_id":"5023","amount":"2","xtz_per_objkt":"1800000"}],"token_id":"5003","token_info":{"name":"1llus510n","description":"Here we are awaiting to depart","tags":["artillusioncolors"],"symbol":"OBJKT","artifactUri":"ipfs://QmXojB6o5BntpjMTQZ443KzedjeezcTHwDUkJUTCrVpCNx","creators":["tz1iveNPrATgQ29jM2rTAvnTHPdh7VxkpuWR"],"formats":[{"uri":"ipfs://QmXojB6o5BntpjMTQZ443KzedjeezcTHwDUkJUTCrVpCNx","mimeType":"image/png"}],"thumbnailUri":"ipfs://QmNrhZHUaEqxhyLfqoq1mtHSipkWHeT31LNHb1QEbDHgnc","decimals":0,"isBooleanAmount":false,"shouldPreferSymbol":false}}