{"objectId":"9098","ipfsHash":"QmRJuwhByzr9xSWDrpZNhAsZ9kHWxd5bZFJ9gL7ZpU1VU1","minter":"tz1ivMszr6h94yTACLXjJzK3tuvRoDHqfpwN","swaps":[{"swap_id":"9098","objkt_id":"8671","amount":"1","xtz_per_objkt":"5000000"}],"token_id":"9098","token_info":{"name":"△","description":"color exploration in CSP","tags":["ClipStudioPaint","DigitalArt","siberelis"],"symbol":"OBJKT","artifactUri":"ipfs://QmdsLAwK5XckfeZkKKaSJy21RsisEgK8xPoM1Mm5XU7kBo","creators":["tz1ivMszr6h94yTACLXjJzK3tuvRoDHqfpwN"],"formats":[{"uri":"ipfs://QmdsLAwK5XckfeZkKKaSJy21RsisEgK8xPoM1Mm5XU7kBo","mimeType":"image/png"}],"thumbnailUri":"ipfs://QmNrhZHUaEqxhyLfqoq1mtHSipkWHeT31LNHb1QEbDHgnc","decimals":0,"isBooleanAmount":false,"shouldPreferSymbol":false}}