{"objectId":"8959","ipfsHash":"QmQKDbtPRwRHg1Cyuw97vedFr2pGWAaz252GR5fBjpPnGW","minter":"tz1cY5AuLYMV2aMS68aCLh7SBh55mN5z1VBu","swaps":[],"token_id":"8959","token_info":{"name":"Limb Unfolding Itself","description":"Made by Compositional Pattern-Producing Neural Network","tags":["generative","neuralnetwork","abstract","gradient"],"symbol":"OBJKT","artifactUri":"ipfs://QmfTEreXdGdCpLbzmKb4UsgbwHUXrLgywxmcyzhccicFrW","creators":["tz1cY5AuLYMV2aMS68aCLh7SBh55mN5z1VBu"],"formats":[{"uri":"ipfs://QmfTEreXdGdCpLbzmKb4UsgbwHUXrLgywxmcyzhccicFrW","mimeType":"image/png"}],"thumbnailUri":"ipfs://QmNrhZHUaEqxhyLfqoq1mtHSipkWHeT31LNHb1QEbDHgnc","decimals":0,"isBooleanAmount":false,"shouldPreferSymbol":false}}