{"result":{"objectId":25136,"ipfsHash":"Qmbg4Zxj4SqaYL5SQa1hCBFvTKpBd8PeA8GNxW3JeZAwAk","swaps":[],"token_id":25136,"total_amount":"100","owners":{"tz1burnburnburnburnburnburnburjAYjjX":"100"},"token_info":{"name":"Black Star","description":"Unknownsense • Repeat Risk • original art by Pedro Sangeon","tags":["gif","motion","star"],"symbol":"OBJKT","artifactUri":"ipfs://QmXTsvriJLPQD2NZ3XLjPcvvZWtkdViRVcrWSrgQNcgLv7","displayUri":"","creators":["tz1LqFGdaUwkGEP2Bj35HzFDiJZUmP4Fq8bf"],"formats":[{"uri":"ipfs://QmXTsvriJLPQD2NZ3XLjPcvvZWtkdViRVcrWSrgQNcgLv7","mimeType":"image/gif"}],"thumbnailUri":"ipfs://QmNrhZHUaEqxhyLfqoq1mtHSipkWHeT31LNHb1QEbDHgnc","decimals":0,"isBooleanAmount":false,"shouldPreferSymbol":false}}}