{"result":{"objectId":19370,"ipfsHash":"QmfD7oDFhdWw5mQ4pg8kdfWGRXm27XfRokwuUNAu2CEZts","swaps":[{"swap_id":"21551","issuer":"tz1infAN9KHbgAijo6N7uaita4Jtou8RRNFH","objkt_amount":"1","xtz_per_objkt":"10000000"}],"token_id":19370,"total_amount":10,"owners":{"KT1Hkg5qeNhfwpKW4fXvq7HGZB9z2EnmCCA9":"1","tz1infAN9KHbgAijo6N7uaita4Jtou8RRNFH":"9"},"token_info":{"name":"Reminiscing","description":"Zer0 れい (zer0rei.com), 2021, Digital, Bryce 3D.","tags":["BRYCE3D","RETROCGI","AESTHETICS","VAPORWAVE"],"symbol":"OBJKT","artifactUri":"ipfs://QmVbmZCppRt2c8AbpTS2Y9R5B2k61XGexsBhKtob2VJjT9","displayUri":"","creators":["tz1infAN9KHbgAijo6N7uaita4Jtou8RRNFH"],"formats":[{"uri":"ipfs://QmVbmZCppRt2c8AbpTS2Y9R5B2k61XGexsBhKtob2VJjT9","mimeType":"image/png"}],"thumbnailUri":"ipfs://QmNrhZHUaEqxhyLfqoq1mtHSipkWHeT31LNHb1QEbDHgnc","decimals":0,"isBooleanAmount":false,"shouldPreferSymbol":false}}}