{"result":{"objectId":26825,"ipfsHash":"QmdxKCnzwdz83moCNLq2uFHdEyZYSqxvEJ7ARFbdkP8a1k","swaps":[],"token_id":26825,"total_amount":"10","owners":{"tz1NmSuYH2DkJZt4zFZLydai9cXWdvQffcbV":"10"},"token_info":{"name":"TTM","description":"The artwork is a window to the virtual world of Reflect Horizons. TTM is part of the \"impossible perspectives\" series that explores the idea of whether experiencing the same journey from different perspectives can alter your perception of that journey's space and time. Step into this meditative art experience at level11.space/desktop","tags":["VR","VirtualReality","Immersive","Interactive","Experiential","Meditative","Realtime","Installation"],"symbol":"OBJKT","artifactUri":"ipfs://QmcM4F3rXPB6ffb7Cj5pmtWk2sGWfHgKiHfnRoT5iVx3AZ","displayUri":"","creators":["tz1NmSuYH2DkJZt4zFZLydai9cXWdvQffcbV"],"formats":[{"uri":"ipfs://QmcM4F3rXPB6ffb7Cj5pmtWk2sGWfHgKiHfnRoT5iVx3AZ","mimeType":"video/mp4"}],"thumbnailUri":"ipfs://QmNrhZHUaEqxhyLfqoq1mtHSipkWHeT31LNHb1QEbDHgnc","decimals":0,"isBooleanAmount":false,"shouldPreferSymbol":false}}}