{"objectId":"14391","ipfsHash":"QmbkzoGgcCN9yJiP9cAwDDd7kV7okFs8ezQP5bidXF6aaU","minter":"tz1UE2omGnq3NzmMdxADYp1dcgvRKFuoFmy7","swaps":[{"swap_id":"14391","objkt_id":"14226","amount":"5","xtz_per_objkt":"3000000"}],"token_id":"14391","token_info":{"name":"N006 - Tezos waves","description":"Generative art by MR.GREY. Part of Pinkcloud NFTs - serie : PRELUDE / All buyers can request download link of original high res and easter eggs on http://www.pinkcloud.ca/nfts/","tags":["MR.GREY","Generativeart","Pinkcloud","Pinkcloud_NFT","Prelude","Tezos","Waves"],"symbol":"OBJKT","artifactUri":"ipfs://QmR82iH4b5EvbBcE4vwjCEzk6DfQiQunf5zNo7EMiSRWCC","displayUri":null,"creators":["tz1UE2omGnq3NzmMdxADYp1dcgvRKFuoFmy7"],"formats":[{"uri":"ipfs://QmR82iH4b5EvbBcE4vwjCEzk6DfQiQunf5zNo7EMiSRWCC","mimeType":"image/gif"}],"thumbnailUri":"ipfs://QmNrhZHUaEqxhyLfqoq1mtHSipkWHeT31LNHb1QEbDHgnc","decimals":0,"isBooleanAmount":false,"shouldPreferSymbol":false}}