{"objectId":"12496","ipfsHash":"QmavxcQxP6TpsZxJS63KGaNh8UCLu7JTz3V4zJuk5Tg7b1","minter":"tz2UwrHz3vrfJAa4Ag7kpcUueHPaWn98qFq1","swaps":[{"swap_id":"12496","objkt_id":"12487","amount":"22","xtz_per_objkt":"1000000"}],"token_id":"12496","token_info":{"name":"METAL CAT","description":"never published_2018_gif_1500x1500","tags":["cat","metal","guitar","animation","seforarios","jesuscripto","gif","cute","pink"],"symbol":"OBJKT","artifactUri":"ipfs://QmWNJT33QYfQCSiVN7ZRPdFgp24DJnfJ5s7EE2Jbf5eMZS","creators":["tz2UwrHz3vrfJAa4Ag7kpcUueHPaWn98qFq1"],"formats":[{"uri":"ipfs://QmWNJT33QYfQCSiVN7ZRPdFgp24DJnfJ5s7EE2Jbf5eMZS","mimeType":"image/gif"}],"thumbnailUri":"ipfs://QmNrhZHUaEqxhyLfqoq1mtHSipkWHeT31LNHb1QEbDHgnc","decimals":0,"isBooleanAmount":false,"shouldPreferSymbol":false}}