{"objectId":"5845","ipfsHash":"QmcSvzHna5UbQF3ohXtjjpwwAPMAxnwByHK3Syu1oTT3CN","minter":"tz1PqooZUtCQqP539PmMzUWHtaUX6EQtFY5S","swaps":[],"token_id":"5845","token_info":{"name":"Crossing (Clay)","description":"","tags":["3d","render","abstract","photorealistic"],"symbol":"OBJKT","artifactUri":"ipfs://QmcLuuAtNYNhhs77BiSi6uikVTwWJnBcXGRLREuJcyurae","creators":["tz1PqooZUtCQqP539PmMzUWHtaUX6EQtFY5S"],"formats":[{"uri":"ipfs://QmcLuuAtNYNhhs77BiSi6uikVTwWJnBcXGRLREuJcyurae","mimeType":"image/png"}],"thumbnailUri":"ipfs://QmNrhZHUaEqxhyLfqoq1mtHSipkWHeT31LNHb1QEbDHgnc","decimals":0,"isBooleanAmount":false,"shouldPreferSymbol":false}}