{"result":{"objectId":22866,"ipfsHash":"QmNpfr5f8CU9DWJVR1f3X9g7sKmNkBbNxKevZcxTjXMNBg","swaps":[],"token_id":22866,"total_amount":30,"owners":{"tz1Kj4vU3mwWWG3xYFHg5b1aL2Zk3qWaRLfk":"1","tz1KsxSV3uUPG57cQzBp5udB2CmVeWPARf8G":"1","tz1MCaehYRvrhPWv7HiCYQKyi9WDXbAUZkwv":"5","tz1MQT3sS6xFL2dLoE6CSZVWCPpWU5JAtmXK":"1","tz1MwgPYtc8uccvYgEH4gixazzLLgayRipze":"1","tz1N15UeGaM9wn7stxTsKvM8ntkXc1kwuVbi":"1","tz1NGCmeZEGU16wwcu5rZyKVFeHqsbn8vWS4":"1","tz1PLUAH1zhTYPHH8DdJ1hCe63bSymyJjF6h":"1","tz1Pu8zRmNghAHzWxsT9Cy2qXHxkCrHcB3vc":"1","tz1QZjuSJoFwPv8Hkcau9nFh7rE3YvGmkWkD":"1","tz1Qq5n5GGBJi3uMx69yL6K1hpT9cNsWxBWH":"1","tz1UBEyref6vCDbbn2kNv42UGb2L3SmT5dTq":"1","tz1XQkz6uLnnyf8ztcuCuYJ8MtSiefj5ajqk":"2","tz1Zpqg3AVifL43AXowv5FgHtFHtzVnp62Fa":"1","tz1Zv63dC5nkVBbPz3BvdmWGqDw9cvahvm3s":"1","tz1aHfKHR887WzmpA56K2diKDufR3QJqn9iK":"1","tz1cjHCorsyNqN3cWWKoYpzycBJmpifyoWd6":"1","tz1cjn8DAkb7FsCHMJsJq17uRFWhCrGxnzqd":"1","tz1dnoAmLUaZyzdJifyxYMN5B5hNAJsYwQr3":"1","tz1fCHiWZ3ReGqvhxkMejVzcnXYz1rnsJpow":"1","tz1fyLpa8q92TBFuqb9amtpiPbN5TAYBGpTR":"1","tz1g8tWPsKAJLzeKEof74Rvnr3gpXe1iuHUV":"1","tz1iE3DK2enuyg5pR3CPn1vCiyvTbG5dViz6":"1","tz2BzwVtwa2mTbspW1qqdiA2UtctbGntxAGi":"1","tz2R1iMz3wHEx6Z8dpdPVgb9eTDVh5NdeqNz":"1"},"token_info":{"name":"Max 2.0","description":"Artist: Sutu | Medium: Digital Animation, PNG: 989x1280 pixels | Original Creation Date: April, 2021 | Twitter: @sutu_eats_flies","tags":["digital","animation","illustration","future","scifi","neon","colour","fashion"],"symbol":"OBJKT","artifactUri":"ipfs://QmPgwLC8L2iP2Am7PfYE23aS5re8rbkKdWPufeUZXaxne3","displayUri":"","creators":["tz1R5aLedcRQb9kYyNBS1UXzHR6aQQ3Z5qoq"],"formats":[{"uri":"ipfs://QmPgwLC8L2iP2Am7PfYE23aS5re8rbkKdWPufeUZXaxne3","mimeType":"image/gif"}],"thumbnailUri":"ipfs://QmNrhZHUaEqxhyLfqoq1mtHSipkWHeT31LNHb1QEbDHgnc","decimals":0,"isBooleanAmount":false,"shouldPreferSymbol":false}}}