{"result":{"objectId":25073,"ipfsHash":"QmPiyecd2f2AkTHZYNhWJe5433AqTJsqJvznVonGGhuHPc","swaps":[{"swap_id":"31303","issuer":"tz1SEbij3LaWWVfSjCXgNyiE46RWiWnhKo2P","objkt_amount":"5","xtz_per_objkt":"1000000"}],"token_id":25073,"total_amount":"5","owners":{"KT1Hkg5qeNhfwpKW4fXvq7HGZB9z2EnmCCA9":"5"},"token_info":{"name":"KriptoColor #FFF6D0","description":"If you love this color you can have it! It's super limited, so hurry up and grab to your collection before someone does!","tags":["kriptocolor","color","collectibles"],"symbol":"OBJKT","artifactUri":"ipfs://QmQUumMaVL2RkAFe5NnxuNtTwniwHJYvTJFwB3Y4Pet4nj","displayUri":"","creators":["tz1SEbij3LaWWVfSjCXgNyiE46RWiWnhKo2P"],"formats":[{"uri":"ipfs://QmQUumMaVL2RkAFe5NnxuNtTwniwHJYvTJFwB3Y4Pet4nj","mimeType":"image/png"}],"thumbnailUri":"ipfs://QmNrhZHUaEqxhyLfqoq1mtHSipkWHeT31LNHb1QEbDHgnc","decimals":0,"isBooleanAmount":false,"shouldPreferSymbol":false}}}