{"result":{"objectId":27019,"ipfsHash":"QmWnm2CcYmhGNhgb3q5EigdiEQ9oUAhHNtXmdDxFurYKbH","swaps":[],"token_id":27019,"total_amount":"1","owners":{"tz1TVa5tuFYt1wnUL2EZoZ5qknWLPhYrrGMa":"1"},"token_info":{"name":"PEDRA PÁSSARO 6","description":"PEDRA PÁSSARO / an infinite series of generative 3d images / each image is unique / A1 300 dpi / by leston (@matheusleston)","tags":["3d","digital","algorithmic","generative","noise","random","voronoi","blackandwhite","blender","cycles"],"symbol":"OBJKT","artifactUri":"ipfs://QmTgudaZozwbSZCzsWF5d1cfthVMWyTbSCUzErXfQgFNwp","displayUri":"","creators":["tz2KeUHURbgGgx11be9gnST2kubNeuLPUh7L"],"formats":[{"uri":"ipfs://QmTgudaZozwbSZCzsWF5d1cfthVMWyTbSCUzErXfQgFNwp","mimeType":"image/png"}],"thumbnailUri":"ipfs://QmNrhZHUaEqxhyLfqoq1mtHSipkWHeT31LNHb1QEbDHgnc","decimals":0,"isBooleanAmount":false,"shouldPreferSymbol":false}}}