{"objectId":"6697","ipfsHash":"QmTEqhUhsxJ6bXtbeTQtYE5uGnzaFU2MvDZnPsKEWf21GP","minter":"tz1N49xt8AxtPDyD2ugB6n64XfEzgYf73Pie","swaps":[{"swap_id":"6697","objkt_id":"6251","amount":"10","xtz_per_objkt":"1000000"}],"token_id":"6697","token_info":{"name":"Cabbage 0","description":".................. Dark cabbage ............","tags":["nftartcabbage"],"symbol":"OBJKT","artifactUri":"ipfs://QmbDsHPfz6DmHUoPE89KCPSAYPdoH4HkC1u5qYuh3dfbBU","creators":["tz1N49xt8AxtPDyD2ugB6n64XfEzgYf73Pie"],"formats":[{"uri":"ipfs://QmbDsHPfz6DmHUoPE89KCPSAYPdoH4HkC1u5qYuh3dfbBU","mimeType":"image/jpeg"}],"thumbnailUri":"ipfs://QmNrhZHUaEqxhyLfqoq1mtHSipkWHeT31LNHb1QEbDHgnc","decimals":0,"isBooleanAmount":false,"shouldPreferSymbol":false}}