{"objectId":"4583","ipfsHash":"QmPpwVEWrKCjAUvXwVDFdoAgyvxyAhrfzYEFf7rbYEk9fR","minter":"tz1Y7FvKdoPewZgZ8d1LkB8mxLH7P22rcfnc","swaps":[{"swap_id":"4583","objkt_id":"4572","amount":"3","xtz_per_objkt":"1500000"}],"token_id":"4583","token_info":{"name":"Gengar Fanart","description":"Fanaty of gengar from pokemon","tags":["pokemon","gengar","fanart","art","ghost","purple","digital"],"symbol":"OBJKT","artifactUri":"ipfs://QmeNDjg1JaTeBfoghqrNDop7w2HhzewRFsA3fhZ6UL94Un","creators":["tz1Y7FvKdoPewZgZ8d1LkB8mxLH7P22rcfnc"],"formats":[{"uri":"ipfs://QmeNDjg1JaTeBfoghqrNDop7w2HhzewRFsA3fhZ6UL94Un","mimeType":"image/jpeg"}],"thumbnailUri":"ipfs://QmNrhZHUaEqxhyLfqoq1mtHSipkWHeT31LNHb1QEbDHgnc","decimals":0,"isBooleanAmount":false,"shouldPreferSymbol":false}}