{"objectId":"2953","ipfsHash":"QmRyHkJRAwC3VaYLWjphmt5DCnvfjWJayf7EXqohyL2QYe","minter":"tz1U57ZR7ukKtXiSrdg96h99YqJohgQk3Tao","swaps":[],"token_id":"2953","token_info":{"name":"3D ART IS AWESOME","description":"OWN 3D ART. GOOD LUCK ART","tags":["ART","3D","TEZOS","NFT"],"symbol":"OBJKT","artifactUri":"ipfs://QmUd26r5h5gmi2LRd39qbkGMftEjBM8UE7jZkEVyjT8HtH","creators":["tz1U57ZR7ukKtXiSrdg96h99YqJohgQk3Tao"],"formats":[{"uri":"ipfs://QmUd26r5h5gmi2LRd39qbkGMftEjBM8UE7jZkEVyjT8HtH","mimeType":"image/jpeg"}],"thumbnailUri":"ipfs://QmNrhZHUaEqxhyLfqoq1mtHSipkWHeT31LNHb1QEbDHgnc","decimals":0,"isBooleanAmount":false,"shouldPreferSymbol":false}}