{"objectId":"11255","ipfsHash":"QmYipeYXHucFWREmoS2a4mqrgnB1JDJgRz4HVxhaKS6syY","minter":"tz1MCoP7Qj52AuRDBYSUmk1Gh2WDcYF2aZAt","swaps":[{"swap_id":"11255","objkt_id":"11209","amount":"10","xtz_per_objkt":"5000000"}],"token_id":"11255","token_info":{"name":"Langton's Ant LLR","description":"Growth of the ant described by LLR, immediately creates a highway to ∞ ","tags":["Langton'sAnt","automata"],"symbol":"OBJKT","artifactUri":"ipfs://QmcQwKbnmkfnc9FzaC2tL9PHhvqN56nmsWUmjP3J5w62jv","creators":["tz1MCoP7Qj52AuRDBYSUmk1Gh2WDcYF2aZAt"],"formats":[{"uri":"ipfs://QmcQwKbnmkfnc9FzaC2tL9PHhvqN56nmsWUmjP3J5w62jv","mimeType":"model/gltf-binary"}],"thumbnailUri":"ipfs://QmNrhZHUaEqxhyLfqoq1mtHSipkWHeT31LNHb1QEbDHgnc","decimals":0,"isBooleanAmount":false,"shouldPreferSymbol":false}}