{"objectId":"9923","ipfsHash":"QmPQBNKnaKHr5bozVE7xCXTfjDuQKGpZ5EhKEqVJp21UNZ","minter":"tz1ZsNvZKUveN7FjRhMHTm9NiAUNAmrwdFKV","swaps":[],"token_id":"9923","token_info":{"name":"Pancake day 56/366 #fac_eth_eday","description":"Day 56/366 - One portrait a day — @mimeartist","tags":["pancake","shrove","tuesday"],"symbol":"OBJKT","artifactUri":"ipfs://Qmf9pqQfcL3s7sWffcLBYWKqik1USxZZkg5d49DU1DxAD9","creators":["tz1ZsNvZKUveN7FjRhMHTm9NiAUNAmrwdFKV"],"formats":[{"uri":"ipfs://Qmf9pqQfcL3s7sWffcLBYWKqik1USxZZkg5d49DU1DxAD9","mimeType":"image/gif"}],"thumbnailUri":"ipfs://QmNrhZHUaEqxhyLfqoq1mtHSipkWHeT31LNHb1QEbDHgnc","decimals":0,"isBooleanAmount":false,"shouldPreferSymbol":false}}