{"objectId":"16343","ipfsHash":"QmV1xRRteDdCQ5EPVnBh6uwNgAzu3kUJPqSy9dg74kaYZG","minter":"tz1ePu9LAuNEgCFkJwKnhgroAEyBAu2V5Yhs","swaps":[],"token_id":"16343","token_info":{"name":"Neon She v2 3 of 4","description":"Tales from Hqz dystopian world. Original digital art by Hqz.© All rights reserved. Contact : Instagram@Hqzdigitalart 2021","tags":["NEONSHESERIES","HQZ","DIGITAL","FUTURE","PIXEL","DYSTOPIAN","WORLD","TECHNOLOGY","SCI-FI","SYNTHETIC","MECHANICAL","INTELLIGENCE","MACHINES"],"symbol":"OBJKT","artifactUri":"ipfs://QmXXkEfQtPf4fmZYxdMtey59B8AKpZDMJKWVDtyVsyirdd","displayUri":"","creators":["tz1ePu9LAuNEgCFkJwKnhgroAEyBAu2V5Yhs"],"formats":[{"uri":"ipfs://QmXXkEfQtPf4fmZYxdMtey59B8AKpZDMJKWVDtyVsyirdd","mimeType":"image/jpeg"}],"thumbnailUri":"ipfs://QmNrhZHUaEqxhyLfqoq1mtHSipkWHeT31LNHb1QEbDHgnc","decimals":0,"isBooleanAmount":false,"shouldPreferSymbol":false}}