{"objectId":"13287","ipfsHash":"QmR8K9JmGJHXJUgeu6LSGWjqaqGYziDrhNCb2NYuMURQK8","minter":"tz1U8mFPuyGr48BWnULky9kUqAVQk8ewBHtU","swaps":[{"swap_id":"13287","objkt_id":"13309","amount":"11","xtz_per_objkt":"11110000"}],"token_id":"13287","token_info":{"name":"untitled 2019-20 (faulty inkjet print, pixellated landscape)","description":"From an ongoing series titled 'collapse', investigating digital waste and failure (3000 x 2160 px jpg 2.2 M) collapse, stusontier.net, sontier, faulty, inkjet, printer, digitalwaste, fail","tags":["collapse","stusontier.net","sontier","faulty","inkjet","printer","digitalwaste","fail","landscape"],"symbol":"OBJKT","artifactUri":"ipfs://QmRb2zZYZNujNvcFj38VwQLwsUooeA3KCtajVSBh1Qc2HC","displayUri":null,"creators":["tz1U8mFPuyGr48BWnULky9kUqAVQk8ewBHtU"],"formats":[{"uri":"ipfs://QmRb2zZYZNujNvcFj38VwQLwsUooeA3KCtajVSBh1Qc2HC","mimeType":"image/jpeg"}],"thumbnailUri":"ipfs://QmNrhZHUaEqxhyLfqoq1mtHSipkWHeT31LNHb1QEbDHgnc","decimals":0,"isBooleanAmount":false,"shouldPreferSymbol":false}}