{"objectId":"16986","ipfsHash":"QmW4d8n4x9b53JBd1ZRdULryDZAGEWEkhPdruumf4sucDH","minter":"tz1TVNRC8XUYPR5QFhJPtaTXeJLB6tFap7fu","swaps":[],"token_id":"16986","token_info":{"name":"feline_01","description":"Motion sequence of feline accelerating through abstract graphic environment https://www.instagram.com/xpatrickthomas/","tags":["feline","muybridge","motiongraphic","cat","moiré","pattern","digital","analog"],"symbol":"OBJKT","artifactUri":"ipfs://QmQZoPJpmitknEEDw5Yq35yf6jeTJ4asZChUVdCNWu5xen","displayUri":"","creators":["tz1TVNRC8XUYPR5QFhJPtaTXeJLB6tFap7fu"],"formats":[{"uri":"ipfs://QmQZoPJpmitknEEDw5Yq35yf6jeTJ4asZChUVdCNWu5xen","mimeType":"video/mp4"}],"thumbnailUri":"ipfs://QmNrhZHUaEqxhyLfqoq1mtHSipkWHeT31LNHb1QEbDHgnc","decimals":0,"isBooleanAmount":false,"shouldPreferSymbol":false}}