{"objectId":"8518","ipfsHash":"QmWHDBBfadD4hr7cizUzs5ujrA8VTPARsg2fLUTm3JUhmQ","minter":"tz2TTvkUkcjpHz4M8j9dq2S1HPcGu82qPki7","swaps":[],"token_id":"8518","token_info":{"name":"LAW Reiki Level One Certificate","description":"Peacewalker Reiki School Level One Attunement Certificate Western Usui Reiki February 2021 Leslie Anne Walton.","tags":["Leslie","Anne","Walton","Reiki","certificate","Tre'","Grisby","Berkeley","California","2021"],"symbol":"OBJKT","artifactUri":"ipfs://QmSJHqpUaF4YemtYAANTrJDaTckJwEUCNwP2k8LwWzew4m","creators":["tz2TTvkUkcjpHz4M8j9dq2S1HPcGu82qPki7"],"formats":[{"uri":"ipfs://QmSJHqpUaF4YemtYAANTrJDaTckJwEUCNwP2k8LwWzew4m","mimeType":"image/png"}],"thumbnailUri":"ipfs://QmNrhZHUaEqxhyLfqoq1mtHSipkWHeT31LNHb1QEbDHgnc","decimals":0,"isBooleanAmount":false,"shouldPreferSymbol":false}}