{"result":{"objectId":30271,"ipfsHash":"Qme8proJrkrLFurvLNGdKhJ2Sk7qfYDmtHGEWAt9eiTjFZ","swaps":[],"token_id":30271,"total_amount":"1","owners":{"tz1RAudFCEhaPnpcBQktY2xe4pfGBrPc4U2M":"1"},"token_info":{"name":"Linux_Console","description":"Video art graphic composition generated in real-time. Analog hardware glitches mixed with procedural shaders and command lines. https://www.cloneproduction.net/","tags":["media","material","texture","video","art","generated","generative","line","techno","glitch","slide","visual","graphic","3D","black","white","square","shape","abstract","animation","minimal","motion","movement","dynamics","real-time","blink","flash","experimental","research","fuse","noise","grain","detailed","graphics","shanghai","shanghainese","cloneproduction","composition","analog","hardware","glitches","procedural","shaders","video","mix","mixedmedia","grey","linux","console","commandlines",""],"symbol":"OBJKT","artifactUri":"ipfs://QmRcv5w5KivtxVbigy5rN4HAfqzgCKtaC8xegHvfkvcqVq","displayUri":"","thumbnailUri":"ipfs://QmNrhZHUaEqxhyLfqoq1mtHSipkWHeT31LNHb1QEbDHgnc","creators":["tz1RAudFCEhaPnpcBQktY2xe4pfGBrPc4U2M"],"formats":[{"uri":"ipfs://QmRcv5w5KivtxVbigy5rN4HAfqzgCKtaC8xegHvfkvcqVq","mimeType":"video/mp4"}],"decimals":0,"isBooleanAmount":false,"shouldPreferSymbol":false}}}