{"result":{"objectId":26960,"ipfsHash":"Qmb7ASuNGFq4xWxxuzz1e3LdXA8chpFqHe173woPVqo3fr","swaps":[{"swap_id":"34898","issuer":"tz1dAXbkkPvFKEEL8TYR7vvqUGJtwWLtSZmf","objkt_amount":"4","xtz_per_objkt":"3000000"}],"token_id":26960,"total_amount":5,"owners":{"KT1Hkg5qeNhfwpKW4fXvq7HGZB9z2EnmCCA9":"4","tz1dAXbkkPvFKEEL8TYR7vvqUGJtwWLtSZmf":"1"},"token_info":{"name":"Vincent Van Gogh","description":"","tags":["Vangogh"],"symbol":"OBJKT","artifactUri":"ipfs://QmWc3oC8bbhzUSNyNQAqQHJuhu4rpvLaEyBrhk3J18w7VB","displayUri":"","creators":["tz1dAXbkkPvFKEEL8TYR7vvqUGJtwWLtSZmf"],"formats":[{"uri":"ipfs://QmWc3oC8bbhzUSNyNQAqQHJuhu4rpvLaEyBrhk3J18w7VB","mimeType":"image/jpeg"}],"thumbnailUri":"ipfs://QmNrhZHUaEqxhyLfqoq1mtHSipkWHeT31LNHb1QEbDHgnc","decimals":0,"isBooleanAmount":false,"shouldPreferSymbol":false}}}