{"objectId":"15241","ipfsHash":"QmYA6bJdPDiCx4QGgSB3EGZXRLyZAfE9Zhkvfj3Tu1y4yS","minter":"tz28pfvK5TjkSVDAEvgGK41qTygBynXQdjFF","swaps":[],"token_id":"15241","token_info":{"name":"Mind Explosion, Speed Sculpt by Okin","description":"@okinmakesart A speed sculpt I call Mind Explosion. Made with monster clay and will be recycled for another sculpture, so this will be the only record of its existence. Created for the #OBJKT40BJKT free swap event.","tags":["Speedsculpt","temporaryart","monsterclay","inthemoment","art","#OBJKT40BJKT"],"symbol":"OBJKT","artifactUri":"ipfs://QmbjcPUJawbg2QujGTV2H2BsPh6ZAz4iTfKdopAASnQSia","displayUri":null,"creators":["tz28pfvK5TjkSVDAEvgGK41qTygBynXQdjFF"],"formats":[{"uri":"ipfs://QmbjcPUJawbg2QujGTV2H2BsPh6ZAz4iTfKdopAASnQSia","mimeType":"video/mp4"}],"thumbnailUri":"ipfs://QmNrhZHUaEqxhyLfqoq1mtHSipkWHeT31LNHb1QEbDHgnc","decimals":0,"isBooleanAmount":false,"shouldPreferSymbol":false}}