{"result":{"objectId":27367,"ipfsHash":"QmNQ6Pnxyyj1x49B6X7ahnzfcULmcGxP4HetmwzdSvaYNu","swaps":[{"swap_id":"40213","issuer":"tz1NGDuYTuuB1geX1K5b88cqa8JinFLdd3d5","objkt_amount":"1","xtz_per_objkt":"50000000"}],"token_id":27367,"total_amount":10,"owners":{"KT1Hkg5qeNhfwpKW4fXvq7HGZB9z2EnmCCA9":"1","tz1M5ZSHaWXGEW9S32pRQ1RYJw33SnMZmPVc":"1","tz1MrfUXBCvxcqhJzU973PBRobAXAKMo9eyA":"1","tz1R5aLedcRQb9kYyNBS1UXzHR6aQQ3Z5qoq":"1","tz1RvDpXKZjWNVV8Hk432i7VozAZZb7zDuCu":"1","tz1SAwMwZKQbguax7oYYYmF5MKWUiiikgrBw":"2","tz1Scn9Ttn9AhFh5TnqFyDYD8JherrknX4rz":"1","tz1cxTJQtdGf1PaEQGTPvrDvH46uTbesPi5w":"1","tz1fFCF6FogyPLLjSk3FNTG7gVdDWfPCWVni":"1"},"token_info":{"name":"The Moon and Sixpence 01/03 - Lone","description":"Animated version of The Moon and Sixpence series 01/03","tags":["animation","3D","abstract","looping","loop","vj","motiongraphics"],"symbol":"OBJKT","artifactUri":"ipfs://QmNoz1wepT3oFZXuU6G3M2yH5dH94CpL64RNfubQ54kjgK","displayUri":"","creators":["tz1TGFer3chbrkNKHJK1Mv4XHi3oMAJoTCxA"],"formats":[{"uri":"ipfs://QmNoz1wepT3oFZXuU6G3M2yH5dH94CpL64RNfubQ54kjgK","mimeType":"video/mp4"}],"thumbnailUri":"ipfs://QmNrhZHUaEqxhyLfqoq1mtHSipkWHeT31LNHb1QEbDHgnc","decimals":0,"isBooleanAmount":false,"shouldPreferSymbol":false}}}