{"result":{"objectId":17381,"ipfsHash":"QmSoys4jUa1XKevFmQk6h9ENwpBdnUEzWAzc4FJb3uLBMN","swaps":[{"swap_id":"21871","issuer":"tz1LGVwoTMUhi76Jc8TeaNUQhanfeLLNF4xm","objkt_amount":"1","xtz_per_objkt":"4000000"},{"swap_id":"21983","issuer":"tz2WKRK3i3zBjX8aAyFn3FVWmYDAHFudQgh2","objkt_amount":"1","xtz_per_objkt":"3000000"},{"swap_id":"19044","issuer":"tz1PfirGv1Qk9vK3eMnMkARudeRVwFx5ZZRF","objkt_amount":"1","xtz_per_objkt":"5000000"},{"swap_id":"32247","issuer":"tz1NGDuYTuuB1geX1K5b88cqa8JinFLdd3d5","objkt_amount":"1","xtz_per_objkt":"2000000"},{"swap_id":"33885","issuer":"tz1hHzPzsqxcXRvUR4K55FG78eM2HFjizeWT","objkt_amount":"1","xtz_per_objkt":"1000000"}],"token_id":17381,"total_amount":25,"owners":{"KT1Hkg5qeNhfwpKW4fXvq7HGZB9z2EnmCCA9":"5","tz1KojLMYHQZW9BCS6skDYV9BSaYh3hk3aKJ":"1","tz1KpzYgTTsE3xqiYbgDJcWmxLaNKD9MvXdb":"1","tz1LwY9B47RjxyzfQu3hi3ruJV3EA1CZcHeV":"1","tz1NkbM2VydPjcvRfABXnJQp4QCtCQXGdcEK":"1","tz1NzZB8EdvW5Uppth48tbajc77Uk3iXTmkg":"1","tz1QTphSVmriQEZQTx7qjVZjskDtkYk8SBBz":"1","tz1Sy9gJjqzDqb8yXmnu3niPtExyhHhfPxn1":"1","tz1URr8y6ZAWBiLptRibc9afx5G1mmmpqyaK":"1","tz1WeSgHesW4kmisiBwvXDp5HFj9MPy6qjnm":"1","tz1YNUNArBDYWu8evZj73HR9vE6y5FQkaj5M":"1","tz1YRG68NdqtAcsFEwTUw6FsSsiBb5kagEDo":"1","tz1YRbmzV2fc5jdc5a3Hjfxjmt6YzVGadpZt":"1","tz1YokFzMR1hX4m4aBqgutxLSUKFDdNoYGEN":"1","tz1cPXUBr3mpXKEnsXB6sdUbrwRj9NiuQTCZ":"1","tz1demsQU1EN5T8eUo1eCJms7X19L6CjtaRt":"1","tz1fCW9QFdfpptUfAQ3Dz7W39GjYm3tWormF":"1","tz2L4t9S9LjpR2ca6B869siiKe2Ymp3aQ4gg":"1","tz2LCAZfxijTE5KCeRpFWaJNbRuzE5KLLprQ":"1","tz2Mz6SbRW6FvUemvSb6PcAN3k7qpt88xnWA":"1","tz2Vhepgqx1MtP5PktSc4QFsabDHT22mAR6D":"1"},"token_info":{"name":"could'n refresh feed - XI","description":"@tiegenhof - Sometimes the photos look more nice, when the feed of Instagram could not be refreshed","tags":["#cleanNFT#OBJKT4OBJKT#nft4nft#NFTCollector#NFTArt#NFTArtists#swapNFT#cryptoart#artists"],"symbol":"OBJKT","artifactUri":"ipfs://QmSLRmHVimZkVhLizj6GjK6etWfAHb87PJieVYUj6iQTMN","displayUri":"","creators":["tz1bxe2Tp3EqWZqZX5Kvmg9MxTmX8LBiUchk"],"formats":[{"uri":"ipfs://QmSLRmHVimZkVhLizj6GjK6etWfAHb87PJieVYUj6iQTMN","mimeType":"image/jpeg"}],"thumbnailUri":"ipfs://QmNrhZHUaEqxhyLfqoq1mtHSipkWHeT31LNHb1QEbDHgnc","decimals":0,"isBooleanAmount":false,"shouldPreferSymbol":false}}}