{"objectId":"16197","ipfsHash":"QmRE9dseTgwRS9QrSbQmSaEPXU2LQNi42uZ8hvNU51L1Wj","minter":"tz1hQ9ch1VZSmD6Yeyia8oiBbFrBEyNaiZNZ","swaps":[],"token_id":"16197","token_info":{"name":"clindsey/source-of-life-12.8.14","description":"complicated mixture @56clindsey","tags":["javascript","webgl","animation","interactive"],"symbol":"OBJKT","artifactUri":"ipfs://QmYMkguQyQuUaBxziie5S5SMFymLnZRC5fsPJk9UeLdR9Z","displayUri":"ipfs://QmQhPYN1zaAMeApKTe76yuw4Q8VkM33MF2iqBjcBd4tT3z","creators":["tz1hQ9ch1VZSmD6Yeyia8oiBbFrBEyNaiZNZ"],"formats":[{"uri":"ipfs://QmYMkguQyQuUaBxziie5S5SMFymLnZRC5fsPJk9UeLdR9Z","mimeType":"application/x-directory"}],"thumbnailUri":"ipfs://QmNrhZHUaEqxhyLfqoq1mtHSipkWHeT31LNHb1QEbDHgnc","decimals":0,"isBooleanAmount":false,"shouldPreferSymbol":false}}