{"result":{"objectId":30334,"ipfsHash":"QmQkKgY1UYzXFXL3GwysaiQLV8CtcV8tNtn9Kqz8EXAELK","swaps":[{"swap_id":"41302","issuer":"tz1hTfioT7ApZmAQPpLuV3EaZerrA2EAqPUX","objkt_amount":"1","xtz_per_objkt":"6000000"}],"token_id":30334,"total_amount":2,"owners":{"KT1Hkg5qeNhfwpKW4fXvq7HGZB9z2EnmCCA9":"1","tz1hTfioT7ApZmAQPpLuV3EaZerrA2EAqPUX":"1"},"token_info":{"name":"Delocalized Narratives #240","description":"In this image, there is a platform which is in white color, there is a black color door, in the background there is a blue and yellow color train, there is a black color window of the train. - by @nicobiev / more on delocalized.sanstitre.be","tags":["Delocalized","Narratives","image","language","trace","coco","dataset"],"symbol":"OBJKT","artifactUri":"ipfs://QmZ8xxkybCJ9FYDaU22Xxjkbidi5VLz4mLWcocFbj4ZXKg","displayUri":"","thumbnailUri":"ipfs://QmNrhZHUaEqxhyLfqoq1mtHSipkWHeT31LNHb1QEbDHgnc","creators":["tz1hTfioT7ApZmAQPpLuV3EaZerrA2EAqPUX"],"formats":[{"uri":"ipfs://QmZ8xxkybCJ9FYDaU22Xxjkbidi5VLz4mLWcocFbj4ZXKg","mimeType":"image/jpeg"}],"decimals":0,"isBooleanAmount":false,"shouldPreferSymbol":false}}}