{"objectId":"7439","ipfsHash":"Qmf4yFiFaLxSUgScEWcYmQjhZejc22iy9qZ7TxPAZ5yQfy","minter":"tz1gdETJGSTUeoMaYB3KCjJya587h362s79T","swaps":[],"token_id":"7439","token_info":{"name":"Relativies","description":"EP: CALMDOWN! / TRACK: 2 / PRODUCER AND ARRANGER: LUCAS REZENDE / BASS: LERI MACHADO / GUITAR: PEDRO MACHADO / DRUMS: NATE SMITH","tags":["#music#jazz#brazil#lofi"],"symbol":"OBJKT","artifactUri":"ipfs://QmaJiavig1Uz3UqJ1LJCQJjnj6dBYJgpWu5z8tAEPtFcit","creators":["tz1gdETJGSTUeoMaYB3KCjJya587h362s79T"],"formats":[{"uri":"ipfs://QmaJiavig1Uz3UqJ1LJCQJjnj6dBYJgpWu5z8tAEPtFcit","mimeType":"audio/mpeg"}],"thumbnailUri":"ipfs://QmNrhZHUaEqxhyLfqoq1mtHSipkWHeT31LNHb1QEbDHgnc","decimals":0,"isBooleanAmount":false,"shouldPreferSymbol":false}}