{"result":{"objectId":27058,"ipfsHash":"QmW5GNKyoXwT91fiAuL4unLrivcneg7V5rfY6fVWUZ97k7","swaps":[{"swap_id":"36981","issuer":"tz2NBpVaRHCgVAPAuKBPrZ1K5haw655sdnrh","objkt_amount":"1","xtz_per_objkt":"150000000"}],"token_id":27058,"total_amount":"1","owners":{"KT1Hkg5qeNhfwpKW4fXvq7HGZB9z2EnmCCA9":"1"},"token_info":{"name":"W I D E","description":"W I D E   B O Y","tags":[""],"symbol":"OBJKT","artifactUri":"ipfs://QmXMn3mEWUkpob5rAAUg4PpUb3zJcm5DvNJ4MgxPWBWme6","displayUri":"","creators":["tz2NBpVaRHCgVAPAuKBPrZ1K5haw655sdnrh"],"formats":[{"uri":"ipfs://QmXMn3mEWUkpob5rAAUg4PpUb3zJcm5DvNJ4MgxPWBWme6","mimeType":"image/png"}],"thumbnailUri":"ipfs://QmNrhZHUaEqxhyLfqoq1mtHSipkWHeT31LNHb1QEbDHgnc","decimals":0,"isBooleanAmount":false,"shouldPreferSymbol":false}}}