{"result":{"objectId":21525,"ipfsHash":"QmSkb7H2TYUJsLiz3rQFQafALZWpDSsDzS941Cr4Xk6PED","swaps":[{"swap_id":"34695","issuer":"tz1hD7VdzRpWG3nmYpCyW2gNc8mQNs3TCgxu","objkt_amount":"1","xtz_per_objkt":"4000000"},{"swap_id":"36383","issuer":"tz1YkiLmXXpTfGkUYTD97p3ttK3tjD7oJn51","objkt_amount":"1","xtz_per_objkt":"3000000"}],"token_id":21525,"total_amount":28,"owners":{"KT1Hkg5qeNhfwpKW4fXvq7HGZB9z2EnmCCA9":"2","tz1MH7vTRc4yXkttnoU93CYqiZfhEzk7C17a":"1","tz1Pu8zRmNghAHzWxsT9Cy2qXHxkCrHcB3vc":"1","tz1QadXJPVHnQVfuVW6avJDVpE5MJX9rMEcS":"1","tz1RAP1j8SjwT587jyccTNArBFhC9HhGKfHq":"1","tz1RnsQi6BaYpm6sMMTkVqGk5Jk6BKpmTp8C":"1","tz1SckgstpaKyQ8VHwcpKTGv6P8m4SHQ3LPt":"1","tz1Sy9gJjqzDqb8yXmnu3niPtExyhHhfPxn1":"1","tz1V514iAYjqSTk2jNKbevSPAgvzr4zcNC9V":"2","tz1XEDpUVZ7J66Aqpv2Pwavz43VsMVgQnvYp":"1","tz1a12kNeurnZNeyc78pGhSDwsypdER1jZVP":"1","tz1cALmpTf7EeeSBXHAX2rcnR4WAP8tSWkt6":"1","tz1cPXUBr3mpXKEnsXB6sdUbrwRj9NiuQTCZ":"1","tz1cjTb6ijvnPrJBfaTEFphxDovW9xQbkmDK":"1","tz1cmvbLYK7PeQbDRBwefp6Yvzo3LWyXigLm":"1","tz1dhmUMLa3ZeVC3GJWfQty4VfgHdkd6xacQ":"2","tz1fNgdRgSLF5p2sYdmDRhdcuqbLCEgp88zu":"1","tz2AQULjK7LUmi6DPP2SvTYWQRZWsQom4SWd":"1","tz2DD5NM27cdQZ4gZMaN3UmE85CJzJKpbWyL":"2","tz2H21wDMLHDJ4jcJwPr8cmhFatSv276Jama":"1","tz2LCAZfxijTE5KCeRpFWaJNbRuzE5KLLprQ":"1","tz2Ly8tqFcTDFbxDV2ycYHuG69roVGLo6jKC":"1","tz2Mz6SbRW6FvUemvSb6PcAN3k7qpt88xnWA":"1","tz2WKRK3i3zBjX8aAyFn3FVWmYDAHFudQgh2":"1"},"token_info":{"name":"Notes on Trees","description":"hand cut collage","tags":["collage","trees","pearl"],"symbol":"OBJKT","artifactUri":"ipfs://QmbNsHy7NueGkxjQQ1GuYfPb2CPpoczxBfYYMufFyjEZi9","displayUri":"","creators":["tz1SckgstpaKyQ8VHwcpKTGv6P8m4SHQ3LPt"],"formats":[{"uri":"ipfs://QmbNsHy7NueGkxjQQ1GuYfPb2CPpoczxBfYYMufFyjEZi9","mimeType":"image/jpeg"}],"thumbnailUri":"ipfs://QmNrhZHUaEqxhyLfqoq1mtHSipkWHeT31LNHb1QEbDHgnc","decimals":0,"isBooleanAmount":false,"shouldPreferSymbol":false}}}