{"objectId":"7086","ipfsHash":"QmYUmjnsCuUFUBcpuFu1rzwjzSiKZzkCyGaZDCYadZH9sd","minter":"tz2PR3N372s171h9ZsFbKYAxYtUVf6NAE7RY","swaps":[{"swap_id":"7086","objkt_id":"7047","amount":"16","xtz_per_objkt":"3000000"}],"token_id":"7086","token_info":{"name":"Bird's Eye","description":"Abstract digital collage in nude colour palette featuring bird like figures.","tags":["ABSTRACT","DIGITAL","COLLAGE","BIRDS","FIGURES","PINK","NUDE","BEIGE","BLACK","BROWN","ART","PAINTING"],"symbol":"OBJKT","artifactUri":"ipfs://QmRz4pxEjM5YfR56wemAKbBcvaKLoXUXddVG6UnXqwHa1B","creators":["tz2PR3N372s171h9ZsFbKYAxYtUVf6NAE7RY"],"formats":[{"uri":"ipfs://QmRz4pxEjM5YfR56wemAKbBcvaKLoXUXddVG6UnXqwHa1B","mimeType":"image/jpeg"}],"thumbnailUri":"ipfs://QmNrhZHUaEqxhyLfqoq1mtHSipkWHeT31LNHb1QEbDHgnc","decimals":0,"isBooleanAmount":false,"shouldPreferSymbol":false}}