{"objectId":"8774","ipfsHash":"QmP9nPSDgDpwTn9bnL8DhcpHiAf1gLx5vzTfxwTN9UYDuG","minter":"tz1fdxRqcWHTDKvzRWnrzyzdQ4kTApenu1Rk","swaps":[],"token_id":"8774","token_info":{"name":"2 Faces of Death","description":"Arts in Cinema4d","tags":["2faces","mask","cinema4d"],"symbol":"OBJKT","artifactUri":"ipfs://QmWi9GeKTBS5TW4UdgLLM6pSoZrw6nhwudcaSoDR2WWD7M","creators":["tz1fdxRqcWHTDKvzRWnrzyzdQ4kTApenu1Rk"],"formats":[{"uri":"ipfs://QmWi9GeKTBS5TW4UdgLLM6pSoZrw6nhwudcaSoDR2WWD7M","mimeType":"image/gif"}],"thumbnailUri":"ipfs://QmNrhZHUaEqxhyLfqoq1mtHSipkWHeT31LNHb1QEbDHgnc","decimals":0,"isBooleanAmount":false,"shouldPreferSymbol":false}}