{"result":{"objectId":21933,"ipfsHash":"QmXXp4TpdYwtsS2P7TGCik2dMVfiq7evv7jUfbQCjfNMgo","swaps":[{"swap_id":"25902","issuer":"tz1YNUNArBDYWu8evZj73HR9vE6y5FQkaj5M","objkt_amount":"1","xtz_per_objkt":"1000000"},{"swap_id":"29414","issuer":"tz1Wc1uawzskCTxzUVbYh56vqstPGRHiJTpE","objkt_amount":"3","xtz_per_objkt":"3000000"},{"swap_id":"38456","issuer":"tz1LGP5vaVjZvyskCwN1EK99FoVdKoQbQoMt","objkt_amount":"1","xtz_per_objkt":"4000000"}],"token_id":21933,"total_amount":33,"owners":{"KT1Hkg5qeNhfwpKW4fXvq7HGZB9z2EnmCCA9":"5","tz1NufWtpqS3nfR8VW1xFyWq4GWqb969keeR":"1","tz1Tpj3HsAt8yMhXPKDQRmUxArnrmaGqKG6r":"1","tz1V514iAYjqSTk2jNKbevSPAgvzr4zcNC9V":"8","tz1YNUNArBDYWu8evZj73HR9vE6y5FQkaj5M":"7","tz1ZXdifyEj84e1yA1kNonUtKL96eiWGbTBF":"2","tz1bBFRBHoU3j534nC2ZTP22rSikHGtfrabT":"1","tz1bDm8AJVz353LnfNj6fEy4z59Ax5B9YDT8":"1","tz1bxe2Tp3EqWZqZX5Kvmg9MxTmX8LBiUchk":"2","tz1e52CpddrybiDgawzvqRPXthy2hbAWGJba":"1","tz2AQULjK7LUmi6DPP2SvTYWQRZWsQom4SWd":"1","tz2LCAZfxijTE5KCeRpFWaJNbRuzE5KLLprQ":"1","tz2Mz6SbRW6FvUemvSb6PcAN3k7qpt88xnWA":"1","tz2RvhdQXebbXwNEsnY9vLWrgyx5k2wEhGTB":"1"},"token_info":{"name":"XTZNFT #4","description":"The fourth XTZNFT in the series. Using this as a way to solidify the phrase as a hashtag and make tezos nfts a household name. This is a series of remixes including the Tezos logo. May you find the right one for you.","tags":["Doctagonz","twistedvizuals","XTZNFT"],"symbol":"OBJKT","artifactUri":"ipfs://QmZ2yruinyurnPmNFfieNotY5qVGajB4CSxT7sEZQ1UhEx","displayUri":"","creators":["tz1Wc1uawzskCTxzUVbYh56vqstPGRHiJTpE"],"formats":[{"uri":"ipfs://QmZ2yruinyurnPmNFfieNotY5qVGajB4CSxT7sEZQ1UhEx","mimeType":"image/png"}],"thumbnailUri":"ipfs://QmNrhZHUaEqxhyLfqoq1mtHSipkWHeT31LNHb1QEbDHgnc","decimals":0,"isBooleanAmount":false,"shouldPreferSymbol":false}}}