{"result":{"objectId":22535,"ipfsHash":"Qma1UUnR59YSCtJrbkc14qnrFN2J31U7EHp1SrpKFHGeRy","swaps":[],"token_id":22535,"total_amount":"5","owners":{"tz1burnburnburnburnburnburnburjAYjjX":"5"},"token_info":{"name":"10obj_1LY","description":"{       dimensions:(59x360x360),         sample_rate:44100,         size:7.7,         title:10obj_1LY,         process:softmachine dreaming                                         }","tags":["#AI","#MLART","#poststructural","#lofi"],"symbol":"OBJKT","artifactUri":"ipfs://QmYz7f5eZEeV6h8UbcXUuC4k5FFUaiTvmQvrCso8u3g2Mu","displayUri":"","creators":["tz1eyfzTnLAsTQFPb7kAUMyazhwLEeSJ24sN"],"formats":[{"uri":"ipfs://QmYz7f5eZEeV6h8UbcXUuC4k5FFUaiTvmQvrCso8u3g2Mu","mimeType":"video/mp4"}],"thumbnailUri":"ipfs://QmNrhZHUaEqxhyLfqoq1mtHSipkWHeT31LNHb1QEbDHgnc","decimals":0,"isBooleanAmount":false,"shouldPreferSymbol":false}}}