{"result":{"objectId":17913,"ipfsHash":"QmZ6T2tM7TXd6keEqez2hpXECJRZzZf3FKZwkrWQcRCMPd","swaps":[{"swap_id":"19461","issuer":"tz1PTiGJ674i1feGXvmH3a61uXjf8z8Tp3Et","objkt_amount":"1","xtz_per_objkt":"5000000"}],"token_id":17913,"total_amount":"1","owners":{"KT1Hkg5qeNhfwpKW4fXvq7HGZB9z2EnmCCA9":"1"},"token_info":{"name":"Control The Soul #585","description":"Occult AI art collectible, each piece has one edition. [Series 1, #585/1000]; 2021 StyleGAN2 + CLIP 1024x1024","tags":["ai","art","collectible","controlthesoul"],"symbol":"OBJKT","artifactUri":"ipfs://QmfWXEVzS8bRTck9L3vv3jMkcHm3h8huiHpjFHz68ognd1","creators":["tz1PTiGJ674i1feGXvmH3a61uXjf8z8Tp3Et"],"formats":[{"uri":"ipfs://QmfWXEVzS8bRTck9L3vv3jMkcHm3h8huiHpjFHz68ognd1","mimeType":"image/png"}],"thumbnailUri":"ipfs://QmNrhZHUaEqxhyLfqoq1mtHSipkWHeT31LNHb1QEbDHgnc","decimals":0,"isBooleanAmount":false,"shouldPreferSymbol":false}}}