{"result":{"objectId":24770,"ipfsHash":"QmeSUB34cwHaX1y83siCsUAfAvGcozVNtpwuQEFwJDHaSA","swaps":[{"swap_id":"30772","issuer":"tz1UE2omGnq3NzmMdxADYp1dcgvRKFuoFmy7","objkt_amount":"15","xtz_per_objkt":"1000000"}],"token_id":24770,"total_amount":"15","owners":{"KT1Hkg5qeNhfwpKW4fXvq7HGZB9z2EnmCCA9":"15"},"token_info":{"name":"TL017 - Penis Mandala purple ","description":"Digital art by Thomas Lefebvre. Part of Pinkcloud NFTs - series : PRELUDE / https://linktr.ee/PinkcloudNFT","tags":["THOMASLEFEBVRE","DIGITALART","PINKCLOUD","PINKCLOUD_NFT","PRELUDE","PenisMandala","Purple","Dicks"],"symbol":"OBJKT","artifactUri":"ipfs://QmRff5R4rYWWQHmbJ1TPDk2avmvkEYL7XbtbuMT5JZxPNz","displayUri":"","creators":["tz1UE2omGnq3NzmMdxADYp1dcgvRKFuoFmy7"],"formats":[{"uri":"ipfs://QmRff5R4rYWWQHmbJ1TPDk2avmvkEYL7XbtbuMT5JZxPNz","mimeType":"image/jpeg"}],"thumbnailUri":"ipfs://QmNrhZHUaEqxhyLfqoq1mtHSipkWHeT31LNHb1QEbDHgnc","decimals":0,"isBooleanAmount":false,"shouldPreferSymbol":false}}}