{"result":{"objectId":22077,"ipfsHash":"QmfNLegBvX3iY5Zby9vaJBymydwjuWbt6PLge3dSxPb33m","swaps":[{"swap_id":"25909","issuer":"tz1TSWEDs9wcBx2KiRzVzyzECsNpRiZaLJ1D","objkt_amount":"1","xtz_per_objkt":"150000000"}],"token_id":22077,"total_amount":"1","owners":{"KT1Hkg5qeNhfwpKW4fXvq7HGZB9z2EnmCCA9":"1"},"token_info":{"name":"Arcologies","description":"11520x6480","tags":["Processing","Creativecoding","Generativegeometry","@wblut"],"symbol":"OBJKT","artifactUri":"ipfs://QmZVxywLqXXPzdSXKNqYQeGttQeP7uJomxgzK5UWPDJkRD","displayUri":"","creators":["tz1TSWEDs9wcBx2KiRzVzyzECsNpRiZaLJ1D"],"formats":[{"uri":"ipfs://QmZVxywLqXXPzdSXKNqYQeGttQeP7uJomxgzK5UWPDJkRD","mimeType":"image/png"}],"thumbnailUri":"ipfs://QmNrhZHUaEqxhyLfqoq1mtHSipkWHeT31LNHb1QEbDHgnc","decimals":0,"isBooleanAmount":false,"shouldPreferSymbol":false}}}