{"objectId":"16601","ipfsHash":"QmYjPHQiLKBtKqiohznGrazmayG9Zr211C3JiiNjQ6gKWn","minter":"tz1awh8dGUvo2aH4HxheWq2Ua4pa9UHcqkMV","swaps":[],"token_id":"16601","token_info":{"name":"eviction","description":"daytime","tags":["photography","bw","dark","indoors","window"],"symbol":"OBJKT","artifactUri":"ipfs://QmaKrpvTJeQNaozrhFbuQ2vSaRj4HJeTUkBtbi7f65XYVb","displayUri":"","creators":["tz1awh8dGUvo2aH4HxheWq2Ua4pa9UHcqkMV"],"formats":[{"uri":"ipfs://QmaKrpvTJeQNaozrhFbuQ2vSaRj4HJeTUkBtbi7f65XYVb","mimeType":"image/png"}],"thumbnailUri":"ipfs://QmNrhZHUaEqxhyLfqoq1mtHSipkWHeT31LNHb1QEbDHgnc","decimals":0,"isBooleanAmount":false,"shouldPreferSymbol":false}}