{"objectId":"13454","ipfsHash":"QmTau8d1QaAt3earNYeFce2VeouqijSLMUQiFb8CBFVzy1","minter":"tz1gZAtvfdneyiChhfZNpEV7uWMnravjDHBY","swaps":[{"swap_id":"13454","objkt_id":"13451","amount":"54","xtz_per_objkt":"0"}],"token_id":"13454","token_info":{"name":"ECHOES_ii","description":"no one can leap the tracking device","tags":["GENERATIVE","RORSCHACH","GEOMETRIC","FLATCOLOR"],"symbol":"OBJKT","artifactUri":"ipfs://QmYpCrCfZW6pDmnGRuSaRAD8ePS4uaHVBHAtRKogH8Ft9K","displayUri":null,"creators":["tz1gZAtvfdneyiChhfZNpEV7uWMnravjDHBY"],"formats":[{"uri":"ipfs://QmYpCrCfZW6pDmnGRuSaRAD8ePS4uaHVBHAtRKogH8Ft9K","mimeType":"video/mp4"}],"thumbnailUri":"ipfs://QmNrhZHUaEqxhyLfqoq1mtHSipkWHeT31LNHb1QEbDHgnc","decimals":0,"isBooleanAmount":false,"shouldPreferSymbol":false}}