{"objectId":"12584","ipfsHash":"QmVrEYw4KH7SWjQ8Y6Hn7wSfsMYfmfUoC9tWLNncQY7z21","minter":"tz1W2E15j6xuSS6ATJL7D9EiykijDVNeJARE","swaps":[],"token_id":"12584","token_info":{"name":"Bat","description":"Feel the darkness","tags":["bat","animal","life","handmade"],"symbol":"OBJKT","artifactUri":"ipfs://QmWoc8zMCDKavzDFJJYn1fhSqCprBySeR77nMSoCYzqrg3","displayUri":null,"creators":["tz1W2E15j6xuSS6ATJL7D9EiykijDVNeJARE"],"formats":[{"uri":"ipfs://QmWoc8zMCDKavzDFJJYn1fhSqCprBySeR77nMSoCYzqrg3","mimeType":"image/jpeg"}],"thumbnailUri":"ipfs://QmNrhZHUaEqxhyLfqoq1mtHSipkWHeT31LNHb1QEbDHgnc","decimals":0,"isBooleanAmount":false,"shouldPreferSymbol":false}}