{"objectId":"16482","ipfsHash":"QmTivygmaHYXnxr9KSqr6onU8JmejQQdkRzzuarcgD7kq4","minter":"tz1bY1oN1VCFWsPibtptRP7yDMrx5DXY1NGt","swaps":[{"swap_id":"16482","objkt_id":"15979","amount":"50","xtz_per_objkt":"500000"}],"token_id":"16482","token_info":{"name":"","description":"DisintergrEi8ht 4","tags":["3d","Mecha"],"symbol":"OBJKT","artifactUri":"ipfs://QmPvMxAFYjt74U9kEHtTqoFW2XeCJKZMAvYzLKgdZDuWAL","displayUri":"","creators":["tz1bY1oN1VCFWsPibtptRP7yDMrx5DXY1NGt"],"formats":[{"uri":"ipfs://QmPvMxAFYjt74U9kEHtTqoFW2XeCJKZMAvYzLKgdZDuWAL","mimeType":"video/mp4"}],"thumbnailUri":"ipfs://QmNrhZHUaEqxhyLfqoq1mtHSipkWHeT31LNHb1QEbDHgnc","decimals":0,"isBooleanAmount":false,"shouldPreferSymbol":false}}