{"result":{"objectId":22427,"ipfsHash":"QmRmSAQw5pMsYeUPrJXVKTrCMiaa5ZyijMarEfNNS28C71","swaps":[{"swap_id":"26544","issuer":"tz1XHjbFVsAqp1J2gS9wbMXXMTv1cbh4F915","objkt_amount":"16","xtz_per_objkt":"1000000"}],"token_id":22427,"total_amount":32,"owners":{"KT1Hkg5qeNhfwpKW4fXvq7HGZB9z2EnmCCA9":"16","tz1XHjbFVsAqp1J2gS9wbMXXMTv1cbh4F915":"16"},"token_info":{"name":"garuda","description":"wings of darkness","tags":["pixel","dither","pixelart","abstract"],"symbol":"OBJKT","artifactUri":"ipfs://Qma7C4mjbxAaQLrUpLdKbunPrx5o2Qx5PkHUgD1PwFEvUi","displayUri":"","creators":["tz1XHjbFVsAqp1J2gS9wbMXXMTv1cbh4F915"],"formats":[{"uri":"ipfs://Qma7C4mjbxAaQLrUpLdKbunPrx5o2Qx5PkHUgD1PwFEvUi","mimeType":"image/png"}],"thumbnailUri":"ipfs://QmNrhZHUaEqxhyLfqoq1mtHSipkWHeT31LNHb1QEbDHgnc","decimals":0,"isBooleanAmount":false,"shouldPreferSymbol":false}}}