{"objectId":"4350","ipfsHash":"QmXfg89P8cPCwKJ9LTZpaDp1dRy6sgesucBqFYXjMwXCBk","minter":"tz1Y46PTieC9Hm7nZDdWDr6ycV7X6XbygrBs","swaps":[],"token_id":"4350","token_info":{"name":"Snake with Braces","description":"A 4500px x 4500px drawing of a snake with braces.","tags":["drawing","snake","braces","ink","2d"],"symbol":"OBJKT","artifactUri":"ipfs://QmWA1LWk1LVdzDiqASDuqwabdcsmB6mdJggqC8iAanHrjm","creators":["tz1Y46PTieC9Hm7nZDdWDr6ycV7X6XbygrBs"],"formats":[{"uri":"ipfs://QmWA1LWk1LVdzDiqASDuqwabdcsmB6mdJggqC8iAanHrjm","mimeType":"image/png"}],"thumbnailUri":"ipfs://QmNrhZHUaEqxhyLfqoq1mtHSipkWHeT31LNHb1QEbDHgnc","decimals":0,"isBooleanAmount":false,"shouldPreferSymbol":false}}