{"objectId":"6414","ipfsHash":"QmfP9FjLn37Hx3bVN7WDgDHUeVe3Jocu2nzjih2qr9SMKb","minter":"tz1bUEzQmqPq8WQMBnzjJRWV8qVv2AFvrREg","swaps":[],"token_id":"6414","token_info":{"name":"LIGHT THROUGH CRYSTAL SHARD ","description":"A series of art works exploring light through crystal shards ","tags":["Light","digitalart","3dart","cryptoart","animation","loop"],"symbol":"OBJKT","artifactUri":"ipfs://QmcQnoTF1ewt5XBaz8K8h2eFBAqCWPjUqp6Hu6FfPdxiQg","creators":["tz1bUEzQmqPq8WQMBnzjJRWV8qVv2AFvrREg"],"formats":[{"uri":"ipfs://QmcQnoTF1ewt5XBaz8K8h2eFBAqCWPjUqp6Hu6FfPdxiQg","mimeType":"video/mp4"}],"thumbnailUri":"ipfs://QmNrhZHUaEqxhyLfqoq1mtHSipkWHeT31LNHb1QEbDHgnc","decimals":0,"isBooleanAmount":false,"shouldPreferSymbol":false}}