{"result":{"objectId":25423,"ipfsHash":"QmQkbXc7pJv3pz4Tg27wuYomJERhFxKLCAWe76BR3ktWWz","swaps":[],"token_id":25423,"total_amount":"1","owners":{"tz1d9L7irYyGk5PkRYf5asJB4QKJ765926YR":"1"},"token_info":{"name":"T3","description":"","tags":[""],"symbol":"OBJKT","artifactUri":"ipfs://QmNeu22k6dRJbd2TNRU9qCnZ4mDDqpHkhDKbXntdTPfMKR","displayUri":"","creators":["tz1d9L7irYyGk5PkRYf5asJB4QKJ765926YR"],"formats":[{"uri":"ipfs://QmNeu22k6dRJbd2TNRU9qCnZ4mDDqpHkhDKbXntdTPfMKR","mimeType":"application/x-directory"}],"thumbnailUri":"ipfs://QmNrhZHUaEqxhyLfqoq1mtHSipkWHeT31LNHb1QEbDHgnc","decimals":0,"isBooleanAmount":false,"shouldPreferSymbol":false}}}