{"objectId":"2816","ipfsHash":"QmZ5ozD68jqHyrzqgbhhAydY7tVfaPLJa9FqLzFcfBnJem","minter":"tz1UdrxY8GQFrwDjd1W9Sp9WqyevM2PWsmPZ","swaps":[{"swap_id":"2816","objkt_id":"2913","amount":"10","xtz_per_objkt":"1000000"}],"token_id":"2816","token_info":{"name":"The eyes of the tiger","description":"A generative portrait of Greta Thunberg","tags":["portraitgenerative"],"symbol":"OBJKT","artifactUri":"ipfs://QmQoeVGPbm6w5B2Ssb4Wi3nWvGj5xRmUGRmQTciC8HTBfU","creators":["tz1UdrxY8GQFrwDjd1W9Sp9WqyevM2PWsmPZ"],"formats":[{"uri":"ipfs://QmQoeVGPbm6w5B2Ssb4Wi3nWvGj5xRmUGRmQTciC8HTBfU","mimeType":"application/pdf"}],"thumbnailUri":"ipfs://QmNrhZHUaEqxhyLfqoq1mtHSipkWHeT31LNHb1QEbDHgnc","decimals":0,"isBooleanAmount":false,"shouldPreferSymbol":false}}