{"result":{"objectId":22165,"ipfsHash":"QmU12wAvHu7bqd5iP1J5h9Ci1Ua8h3KuQ2DkYXEH8Nh4kZ","swaps":[{"swap_id":"26033","issuer":"tz1U2wsJgebEvS6CZYXn1mjErRU5mSZ2ZS1Z","objkt_amount":"11","xtz_per_objkt":"2000000"}],"token_id":22165,"total_amount":14,"owners":{"KT1Hkg5qeNhfwpKW4fXvq7HGZB9z2EnmCCA9":"11","tz1Rwqwah7jfsy3UwXneJbhcaGmY9kdvmKL4":"1","tz1fwUoAY4h331VNWgR3ZwSeJxXtvy9wWzq7":"2"},"token_info":{"name":"jardim-2021-04-03-I","description":"Taís Koshino (@tataismo1), 2021, png, 666x666 pixels. Picture made today at Jardim/Garden/枯山水 virtual simulation.","tags":["jardim","garden","枯山水","abstract","taiskoshino","lo-fi","generativeart"],"symbol":"OBJKT","artifactUri":"ipfs://Qmc32QuPuH4GFu8prfeZC8zD8epvjaPdNujy2tuAY1ZiFF","displayUri":"","creators":["tz1U2wsJgebEvS6CZYXn1mjErRU5mSZ2ZS1Z"],"formats":[{"uri":"ipfs://Qmc32QuPuH4GFu8prfeZC8zD8epvjaPdNujy2tuAY1ZiFF","mimeType":"image/png"}],"thumbnailUri":"ipfs://QmNrhZHUaEqxhyLfqoq1mtHSipkWHeT31LNHb1QEbDHgnc","decimals":0,"isBooleanAmount":false,"shouldPreferSymbol":false}}}