{"objectId":"5541","ipfsHash":"Qme91VDK1CH9xKdzQTwWhxbD95uSCWaoT7YrKNCbnB7oJZ","minter":"tz1S9rir1zHSmGicGKmHD5x37YD5mHMDYzyb","swaps":[],"token_id":"5541","token_info":{"name":"Itaipuaçu, Maricá","description":"A gif/pixelart from where i live in Rio de Janeiro Brazil ","tags":["gif","art","pixel","brazil","pixelart"],"symbol":"OBJKT","artifactUri":"ipfs://QmaJqXzL5H8Po1cDE6hdbRLWPronVzBJ8fZ4LEpypSFCcC","creators":["tz1S9rir1zHSmGicGKmHD5x37YD5mHMDYzyb"],"formats":[{"uri":"ipfs://QmaJqXzL5H8Po1cDE6hdbRLWPronVzBJ8fZ4LEpypSFCcC","mimeType":"image/gif"}],"thumbnailUri":"ipfs://QmNrhZHUaEqxhyLfqoq1mtHSipkWHeT31LNHb1QEbDHgnc","decimals":0,"isBooleanAmount":false,"shouldPreferSymbol":false}}