{"objectId":"4307","ipfsHash":"QmW7NXWKFqE2tvLSFpwcx1VP6quobWRUUr6qN4gZjiBiUq","minter":"tz1Vb6P1zJGU6UgBZthkg1wh6e8orshfdkqC","swaps":[{"swap_id":"4307","objkt_id":"4269","amount":"50","xtz_per_objkt":"2000000"}],"token_id":"4307","token_info":{"name":"key","description":"Graphic work representing a key","tags":["key","graphicdesign","gradient","artist","art","digitalart"],"symbol":"OBJKT","artifactUri":"ipfs://QmXWYqo3ee6DSCWxr3vWRVApSktPGpL416YAJgBSYcvpkp","creators":["tz1Vb6P1zJGU6UgBZthkg1wh6e8orshfdkqC"],"formats":[{"uri":"ipfs://QmXWYqo3ee6DSCWxr3vWRVApSktPGpL416YAJgBSYcvpkp","mimeType":"image/png"}],"thumbnailUri":"ipfs://QmNrhZHUaEqxhyLfqoq1mtHSipkWHeT31LNHb1QEbDHgnc","decimals":0,"isBooleanAmount":false,"shouldPreferSymbol":false}}