{"objectId":"1693","ipfsHash":"QmZUDVJWHNEkYXz5N4s1KECFpUYasm7RkjdJDBx6b7dMiZ","minter":"tz1TdWmSq257HWrsmKy5VpJeWCae9NZsB9M4","swaps":[],"token_id":"1693","token_info":{"name":"VitaliKitty","description":"Because he was mocked by the whole crypto universe when he had the idea of Crypto Kitties ... but few years later, Crypto Kitties were just the FIRST NFT's EVER ! So Glory to him :)","tags":[],"symbol":"OBJKT","artifactUri":"ipfs://QmZXMcxGzPbo8o7kNGWQzTU6GZL2F69ugX2V8PN9rGFYx5","creators":["tz1TdWmSq257HWrsmKy5VpJeWCae9NZsB9M4"],"formats":[{"uri":"ipfs://QmZXMcxGzPbo8o7kNGWQzTU6GZL2F69ugX2V8PN9rGFYx5","mimeType":"image/gif"}],"thumbnailUri":"ipfs://QmNrhZHUaEqxhyLfqoq1mtHSipkWHeT31LNHb1QEbDHgnc","decimals":0,"isBooleanAmount":false,"shouldPreferSymbol":false}}