{"objectId":"2791","ipfsHash":"QmdBsKyHWQHJVoBTBKkypzUZq7P1kpXiNJm6BpABXLXKFC","minter":"tz1hHzPzsqxcXRvUR4K55FG78eM2HFjizeWT","swaps":[{"swap_id":"2791","objkt_id":"1182","amount":"1","xtz_per_objkt":"70000000"}],"token_id":"2791","token_info":{"name":"FALA MUITO","description":"fala muitoooo","tags":["tite","corinthians"],"symbol":"OBJKT","artifactUri":"ipfs://QmS6LELZz4pxcM1zstWBPGRNTfon9qa2NmSNDgFaXpT57U","creators":["tz1hHzPzsqxcXRvUR4K55FG78eM2HFjizeWT"],"formats":[{"uri":"ipfs://QmS6LELZz4pxcM1zstWBPGRNTfon9qa2NmSNDgFaXpT57U","mimeType":"image/png"}],"thumbnailUri":"ipfs://QmNrhZHUaEqxhyLfqoq1mtHSipkWHeT31LNHb1QEbDHgnc","decimals":0,"isBooleanAmount":false,"shouldPreferSymbol":false}}