{"objectId":"845","ipfsHash":"QmR73Bk67P19ynbGrZRqY2LeQ3rAsKF8jM9ZtPfk6mqgSA","minter":"tz1ZfxjoBeGkRG7zLgyH6gnYVNAL9KQwRnCB","swaps":[],"token_id":"845","token_info":{"name":"Sync","description":"Everything but the kitchen","tags":[],"symbol":"OBJKT","artifactUri":"ipfs://Qme536diWe4y3n17ofrEe6X8VsthossC6tbZDjCWohiQoQ","creators":["tz1ZfxjoBeGkRG7zLgyH6gnYVNAL9KQwRnCB"],"formats":[{"uri":"ipfs://Qme536diWe4y3n17ofrEe6X8VsthossC6tbZDjCWohiQoQ","mimeType":"image/png"}],"thumbnailUri":"ipfs://QmNrhZHUaEqxhyLfqoq1mtHSipkWHeT31LNHb1QEbDHgnc","decimals":0,"isBooleanAmount":false,"shouldPreferSymbol":false}}