{"result":{"objectId":23774,"ipfsHash":"QmSQvfgUvPm5nnJxmfZ58Ws4Zk59RLLBkvEm7zHXfAZMd7","swaps":[{"swap_id":"28819","issuer":"tz1U7d7rQ42iTeCuRmfDare9eN9GuQyvXhi3","objkt_amount":"9","xtz_per_objkt":"10000000"}],"token_id":23774,"total_amount":10,"owners":{"KT1Hkg5qeNhfwpKW4fXvq7HGZB9z2EnmCCA9":"9","tz1SBfYZ33H2svb4jh45KFnSpRuvMEkfgzHR":"1"},"token_info":{"name":"The Arrival","description":"The day all the conspiracy theorist waiting for is here! It's the arrival of the UFO!","tags":["ufo","malaysianft","nftmintingparty","cleannft","tezos"],"symbol":"OBJKT","artifactUri":"ipfs://QmScXWRpTNtnbqYYs8RkkemF9XDBkhW8yQvhYRpZn9JDdN","displayUri":"","creators":["tz1U7d7rQ42iTeCuRmfDare9eN9GuQyvXhi3"],"formats":[{"uri":"ipfs://QmScXWRpTNtnbqYYs8RkkemF9XDBkhW8yQvhYRpZn9JDdN","mimeType":"image/jpeg"}],"thumbnailUri":"ipfs://QmNrhZHUaEqxhyLfqoq1mtHSipkWHeT31LNHb1QEbDHgnc","decimals":0,"isBooleanAmount":false,"shouldPreferSymbol":false}}}