{"result":{"objectId":26521,"ipfsHash":"QmQq2VH7gT8P6e4NyJwuxkjERqcTZQ4UNdtsZcyjDUf4Wq","swaps":[{"swap_id":"34071","issuer":"tz1R9Q4r89QrxUjM6d7Y4rc35rxiw6DQ1iPG","objkt_amount":"1","xtz_per_objkt":"3000000"}],"token_id":26521,"total_amount":"1","owners":{"KT1Hkg5qeNhfwpKW4fXvq7HGZB9z2EnmCCA9":"1"},"token_info":{"name":"The Market","description":"Government is a guarantor of liberty and is compatible with liberty only if its range is adequately restricted to the preservation of economic freedom. Where there is no market economy, the best-intentioned provisions of constitutions and laws remain a dead letter. - LUDWIG VON MISES","tags":["Liberty","Freedom","Economy","FreeMarket","Libertarian","LibertarianArt"],"symbol":"OBJKT","artifactUri":"ipfs://QmaNwc8cUQx7esfvJ4D4Nj5yvge9Jw4A8ZsbDXVs4PbTAP","displayUri":"","creators":["tz1R9Q4r89QrxUjM6d7Y4rc35rxiw6DQ1iPG"],"formats":[{"uri":"ipfs://QmaNwc8cUQx7esfvJ4D4Nj5yvge9Jw4A8ZsbDXVs4PbTAP","mimeType":"image/jpeg"}],"thumbnailUri":"ipfs://QmNrhZHUaEqxhyLfqoq1mtHSipkWHeT31LNHb1QEbDHgnc","decimals":0,"isBooleanAmount":false,"shouldPreferSymbol":false}}}