{"objectId":"4612","ipfsHash":"QmdPAoX461g87kHqMq5HQtwFJ45renmxzCT2XrnPtxYqUX","minter":"tz1UNToyNzphLaxi4H3C5XgkpnumakKab4XN","swaps":[],"token_id":"4612","token_info":{"name":"THE SEED","description":"WITHOUT MAN, MANY FOOD PLANTS WOULD LOSE THE STRUGGLE FOR EXISTENCE","tags":["DEATH","DECAY","DECOMPOSITION","NOTHING","THEPUBLICDOMAIN"],"symbol":"OBJKT","artifactUri":"ipfs://QmR1t2VdW7GJRDjLN9juNmmM4PC7JJZQaq8Y35BCKf9fKd","creators":["tz1UNToyNzphLaxi4H3C5XgkpnumakKab4XN"],"formats":[{"uri":"ipfs://QmR1t2VdW7GJRDjLN9juNmmM4PC7JJZQaq8Y35BCKf9fKd","mimeType":"video/mp4"}],"thumbnailUri":"ipfs://QmNrhZHUaEqxhyLfqoq1mtHSipkWHeT31LNHb1QEbDHgnc","decimals":0,"isBooleanAmount":false,"shouldPreferSymbol":false}}