{"objectId":"5795","ipfsHash":"QmeKU7QaQEjN1pE5GPBtdWTgpMLBfD61GVgRePut8wVRQf","minter":"tz1PCTnyb5FreS7qSjqeeW1YfpiNjyr6eczE","swaps":[],"token_id":"5795","token_info":{"name":"GestualCommunication ","description":"One night I bumped into this neon sign and then I've made and NFT out of it ","tags":["gif","abstract","communication","colour","vapowave","lofi","lasereye","neon","sign","contemporary","nftart","cryptoart","thumb","ciao","hello","hola","huh"],"symbol":"OBJKT","artifactUri":"ipfs://QmVcsrJpahRuVskALsjjBBpXLVYacTZ5kMvkcGbhnxZkqs","creators":["tz1PCTnyb5FreS7qSjqeeW1YfpiNjyr6eczE"],"formats":[{"uri":"ipfs://QmVcsrJpahRuVskALsjjBBpXLVYacTZ5kMvkcGbhnxZkqs","mimeType":"image/gif"}],"thumbnailUri":"ipfs://QmNrhZHUaEqxhyLfqoq1mtHSipkWHeT31LNHb1QEbDHgnc","decimals":0,"isBooleanAmount":false,"shouldPreferSymbol":false}}