{"result":{"objectId":23518,"ipfsHash":"QmZCpr8VYgx3ZwWNJ9JAUBUZawWWAjvjCsFXxW3HR23yvq","swaps":[{"swap_id":"28341","issuer":"tz1avg4RouAbDGDViLbJVGRBtqAGKecRdnKx","objkt_amount":"24","xtz_per_objkt":"3000000"}],"token_id":23518,"total_amount":30,"owners":{"KT1Hkg5qeNhfwpKW4fXvq7HGZB9z2EnmCCA9":"24","tz1avg4RouAbDGDViLbJVGRBtqAGKecRdnKx":"5","tz1gK1zCi8YYNiPERM8NBjhyMC4GjJ8faRy7":"1"},"token_info":{"name":"A CATCH","description":"Abstract VR Sculpture by www.instagram.com/aroundthehooke @aroundthehooke","tags":["VR","sculpture","3D","3Dart","abstract","blender","fishing"],"symbol":"OBJKT","artifactUri":"ipfs://QmetpMzasAYTPn1hQ12ZjCEVyYJzmNQ3MJr4EZVCiypRir","displayUri":"","creators":["tz1avg4RouAbDGDViLbJVGRBtqAGKecRdnKx"],"formats":[{"uri":"ipfs://QmetpMzasAYTPn1hQ12ZjCEVyYJzmNQ3MJr4EZVCiypRir","mimeType":"image/png"}],"thumbnailUri":"ipfs://QmNrhZHUaEqxhyLfqoq1mtHSipkWHeT31LNHb1QEbDHgnc","decimals":0,"isBooleanAmount":false,"shouldPreferSymbol":false}}}