{"objectId":"12029","ipfsHash":"QmcTfCGUa3JStL5dnfGrC6WpPmH2yXFiLwEi9am3ndJLcw","minter":"tz1PTiGJ674i1feGXvmH3a61uXjf8z8Tp3Et","swaps":[{"swap_id":"12029","objkt_id":"9754","amount":"1","xtz_per_objkt":"4000000"}],"token_id":"12029","token_info":{"name":"Control The Soul #172","description":"Occult AI art collectible, each piece has one edition. [Series 1, #172/1000]; 2021 StyleGAN2 + CLIP 1024x1024","tags":["ai","art","collectible","controlthesoul"],"symbol":"OBJKT","artifactUri":"ipfs://QmQ6RGdNH7Lg7dASr7ZSojrPFqCfJNvvkPmQF3SmG5HHF3","creators":["tz1PTiGJ674i1feGXvmH3a61uXjf8z8Tp3Et"],"formats":[{"uri":"ipfs://QmQ6RGdNH7Lg7dASr7ZSojrPFqCfJNvvkPmQF3SmG5HHF3","mimeType":"image/png"}],"thumbnailUri":"ipfs://QmNrhZHUaEqxhyLfqoq1mtHSipkWHeT31LNHb1QEbDHgnc","decimals":0,"isBooleanAmount":false,"shouldPreferSymbol":false}}