{"objectId":"668","ipfsHash":"QmeMpc6qF5JiThj78WmjFzAqaMhqbk9KBQe6AG758tY6RN","minter":"tz1VNAyq17Xpz8QpbxMepbfdrcqNkomeKP35","swaps":[{"swap_id":"668","objkt_id":"857","amount":"497","xtz_per_objkt":"1000000"}],"token_id":"668","token_info":{"name":"The Freedom Domicile of the Peace Bruga","description":"All meaning begins and ends with glyphology","tags":[],"symbol":"OBJKT","artifactUri":"ipfs://QmQiv4KSkgrudGCshYHzAQu2BvgC7dbjWoLLNGGdvco1ae","creators":["tz1VNAyq17Xpz8QpbxMepbfdrcqNkomeKP35"],"formats":[{"uri":"ipfs://QmQiv4KSkgrudGCshYHzAQu2BvgC7dbjWoLLNGGdvco1ae","mimeType":"image/jpeg"}],"thumbnailUri":"ipfs://QmNrhZHUaEqxhyLfqoq1mtHSipkWHeT31LNHb1QEbDHgnc","decimals":0,"isBooleanAmount":false,"shouldPreferSymbol":false}}