{"result":{"objectId":23373,"ipfsHash":"QmPd1CY3bu5RLvTnM1Gj3um4GMwbP59mtvPAn4XhYktKXs","swaps":[{"swap_id":"28080","issuer":"tz1Pj6P9tQiporvmj78bMtP1EMAvbYgmUGPy","objkt_amount":"4","xtz_per_objkt":"5000000"}],"token_id":23373,"total_amount":5,"owners":{"KT1Hkg5qeNhfwpKW4fXvq7HGZB9z2EnmCCA9":"4","tz1Pj6P9tQiporvmj78bMtP1EMAvbYgmUGPy":"1"},"token_info":{"name":"Under the Shade of a Cherry Blossom","description":"Insta: @tywensnotes | This is a photogrammetry scan of a cherry blossom. In the shade of the tree I have sculpted a hyperorganic growth, both life like and artificial, which rests quietly and even has its own blossoming flower, celebrating the coming of spring.","tags":["photogrammetry","vr","medium","sculpture","render"],"symbol":"OBJKT","artifactUri":"ipfs://QmVykxhGt9zgivUnUZENw2ivS9sBCyCe8y88FNjib1UCUY","displayUri":"","creators":["tz1Pj6P9tQiporvmj78bMtP1EMAvbYgmUGPy"],"formats":[{"uri":"ipfs://QmVykxhGt9zgivUnUZENw2ivS9sBCyCe8y88FNjib1UCUY","mimeType":"image/png"}],"thumbnailUri":"ipfs://QmNrhZHUaEqxhyLfqoq1mtHSipkWHeT31LNHb1QEbDHgnc","decimals":0,"isBooleanAmount":false,"shouldPreferSymbol":false}}}