{"objectId":"16713","ipfsHash":"QmeuQZQVACAsy3Vz8EE4kF4iH9qyRbSeDEkSxuo5m9WGWy","minter":"tz1bdV581uDNgScLjKXewr1zXJSsz4vr7E7B","swaps":[{"swap_id":"16713","objkt_id":"16156","amount":"9","xtz_per_objkt":"4000000"}],"token_id":"16713","token_info":{"name":"Dead Freedom","description":"This Art shows how little by little our freedom is dying, and 1 by 1, countries are being dominated by Chinese imperialism, which uses liberals to take away our freedom. ","tags":["Dead","Freedom","free","china","EUA","lockdown","guettus","artesdoguetto"],"symbol":"OBJKT","artifactUri":"ipfs://QmWq1EyKHVB9a6ABfXDLa88CRfAVo9UfhnossDTgdVo7LV","displayUri":"","creators":["tz1bdV581uDNgScLjKXewr1zXJSsz4vr7E7B"],"formats":[{"uri":"ipfs://QmWq1EyKHVB9a6ABfXDLa88CRfAVo9UfhnossDTgdVo7LV","mimeType":"image/png"}],"thumbnailUri":"ipfs://QmNrhZHUaEqxhyLfqoq1mtHSipkWHeT31LNHb1QEbDHgnc","decimals":0,"isBooleanAmount":false,"shouldPreferSymbol":false}}