{"objectId":"541","ipfsHash":"Qmf9ipFsSk6W2Y9oBjZkhdJtyKBGuCkPDh2jL8ytzjvGW7","minter":"tz1S9jjXvyFCvP13T6no1Y79p9HiM9rPFdzP","swaps":[{"swap_id":"541","objkt_id":"726","amount":"1","xtz_per_objkt":"20000000"}],"token_id":"541","token_info":{"name":"Pendulum-2","description":"Static pendulum glsl","tags":[],"symbol":"OBJKT","artifactUri":"ipfs://Qmf42qwN3j3sEQp6kkCBB8urCndhAmTtMZrBzSJ4reQwvk","creators":["tz1S9jjXvyFCvP13T6no1Y79p9HiM9rPFdzP"],"formats":[{"uri":"ipfs://Qmf42qwN3j3sEQp6kkCBB8urCndhAmTtMZrBzSJ4reQwvk","mimeType":"image/png"}],"thumbnailUri":"ipfs://QmNrhZHUaEqxhyLfqoq1mtHSipkWHeT31LNHb1QEbDHgnc","decimals":0,"isBooleanAmount":false,"shouldPreferSymbol":false}}