{"objectId":"12316","ipfsHash":"Qmb8rEpmCMFjrSqkcMLx4YV5AWctWQCEg1j52NGQdVAvsb","minter":"tz1She4SQvRuhLZcjDzqL2fkaYAVaWdVNK5T","swaps":[{"swap_id":"12316","objkt_id":"12319","amount":"4","xtz_per_objkt":"3000000"}],"token_id":"12316","token_info":{"name":"the dark ones","description":"a bird a ghost and a man walk into a bar","tags":["#art#syskak#nftart"],"symbol":"OBJKT","artifactUri":"ipfs://QmfUaWo6Y9Mo2jsZRkMdZXcbWqRvvkK7Pc8DGv2Y9UMsCa","creators":["tz1She4SQvRuhLZcjDzqL2fkaYAVaWdVNK5T"],"formats":[{"uri":"ipfs://QmfUaWo6Y9Mo2jsZRkMdZXcbWqRvvkK7Pc8DGv2Y9UMsCa","mimeType":"image/jpeg"}],"thumbnailUri":"ipfs://QmNrhZHUaEqxhyLfqoq1mtHSipkWHeT31LNHb1QEbDHgnc","decimals":0,"isBooleanAmount":false,"shouldPreferSymbol":false}}