{"objectId":"15646","ipfsHash":"QmbueA5TrvLDkMTjird4wtJbU2kdmQHNNUe7PSgfuoXEDk","minter":"tz1bs9UyrtMS7iuFR4pmvmgjqE7cqCN8N8Xm","swaps":[],"token_id":"15646","token_info":{"name":"Noisy Cubism","description":"@pupilevil : 3d Exploration for a live show -- Circa 2015 -- My contribution to #OBJKT4OBJKT 100/100 = 0 tez","tags":["evilpupil","art","cyberpunks","cleannfts"],"symbol":"OBJKT","artifactUri":"ipfs://QmQA2hTggd8oVS4AFjby9EzDQbJNxkkQxEVynkxmtnncm9","displayUri":"","creators":["tz1bs9UyrtMS7iuFR4pmvmgjqE7cqCN8N8Xm"],"formats":[{"uri":"ipfs://QmQA2hTggd8oVS4AFjby9EzDQbJNxkkQxEVynkxmtnncm9","mimeType":"image/png"}],"thumbnailUri":"ipfs://QmNrhZHUaEqxhyLfqoq1mtHSipkWHeT31LNHb1QEbDHgnc","decimals":0,"isBooleanAmount":false,"shouldPreferSymbol":false}}