{"objectId":"6506","ipfsHash":"QmTN8wtRYQHS2TSa86WQVPtpeBWAd1Je5VW4cvFgHi4phr","minter":"tz1WJpBDRGfa21un4yQDKTGXZw561nsGg7Qe","swaps":[],"token_id":"6506","token_info":{"name":"stikla","description":"My friend julijana posed for some pictures and I made this drawing in illustrator from some of them. https://twitter.com/spike_0124 https://www.behance.net/scott_x ","tags":["line.art","black.and.white","illustration","sexy","woman","fishnets","high.heels","lines","vector.illustration","photography","fantasy","feet","fetish"],"symbol":"OBJKT","artifactUri":"ipfs://QmeZJ6Fg4tyPjgiWVZwbJ2jCnvDH1MocsHKf89TaNJvnir","creators":["tz1WJpBDRGfa21un4yQDKTGXZw561nsGg7Qe"],"formats":[{"uri":"ipfs://QmeZJ6Fg4tyPjgiWVZwbJ2jCnvDH1MocsHKf89TaNJvnir","mimeType":"image/jpeg"}],"thumbnailUri":"ipfs://QmNrhZHUaEqxhyLfqoq1mtHSipkWHeT31LNHb1QEbDHgnc","decimals":0,"isBooleanAmount":false,"shouldPreferSymbol":false}}