{"objectId":"12479","ipfsHash":"QmeBmMZT9jggHqbu39DhiyWZfUJMG5ePCvGWD43nLc3i4G","minter":"tz1gbV6qJBCA9WTBoJfzuZCsAcRdVjdk31Cs","swaps":[{"swap_id":"12479","objkt_id":"9778","amount":"10","xtz_per_objkt":"10000000"}],"token_id":"12479","token_info":{"name":"Soft Shader","description":"My first live GLSL Shader NFT - twiter: @derek_morash ig: gammastop","tags":["glsl","shader","creativecoding","generative"],"symbol":"OBJKT","artifactUri":"ipfs://QmT9g4VUYATPxhZ8gkobSnYAbvv9h5xCyqKTpWQog41Yju","displayUri":"ipfs://QmapJ7bkRxj7hobmQiwqKQPQSzWfDwdb353P9m35YkANyd","creators":["tz1gbV6qJBCA9WTBoJfzuZCsAcRdVjdk31Cs"],"formats":[{"uri":"ipfs://QmT9g4VUYATPxhZ8gkobSnYAbvv9h5xCyqKTpWQog41Yju","mimeType":"application/x-directory"}],"thumbnailUri":"ipfs://QmNrhZHUaEqxhyLfqoq1mtHSipkWHeT31LNHb1QEbDHgnc","decimals":0,"isBooleanAmount":false,"shouldPreferSymbol":false}}