{"result":{"objectId":27672,"ipfsHash":"QmULoXfWuyJxyZUayURFenjQAUC3d8dEndXhDkGbEujZZf","swaps":[],"token_id":27672,"total_amount":"1","owners":{"tz1hhG3vN2NCoPZepvEbKHBFQ5denwNJwHXP":"1"},"token_info":{"name":"Broken Cheree","description":"uncanny valley drainage ditch","tags":[""],"symbol":"OBJKT","artifactUri":"ipfs://QmTT8qS638gSTphWUk2GJSB5VVWBYRXjrBdaa25dsTj9vy","displayUri":"","creators":["tz1RZRMCNQUy6HZTD87rP95YbiHL1uMQvEph"],"formats":[{"uri":"ipfs://QmTT8qS638gSTphWUk2GJSB5VVWBYRXjrBdaa25dsTj9vy","mimeType":"model/gltf-binary"}],"thumbnailUri":"ipfs://QmNrhZHUaEqxhyLfqoq1mtHSipkWHeT31LNHb1QEbDHgnc","decimals":0,"isBooleanAmount":false,"shouldPreferSymbol":false}}}