{"objectId":"900","ipfsHash":"Qme2XfgWg6yxuBLrNHHzKBLA6oH5AMP4drrT13dnCSzsuT","minter":"tz1ScnxV6dRwQ3rDM8eTs6Gn7isnHHx4bk1r","swaps":[{"swap_id":"900","objkt_id":"1078","amount":"2","xtz_per_objkt":"85000000"}],"token_id":"900","token_info":{"name":"Vector Field 001","description":"2160 × 2160 / Field formula: x / cos(x) / z / author Maks Surguy","tags":[],"symbol":"OBJKT","artifactUri":"ipfs://QmWtftCCVv8crCQnyfYWGtAfAxCTVrDiCg364RyY8yPGaG","creators":["tz1ScnxV6dRwQ3rDM8eTs6Gn7isnHHx4bk1r"],"formats":[{"uri":"ipfs://QmWtftCCVv8crCQnyfYWGtAfAxCTVrDiCg364RyY8yPGaG","mimeType":"image/png"}],"thumbnailUri":"ipfs://QmNrhZHUaEqxhyLfqoq1mtHSipkWHeT31LNHb1QEbDHgnc","decimals":0,"isBooleanAmount":false,"shouldPreferSymbol":false}}