{"objectId":"11828","ipfsHash":"QmUV6NRG7K71T7629aBiadk1Lw2ALNc342TxtqZL7eeSeM","minter":"tz1N9ZZQvkoWpRsT3qFQZWKJE2MGScH9vQ3D","swaps":[{"swap_id":"11828","objkt_id":"11832","amount":"200","xtz_per_objkt":"600000"}],"token_id":"11828","token_info":{"name":"Ebony beauty 2021","description":"oil on canvas, Art by NumerosArtisticos","tags":["arte","digital"],"symbol":"OBJKT","artifactUri":"ipfs://QmUBa1MZwxY2m4YNuN2a9oG5FRZZFkwTDEggQKP1xpBC2V","creators":["tz1N9ZZQvkoWpRsT3qFQZWKJE2MGScH9vQ3D"],"formats":[{"uri":"ipfs://QmUBa1MZwxY2m4YNuN2a9oG5FRZZFkwTDEggQKP1xpBC2V","mimeType":"image/jpeg"}],"thumbnailUri":"ipfs://QmNrhZHUaEqxhyLfqoq1mtHSipkWHeT31LNHb1QEbDHgnc","decimals":0,"isBooleanAmount":false,"shouldPreferSymbol":false}}