{"result":{"objectId":25835,"ipfsHash":"QmQtEgPnTtVQu19Fj45YqugfrgCqWDjDgQgQ63MxdgZTtq","swaps":[{"swap_id":"37904","issuer":"tz1PmkivtHWNkvh8nFdhLJdXnc49TKMiz8i4","objkt_amount":"1","xtz_per_objkt":"44000000"}],"token_id":25835,"total_amount":10,"owners":{"KT1Hkg5qeNhfwpKW4fXvq7HGZB9z2EnmCCA9":"1","tz1MfKH6HPZDrtU2dUdL2ufxCmokd3b8otvU":"1","tz1SZvpWsWW45i1MWZEP3EryKH5jm8Jj77qm":"1","tz1VjvECUeZ9ctnTgKmvAFi4x3wzXdHvZo9Z":"2","tz1Wn4Wc6d6jieFpj2DJaNEC7HXcwKexW2By":"1","tz1cd8cN3qrphyJ3n337tcbCP2G5QkMP271b":"1","tz1fB4hPBy8oQyutbmSAHAiUQcugMbrFHstu":"1","tz1fyLpa8q92TBFuqb9amtpiPbN5TAYBGpTR":"2"},"token_info":{"name":"grave","description":"outcome not good | 480x480 GIF | TW/IG @_desultor_","tags":["blackandwhite","animated","gif","desultor"],"symbol":"OBJKT","artifactUri":"ipfs://QmQpW6oVBG5MjQYvHncJirnhaoZNercZMoiCRVi3MF7EcU","displayUri":"","creators":["tz1fB4hPBy8oQyutbmSAHAiUQcugMbrFHstu"],"formats":[{"uri":"ipfs://QmQpW6oVBG5MjQYvHncJirnhaoZNercZMoiCRVi3MF7EcU","mimeType":"image/gif"}],"thumbnailUri":"ipfs://QmNrhZHUaEqxhyLfqoq1mtHSipkWHeT31LNHb1QEbDHgnc","decimals":0,"isBooleanAmount":false,"shouldPreferSymbol":false}}}