{"objectId":"16744","ipfsHash":"QmcYwspdnDQwuRprDeNPRLvc1VYx5Kj2GVhKEeQJ2UM8nT","minter":"tz1bdV581uDNgScLjKXewr1zXJSsz4vr7E7B","swaps":[],"token_id":"16744","token_info":{"name":"Different","description":"I made this Art on 13 December 2004. Called \"Different\" shows the difference in similarities, because in each quadrant the shape has variations, in size, color, contrast, texture, showing the beauty of diversity.","tags":["abtract","different","guettus","artesdoguetto","collor","digitalart","nftart"],"symbol":"OBJKT","artifactUri":"ipfs://QmfH7RxVahZ8wsFAwFbtUfkXd9J9VKcdZ3SKrR1nT4wiC9","displayUri":"","creators":["tz1bdV581uDNgScLjKXewr1zXJSsz4vr7E7B"],"formats":[{"uri":"ipfs://QmfH7RxVahZ8wsFAwFbtUfkXd9J9VKcdZ3SKrR1nT4wiC9","mimeType":"image/jpeg"}],"thumbnailUri":"ipfs://QmNrhZHUaEqxhyLfqoq1mtHSipkWHeT31LNHb1QEbDHgnc","decimals":0,"isBooleanAmount":false,"shouldPreferSymbol":false}}