{"objectId":"11039","ipfsHash":"QmVE75dZHvLdKoPzHZmtJhaPM621JvepY5kqybvP9oq5b9","minter":"tz1KyMb5TpWm3ED8WUbt5xDHVBkDhiQbKk1W","swaps":[{"swap_id":"11039","objkt_id":"11011","amount":"9","xtz_per_objkt":"5000000"}],"token_id":"11039","token_info":{"name":"CAT 'FARMER'","description":"I grow a very perky weed!","tags":["PIXELART","CAT","FARMER","KONOGATARI"],"symbol":"OBJKT","artifactUri":"ipfs://QmfT3vU7ShrgEWNSwqgHmVaj5msRM5rM3rYPur9UrTjVFF","creators":["tz1KyMb5TpWm3ED8WUbt5xDHVBkDhiQbKk1W"],"formats":[{"uri":"ipfs://QmfT3vU7ShrgEWNSwqgHmVaj5msRM5rM3rYPur9UrTjVFF","mimeType":"image/png"}],"thumbnailUri":"ipfs://QmNrhZHUaEqxhyLfqoq1mtHSipkWHeT31LNHb1QEbDHgnc","decimals":0,"isBooleanAmount":false,"shouldPreferSymbol":false}}