{"result":{"objectId":29142,"ipfsHash":"QmQDHiqkPPotXyQ9D8ifg9gXxykoEf7L6c9aoYsW4HRXLS","swaps":[{"swap_id":"38934","issuer":"tz1ZTiGoGivZ7mKU2QoDcH6sRWR5o9FF2GvG","objkt_amount":"1","xtz_per_objkt":"2000000"}],"token_id":29142,"total_amount":2,"owners":{"KT1Hkg5qeNhfwpKW4fXvq7HGZB9z2EnmCCA9":"1","tz1aVgxdSRcHZZK9BSmEPHjMA6eM7dsiboN5":"1"},"token_info":{"name":"Sea","description":"The creatures that live in the depths of the digital ocean. Made by @colinreid.me","tags":["generative","creativecoding","touchdesigner","machinelearning"],"symbol":"OBJKT","artifactUri":"ipfs://QmaQTFN2pSZgLg1XLo21hCivn5FzguZiVjr29gwF8Lm1BJ","displayUri":"","thumbnailUri":"ipfs://QmNrhZHUaEqxhyLfqoq1mtHSipkWHeT31LNHb1QEbDHgnc","creators":["tz1ZTiGoGivZ7mKU2QoDcH6sRWR5o9FF2GvG"],"formats":[{"uri":"ipfs://QmaQTFN2pSZgLg1XLo21hCivn5FzguZiVjr29gwF8Lm1BJ","mimeType":"image/jpeg"}],"decimals":0,"isBooleanAmount":false,"shouldPreferSymbol":false}}}