{"objectId":"14846","ipfsHash":"QmVnq1V6S1wXCNQ6yRf4SmtRZVJVGP8nqGS6jyH2SkM22y","minter":"tz1ZwNraeT5uqvvd9kfcFwy2nwpWzoGUByUM","swaps":[{"swap_id":"14846","objkt_id":"14618","amount":"33","xtz_per_objkt":"500000"}],"token_id":"14846","token_info":{"name":"see ya later","description":"hand-illustrated seahorse(ish) creature, flushed into the digital void.","tags":["psychedelic","trippy","cute","creature"],"symbol":"OBJKT","artifactUri":"ipfs://QmP8X8yNikMhyHA3qzbYSo38zThe6quQoSTMa73FnhEeRj","displayUri":null,"creators":["tz1ZwNraeT5uqvvd9kfcFwy2nwpWzoGUByUM"],"formats":[{"uri":"ipfs://QmP8X8yNikMhyHA3qzbYSo38zThe6quQoSTMa73FnhEeRj","mimeType":"image/jpeg"}],"thumbnailUri":"ipfs://QmNrhZHUaEqxhyLfqoq1mtHSipkWHeT31LNHb1QEbDHgnc","decimals":0,"isBooleanAmount":false,"shouldPreferSymbol":false}}