{"objectId":"14811","ipfsHash":"QmYRgjL8UqXYneimVbBMbupYTM95aP2DT6pkQar2kwpw91","minter":"tz1Sy9gJjqzDqb8yXmnu3niPtExyhHhfPxn1","swaps":[],"token_id":"14811","token_info":{"name":"Rainbow Riot $100K BTC Dogo","description":"$100K BTC Dogo is back, this time in a riot of color. Laser eyes are still as deadly as ever. @fotokopid","tags":["Cryptocurrency","Meme","Dog","Doge","Cartoon","Comic","Laser","Colorful"],"symbol":"OBJKT","artifactUri":"ipfs://QmXurHboGZXex1erJKpFdPYbBLVVa6CgBp5c711QjsoFgy","displayUri":null,"creators":["tz1Sy9gJjqzDqb8yXmnu3niPtExyhHhfPxn1"],"formats":[{"uri":"ipfs://QmXurHboGZXex1erJKpFdPYbBLVVa6CgBp5c711QjsoFgy","mimeType":"image/jpeg"}],"thumbnailUri":"ipfs://QmNrhZHUaEqxhyLfqoq1mtHSipkWHeT31LNHb1QEbDHgnc","decimals":0,"isBooleanAmount":false,"shouldPreferSymbol":false}}