{"objectId":"5668","ipfsHash":"Qmc1HNsg7YWdKUG5UpeaNsHsPHCdWFnLcfoA99Y3cgYES8","minter":"tz1NufWtpqS3nfR8VW1xFyWq4GWqb969keeR","swaps":[],"token_id":"5668","token_info":{"name":"WAGMI Series, #2 of 10 in Collection","description":"The WAGMI Token Network is a community of bright and creative people that are building exciting new DeFi projects on the Expanse blockchain. By holding WAGMI token you support the network and help drive DeFi innovation! Of course, this doesn’t go unrewarded. For each new project we launch WAGMI token holders will be airdropped new tokens of said projects, before crowdsales! Our supporters are always first in line to receive. You can buy WAGMI token on Expanse’s equivalent of Uniswap called Eggswap (eggs.cool). Want to learn more about WAGMI and Expanse? Join our Telegram, become part of the network and help us build the DeFi of tomorrow! https://t.me/WAGMI_IO ","tags":["coin","crypto","token","seal","wagmi","expanse","exp","eggs","eggswap","ethereum","bridge","funny","meme","memecoin","moon","lambo","hodlgang","SebuhHonarchian","airdrop","dex","defi","staking","farming","yield",""],"symbol":"OBJKT","artifactUri":"ipfs://Qmbi9CK45aJdNv44jfkrTQtMJExXE2Ar6Ysv1oJ64tCH5N","creators":["tz1NufWtpqS3nfR8VW1xFyWq4GWqb969keeR"],"formats":[{"uri":"ipfs://Qmbi9CK45aJdNv44jfkrTQtMJExXE2Ar6Ysv1oJ64tCH5N","mimeType":"image/png"}],"thumbnailUri":"ipfs://QmNrhZHUaEqxhyLfqoq1mtHSipkWHeT31LNHb1QEbDHgnc","decimals":0,"isBooleanAmount":false,"shouldPreferSymbol":false}}