{"result":{"objectId":29841,"ipfsHash":"QmSPCVmh3EJbtconoWLqFh6XRUZrxRsKrcPtJ7YNwMzzUK","swaps":[{"swap_id":"40294","issuer":"tz1ihd1ZfA2SqbK8DGxQsjnH6HBVFUThtTWX","objkt_amount":"1","xtz_per_objkt":"25000000"}],"token_id":29841,"total_amount":"1","owners":{"KT1Hkg5qeNhfwpKW4fXvq7HGZB9z2EnmCCA9":"1"},"token_info":{"name":"David","description":"Antiquities Series   ∣   4096px²   ∣   @jcjcj16972266","tags":["3d","art","rendering","color","shader","lines","artificial","collection","series","sculpture","vibrant","classic"],"symbol":"OBJKT","artifactUri":"ipfs://QmZDb4uajMiBGoGMvCTiUYokU7xKYcqR94BLjMKSjqNCV6","displayUri":"","creators":["tz1ihd1ZfA2SqbK8DGxQsjnH6HBVFUThtTWX"],"formats":[{"uri":"ipfs://QmZDb4uajMiBGoGMvCTiUYokU7xKYcqR94BLjMKSjqNCV6","mimeType":"image/jpeg"}],"thumbnailUri":"ipfs://QmNrhZHUaEqxhyLfqoq1mtHSipkWHeT31LNHb1QEbDHgnc","decimals":0,"isBooleanAmount":false,"shouldPreferSymbol":false}}}