{"objectId":"1739","ipfsHash":"Qme4itKNnLKwtU9kRn24pEJ3nyHAycLqYoMtRaBBAAsspt","minter":"tz1Tk1MJDZ96bK85RLAqtKfnptZZyXsJ2jaq","swaps":[],"token_id":"1739","token_info":{"name":"Electric discharge","description":"Seamless abstract animation (1280x1280 60fps 10 sec). Artist - exsstas","tags":[],"symbol":"OBJKT","artifactUri":"ipfs://QmQzMVYW6HArVUTpp5BwnnrgfTY49nXYUPZL9vuQjiEEd5","creators":["tz1Tk1MJDZ96bK85RLAqtKfnptZZyXsJ2jaq"],"formats":[{"uri":"ipfs://QmQzMVYW6HArVUTpp5BwnnrgfTY49nXYUPZL9vuQjiEEd5","mimeType":"video/mp4"}],"thumbnailUri":"ipfs://QmNrhZHUaEqxhyLfqoq1mtHSipkWHeT31LNHb1QEbDHgnc","decimals":0,"isBooleanAmount":false,"shouldPreferSymbol":false}}