{"result":{"objectId":28180,"ipfsHash":"Qmd2p2Qxquj2o6UhMYYkD1YWvgvgmRrHYLAiPfFUr6gFK9","swaps":[],"token_id":28180,"total_amount":"30","owners":{"tz1burnburnburnburnburnburnburjAYjjX":"30"},"token_info":{"name":"The lovers","description":"The lovers tarot card ☀ acrylic painting by Terra Assunção ☀ Edited on Adobe Photoshop CS6, 2,38 MB, gltf extension . Art piece inspired on tarot oracle. @terra_assuncao  Os enamorados ☀ Pintura acrílica por Terra Assunção ☀ Editado no Adobe Photoshop C6, arquivo gtlf, 2, 38 MB. ☀ Arte inspirada na oráculo tarot ☀  ","tags":["painting","tarot","oracle","oráculo","criptoartebrasil","brasil","thelovers","osenamorados","colours."],"symbol":"OBJKT","artifactUri":"ipfs://QmdjcE6NqhzMcQ2DF9drcN7FY2YTk2db3cYDoDkE9wUSu1","displayUri":"","thumbnailUri":"ipfs://QmNrhZHUaEqxhyLfqoq1mtHSipkWHeT31LNHb1QEbDHgnc","creators":["tz1Ki1EqqFDbR5a263E7qZcBZoNDxq6TV5AC"],"formats":[{"uri":"ipfs://QmdjcE6NqhzMcQ2DF9drcN7FY2YTk2db3cYDoDkE9wUSu1","mimeType":"model/gltf-binary"}],"decimals":0,"isBooleanAmount":false,"shouldPreferSymbol":false}}}