{"objectId":"10690","ipfsHash":"QmWZpBabqq4BqLbA6PbrkQUQekZ4vrukGx13QLqrobC4gU","minter":"tz1epYenxp8cC6CFmnrWFxD64yVSHtjt9jxG","swaps":[{"swap_id":"10690","objkt_id":"10658","amount":"19","xtz_per_objkt":"100000"}],"token_id":"10690","token_info":{"name":"Home sick","description":"Torn by my homes. IG: @chick_flick_unlimited (https://tinyurl.com/2wc4hf2t)","tags":["Homesick","pink","love","sunset","window","chickflickunlimited","karinashor"],"symbol":"OBJKT","artifactUri":"ipfs://QmZRptqMTdGauUXuwYm9ugb7n5zKDH8Dz1KuSTYwidN1XC","creators":["tz1epYenxp8cC6CFmnrWFxD64yVSHtjt9jxG"],"formats":[{"uri":"ipfs://QmZRptqMTdGauUXuwYm9ugb7n5zKDH8Dz1KuSTYwidN1XC","mimeType":"image/jpeg"}],"thumbnailUri":"ipfs://QmNrhZHUaEqxhyLfqoq1mtHSipkWHeT31LNHb1QEbDHgnc","decimals":0,"isBooleanAmount":false,"shouldPreferSymbol":false}}