{"result":{"objectId":29904,"ipfsHash":"Qme36cw1Vvo57KPZ3P2u2tTfBdw9KUeSPVYafnepZ7smoB","swaps":[{"swap_id":"40477","issuer":"tz1bUsfFHyKbpYKcxyucxrwNAfxLXLo4sgxM","objkt_amount":"5","xtz_per_objkt":"1500000"}],"token_id":29904,"total_amount":10,"owners":{"KT1Hkg5qeNhfwpKW4fXvq7HGZB9z2EnmCCA9":"5","tz1LaN1QJGrmPcuAfLvncTLJ3iRzphHpjugu":"2","tz1PtX6uXu9YC4osVFgWb3VuWmBdwmAVhUM6":"1","tz1bvHicmPajFP7HvTgePjGAH4WLn6roktoS":"1","tz1bxe2Tp3EqWZqZX5Kvmg9MxTmX8LBiUchk":"1"},"token_info":{"name":"Golden Man - X axis","description":"First piece of the serie Glitched Human. Physical deformation along X axis","tags":["3D","gold","sculpture","zaxis","glitch"],"symbol":"OBJKT","artifactUri":"ipfs://QmdYSP9JFAo7D5WxoPUeXC59iNfBxLGKrGJknakGiDLkoU","displayUri":"","thumbnailUri":"ipfs://QmNrhZHUaEqxhyLfqoq1mtHSipkWHeT31LNHb1QEbDHgnc","creators":["tz1bUsfFHyKbpYKcxyucxrwNAfxLXLo4sgxM"],"formats":[{"uri":"ipfs://QmdYSP9JFAo7D5WxoPUeXC59iNfBxLGKrGJknakGiDLkoU","mimeType":"image/png"}],"decimals":0,"isBooleanAmount":false,"shouldPreferSymbol":false}}}